codigo_ine;Provincias;Grupo penal;periodo;Total_Hechos;Poblacion_Provincial;CCAA;Tasa_Criminalidad;Peso_Tipologia
02;albacete;acceso__e_interceptacion_ilicita;2022;57;387529;Castilla-La Mancha;0.1471;1.7230955259975818
02;albacete;acceso__e_interceptacion_ilicita;2023;47;389070;Castilla-La Mancha;0.1208;1.299778761061947
02;albacete;acceso__e_interceptacion_ilicita;2024;84;390751;Castilla-La Mancha;0.215;2.405498281786942
02;albacete;amenazas_y_coacciones;2022;144;387529;Castilla-La Mancha;0.3716;4.353083434099154
02;albacete;amenazas_y_coacciones;2023;158;389070;Castilla-La Mancha;0.4061;4.369469026548672
02;albacete;amenazas_y_coacciones;2024;151;390751;Castilla-La Mancha;0.3864;4.324169530355097
02;albacete;contra_el_honor;2022;15;387529;Castilla-La Mancha;0.0387;0.4534461910519952
02;albacete;contra_el_honor;2023;16;389070;Castilla-La Mancha;0.0411;0.4424778761061947
02;albacete;contra_el_honor;2024;17;390751;Castilla-La Mancha;0.0435;0.4868270332187858
02;albacete;contra_la_propiedad_industrial/intelectual;2022;5;387529;Castilla-La Mancha;0.0129;0.15114873035066506
02;albacete;contra_la_propiedad_industrial/intelectual;2023;3;389070;Castilla-La Mancha;0.0077;0.08296460176991151
02;albacete;contra_la_propiedad_industrial/intelectual;2024;9;390751;Castilla-La Mancha;0.023;0.25773195876288657
02;albacete;delitos_sexuales;2022;16;387529;Castilla-La Mancha;0.0413;0.48367593712212814
02;albacete;delitos_sexuales;2023;16;389070;Castilla-La Mancha;0.0411;0.4424778761061947
02;albacete;delitos_sexuales;2024;12;390751;Castilla-La Mancha;0.0307;0.3436426116838488
02;albacete;falsificacion_informatica;2022;78;387529;Castilla-La Mancha;0.2013;2.357920193470375
02;albacete;falsificacion_informatica;2023;111;389070;Castilla-La Mancha;0.2853;3.0696902654867255
02;albacete;falsificacion_informatica;2024;143;390751;Castilla-La Mancha;0.366;4.095074455899198
02;albacete;interferencia_en_los_datos_y_en_el_sistema;2022;27;387529;Castilla-La Mancha;0.0697;0.8162031438935914
02;albacete;interferencia_en_los_datos_y_en_el_sistema;2023;36;389070;Castilla-La Mancha;0.0925;0.995575221238938
02;albacete;interferencia_en_los_datos_y_en_el_sistema;2024;64;390751;Castilla-La Mancha;0.1638;1.8327605956471937
03;alicante;acceso__e_interceptacion_ilicita;2022;198;1955268;C. Valenciana;0.1013;1.51434034416826
03;alicante;acceso__e_interceptacion_ilicita;2023;318;1993289;C. Valenciana;0.1595;1.7755443886097153
03;alicante;acceso__e_interceptacion_ilicita;2024;405;2033566;C. Valenciana;0.1992;2.2609278177859653
03;alicante;amenazas_y_coacciones;2022;713;1955268;C. Valenciana;0.3647;5.453154875717018
03;alicante;amenazas_y_coacciones;2023;853;1993289;C. Valenciana;0.4279;4.762702400893356
03;alicante;amenazas_y_coacciones;2024;890;2033566;C. Valenciana;0.4377;4.96845866130743
03;alicante;contra_el_honor;2022;45;1955268;C. Valenciana;0.023;0.3441682600382409
03;alicante;contra_el_honor;2023;41;1993289;C. Valenciana;0.0206;0.22892238972640985
03;alicante;contra_el_honor;2024;38;2033566;C. Valenciana;0.0187;0.2121364372243622
03;alicante;contra_la_propiedad_industrial/intelectual;2022;7;1955268;C. Valenciana;0.0036;0.05353728489483748
03;alicante;contra_la_propiedad_industrial/intelectual;2023;10;1993289;C. Valenciana;0.005;0.05583472920156338
03;alicante;contra_la_propiedad_industrial/intelectual;2024;20;2033566;C. Valenciana;0.0098;0.11165075643387483
03;alicante;delitos_sexuales;2022;95;1955268;C. Valenciana;0.0486;0.7265774378585086
03;alicante;delitos_sexuales;2023;84;1993289;C. Valenciana;0.0421;0.46901172529313234
03;alicante;delitos_sexuales;2024;85;2033566;C. Valenciana;0.0418;0.47451571484396804
03;alicante;falsificacion_informatica;2022;628;1955268;C. Valenciana;0.3212;4.803059273422562
03;alicante;falsificacion_informatica;2023;763;1993289;C. Valenciana;0.3828;4.2601898380792855
03;alicante;falsificacion_informatica;2024;945;2033566;C. Valenciana;0.4647;5.275498241500586
03;alicante;interferencia_en_los_datos_y_en_el_sistema;2022;109;1955268;C. Valenciana;0.0557;0.8336520076481835
03;alicante;interferencia_en_los_datos_y_en_el_sistema;2023;52;1993289;C. Valenciana;0.0261;0.29034059184812955
03;alicante;interferencia_en_los_datos_y_en_el_sistema;2024;46;2033566;C. Valenciana;0.0226;0.2567967397979121
04;almeria;acceso__e_interceptacion_ilicita;2022;39;753364;Andalucía;0.0518;1.119724375538329
04;almeria;acceso__e_interceptacion_ilicita;2023;87;760964;Andalucía;0.1143;1.7480409885473176
04;almeria;acceso__e_interceptacion_ilicita;2024;140;770554;Andalucía;0.1817;2.363268062120189
04;almeria;amenazas_y_coacciones;2022;207;753364;Andalucía;0.2748;5.943152454780361
04;almeria;amenazas_y_coacciones;2023;243;760964;Andalucía;0.3193;4.882459312839059
04;almeria;amenazas_y_coacciones;2024;284;770554;Andalucía;0.3686;4.794058068872384
04;almeria;contra_el_honor;2022;11;753364;Andalucía;0.0146;0.3158196956646569
04;almeria;contra_el_honor;2023;8;760964;Andalucía;0.0105;0.16073940124573036
04;almeria;contra_el_honor;2024;19;770554;Andalucía;0.0247;0.32072923700202566
04;almeria;contra_la_propiedad_industrial/intelectual;2022;0;753364;Andalucía;0.0;0.0
04;almeria;contra_la_propiedad_industrial/intelectual;2023;1;760964;Andalucía;0.0013;0.020092425155716295
04;almeria;contra_la_propiedad_industrial/intelectual;2024;3;770554;Andalucía;0.0039;0.05064145847400405
04;almeria;delitos_sexuales;2022;48;753364;Andalucía;0.0637;1.3781223083548666
04;almeria;delitos_sexuales;2023;51;760964;Andalucía;0.067;1.024713682941531
04;almeria;delitos_sexuales;2024;25;770554;Andalucía;0.0324;0.4220121539500338
04;almeria;falsificacion_informatica;2022;127;753364;Andalucía;0.1686;3.646281940855584
04;almeria;falsificacion_informatica;2023;155;760964;Andalucía;0.2037;3.1143258991360256
04;almeria;falsificacion_informatica;2024;214;770554;Andalucía;0.2777;3.6124240378122887
04;almeria;interferencia_en_los_datos_y_en_el_sistema;2022;10;753364;Andalucía;0.0133;0.2871088142405972
04;almeria;interferencia_en_los_datos_y_en_el_sistema;2023;18;760964;Andalucía;0.0237;0.3616636528028933
04;almeria;interferencia_en_los_datos_y_en_el_sistema;2024;13;770554;Andalucía;0.0169;0.21944632005401754
01;araba;acceso__e_interceptacion_ilicita;2022;38;336308;País Vasco;0.113;1.0671159786576805
01;araba;acceso__e_interceptacion_ilicita;2023;49;338594;País Vasco;0.1447;1.053084031807436
01;araba;acceso__e_interceptacion_ilicita;2024;32;341961;País Vasco;0.0936;0.7207207207207207
01;araba;amenazas_y_coacciones;2022;116;336308;País Vasco;0.3449;3.257511934849761
01;araba;amenazas_y_coacciones;2023;232;338594;País Vasco;0.6852;4.986030517945412
01;araba;amenazas_y_coacciones;2024;236;341961;País Vasco;0.6901;5.315315315315315
01;araba;contra_el_honor;2022;1;336308;País Vasco;0.003;0.02808199943836001
01;araba;contra_el_honor;2023;0;338594;País Vasco;0.0;0.0
01;araba;contra_el_honor;2024;0;341961;País Vasco;0.0;0.0
01;araba;contra_la_propiedad_industrial/intelectual;2022;0;336308;País Vasco;0.0;0.0
01;araba;contra_la_propiedad_industrial/intelectual;2023;2;338594;País Vasco;0.0059;0.04298302170642596
01;araba;contra_la_propiedad_industrial/intelectual;2024;0;341961;País Vasco;0.0;0.0
01;araba;delitos_sexuales;2022;5;336308;País Vasco;0.0149;0.14040999719180006
01;araba;delitos_sexuales;2023;25;338594;País Vasco;0.0738;0.5372877713303246
01;araba;delitos_sexuales;2024;18;341961;País Vasco;0.0526;0.40540540540540543
01;araba;falsificacion_informatica;2022;205;336308;País Vasco;0.6096;5.756809884863802
01;araba;falsificacion_informatica;2023;201;338594;País Vasco;0.5936;4.31979368149581
01;araba;falsificacion_informatica;2024;197;341961;País Vasco;0.5761;4.436936936936937
01;araba;interferencia_en_los_datos_y_en_el_sistema;2022;10;336308;País Vasco;0.0297;0.2808199943836001
01;araba;interferencia_en_los_datos_y_en_el_sistema;2023;5;338594;País Vasco;0.0148;0.1074575542660649
01;araba;interferencia_en_los_datos_y_en_el_sistema;2024;4;341961;País Vasco;0.0117;0.09009009009009009
33;asturias;acceso__e_interceptacion_ilicita;2022;121;1006060;Asturias;0.1203;1.4135514018691588
33;asturias;acceso__e_interceptacion_ilicita;2023;143;1009599;Asturias;0.1416;1.6535615171137836
33;asturias;acceso__e_interceptacion_ilicita;2024;322;1015128;Asturias;0.3172;3.5064793640422516
33;asturias;amenazas_y_coacciones;2022;362;1006060;Asturias;0.3598;4.228971962616822
33;asturias;amenazas_y_coacciones;2023;302;1009599;Asturias;0.2991;3.4921369102682704
33;asturias;amenazas_y_coacciones;2024;328;1015128;Asturias;0.3231;3.5718174888380703
33;asturias;contra_el_honor;2022;51;1006060;Asturias;0.0507;0.5957943925233645
33;asturias;contra_el_honor;2023;27;1009599;Asturias;0.0267;0.3122109158186864
33;asturias;contra_el_honor;2024;25;1015128;Asturias;0.0246;0.27224218664924316
33;asturias;contra_la_propiedad_industrial/intelectual;2022;2;1006060;Asturias;0.002;0.023364485981308414
33;asturias;contra_la_propiedad_industrial/intelectual;2023;3;1009599;Asturias;0.003;0.03469010175763182
33;asturias;contra_la_propiedad_industrial/intelectual;2024;8;1015128;Asturias;0.0079;0.08711749972775781
33;asturias;delitos_sexuales;2022;39;1006060;Asturias;0.0388;0.45560747663551404
33;asturias;delitos_sexuales;2023;27;1009599;Asturias;0.0267;0.3122109158186864
33;asturias;delitos_sexuales;2024;27;1015128;Asturias;0.0266;0.29402156158118264
33;asturias;falsificacion_informatica;2022;281;1006060;Asturias;0.2793;3.2827102803738315
33;asturias;falsificacion_informatica;2023;213;1009599;Asturias;0.211;2.4629972247918595
33;asturias;falsificacion_informatica;2024;303;1015128;Asturias;0.2985;3.299575302188827
33;asturias;interferencia_en_los_datos_y_en_el_sistema;2022;43;1006060;Asturias;0.0427;0.5023364485981309
33;asturias;interferencia_en_los_datos_y_en_el_sistema;2023;36;1009599;Asturias;0.0357;0.4162812210915819
33;asturias;interferencia_en_los_datos_y_en_el_sistema;2024;53;1015128;Asturias;0.0522;0.5771534356963955
05;avila;acceso__e_interceptacion_ilicita;2022;7;159764;Castilla y León;0.0438;0.5747126436781609
05;avila;acceso__e_interceptacion_ilicita;2023;10;160463;Castilla y León;0.0623;0.5437737901033171
05;avila;acceso__e_interceptacion_ilicita;2024;16;160738;Castilla y León;0.0995;0.9014084507042254
05;avila;amenazas_y_coacciones;2022;48;159764;Castilla y León;0.3004;3.9408866995073892
05;avila;amenazas_y_coacciones;2023;49;160463;Castilla y León;0.3054;2.6644915715062534
05;avila;amenazas_y_coacciones;2024;45;160738;Castilla y León;0.28;2.535211267605634
05;avila;contra_el_honor;2022;4;159764;Castilla y León;0.025;0.3284072249589491
05;avila;contra_el_honor;2023;7;160463;Castilla y León;0.0436;0.38064165307232195
05;avila;contra_el_honor;2024;8;160738;Castilla y León;0.0498;0.4507042253521127
05;avila;contra_la_propiedad_industrial/intelectual;2022;0;159764;Castilla y León;0.0;0.0
05;avila;contra_la_propiedad_industrial/intelectual;2023;0;160463;Castilla y León;0.0;0.0
05;avila;contra_la_propiedad_industrial/intelectual;2024;0;160738;Castilla y León;0.0;0.0
05;avila;delitos_sexuales;2022;8;159764;Castilla y León;0.0501;0.6568144499178982
05;avila;delitos_sexuales;2023;5;160463;Castilla y León;0.0312;0.27188689505165853
05;avila;delitos_sexuales;2024;5;160738;Castilla y León;0.0311;0.28169014084507044
05;avila;falsificacion_informatica;2022;54;159764;Castilla y León;0.338;4.433497536945813
05;avila;falsificacion_informatica;2023;80;160463;Castilla y León;0.4986;4.3501903208265364
05;avila;falsificacion_informatica;2024;72;160738;Castilla y León;0.4479;4.056338028169014
05;avila;interferencia_en_los_datos_y_en_el_sistema;2022;3;159764;Castilla y León;0.0188;0.24630541871921183
05;avila;interferencia_en_los_datos_y_en_el_sistema;2023;4;160463;Castilla y León;0.0249;0.2175095160413268
05;avila;interferencia_en_los_datos_y_en_el_sistema;2024;3;160738;Castilla y León;0.0187;0.16901408450704225
06;badajoz;acceso__e_interceptacion_ilicita;2022;73;666049;Extremadura;0.1096;1.4350304698250442
06;badajoz;acceso__e_interceptacion_ilicita;2023;138;666029;Extremadura;0.2072;2.428294914657751
06;badajoz;acceso__e_interceptacion_ilicita;2024;150;665155;Extremadura;0.2255;2.60235947258848
06;badajoz;amenazas_y_coacciones;2022;249;666049;Extremadura;0.3738;4.894829958718302
06;badajoz;amenazas_y_coacciones;2023;312;666029;Extremadura;0.4684;5.490058067921872
06;badajoz;amenazas_y_coacciones;2024;360;665155;Extremadura;0.5412;6.2456627342123525
06;badajoz;contra_el_honor;2022;19;666049;Extremadura;0.0285;0.37350108118734027
06;badajoz;contra_el_honor;2023;32;666029;Extremadura;0.048;0.5630828787612177
06;badajoz;contra_el_honor;2024;41;665155;Extremadura;0.0616;0.7113115891741846
06;badajoz;contra_la_propiedad_industrial/intelectual;2022;2;666049;Extremadura;0.003;0.03931590328287793
06;badajoz;contra_la_propiedad_industrial/intelectual;2023;3;666029;Extremadura;0.0045;0.052789019883864155
06;badajoz;contra_la_propiedad_industrial/intelectual;2024;1;665155;Extremadura;0.0015;0.01734906315058987
06;badajoz;delitos_sexuales;2022;21;666049;Extremadura;0.0315;0.41281698447021825
06;badajoz;delitos_sexuales;2023;31;666029;Extremadura;0.0465;0.5454865387999297
06;badajoz;delitos_sexuales;2024;26;665155;Extremadura;0.0391;0.4510756419153366
06;badajoz;falsificacion_informatica;2022;280;666049;Extremadura;0.4204;5.50422645960291
06;badajoz;falsificacion_informatica;2023;338;666029;Extremadura;0.5075;5.947562906915362
06;badajoz;falsificacion_informatica;2024;500;665155;Extremadura;0.7517;8.674531575294935
06;badajoz;interferencia_en_los_datos_y_en_el_sistema;2022;20;666049;Extremadura;0.03;0.39315903282877923
06;badajoz;interferencia_en_los_datos_y_en_el_sistema;2023;20;666029;Extremadura;0.03;0.35192679922576103
06;badajoz;interferencia_en_los_datos_y_en_el_sistema;2024;17;665155;Extremadura;0.0256;0.29493407356002777
07;balears;acceso__e_interceptacion_ilicita;2022;240;1209906;Islas Baleares;0.1984;2.7583036432593957
07;balears;acceso__e_interceptacion_ilicita;2023;215;1231768;Islas Baleares;0.1745;1.872006965607314
07;balears;acceso__e_interceptacion_ilicita;2024;246;1249844;Islas Baleares;0.1968;1.8991739365397977
07;balears;amenazas_y_coacciones;2022;567;1209906;Islas Baleares;0.4686;6.516492357200322
07;balears;amenazas_y_coacciones;2023;573;1231768;Islas Baleares;0.4652;4.989116238572051
07;balears;amenazas_y_coacciones;2024;659;1249844;Islas Baleares;0.5273;5.087624488535474
07;balears;contra_el_honor;2022;29;1209906;Islas Baleares;0.024;0.33329502356051033
07;balears;contra_el_honor;2023;28;1231768;Islas Baleares;0.0227;0.2437962559860688
07;balears;contra_el_honor;2024;25;1249844;Islas Baleares;0.02;0.1930054813556705
07;balears;contra_la_propiedad_industrial/intelectual;2022;1;1209906;Islas Baleares;0.0008;0.011492931846914148
07;balears;contra_la_propiedad_industrial/intelectual;2023;4;1231768;Islas Baleares;0.0032;0.0348280365694384
07;balears;contra_la_propiedad_industrial/intelectual;2024;1;1249844;Islas Baleares;0.0008;0.0077202192542268205
07;balears;delitos_sexuales;2022;60;1209906;Islas Baleares;0.0496;0.6895759108148489
07;balears;delitos_sexuales;2023;60;1231768;Islas Baleares;0.0487;0.5224205485415759
07;balears;delitos_sexuales;2024;57;1249844;Islas Baleares;0.0456;0.44005249749092873
07;balears;falsificacion_informatica;2022;313;1209906;Islas Baleares;0.2587;3.597287668084128
07;balears;falsificacion_informatica;2023;258;1231768;Islas Baleares;0.2095;2.2464083587287766
07;balears;falsificacion_informatica;2024;433;1249844;Islas Baleares;0.3464;3.3428549370802134
07;balears;interferencia_en_los_datos_y_en_el_sistema;2022;39;1209906;Islas Baleares;0.0322;0.4482243420296518
07;balears;interferencia_en_los_datos_y_en_el_sistema;2023;48;1231768;Islas Baleares;0.039;0.4179364388332608
07;balears;interferencia_en_los_datos_y_en_el_sistema;2024;41;1249844;Islas Baleares;0.0328;0.3165289894232996
08;barcelona;acceso__e_interceptacion_ilicita;2022;513;5797356;Cataluña;0.0885;1.102917463934814
08;barcelona;acceso__e_interceptacion_ilicita;2023;541;5877672;Cataluña;0.092;0.984370166851653
08;barcelona;acceso__e_interceptacion_ilicita;2024;567;5959941;Cataluña;0.0951;1.0131332082551596
08;barcelona;amenazas_y_coacciones;2022;495;5797356;Cataluña;0.0854;1.0642186055511362
08;barcelona;amenazas_y_coacciones;2023;476;5877672;Cataluña;0.081;0.8661001837733584
08;barcelona;amenazas_y_coacciones;2024;636;5959941;Cataluña;0.1067;1.1364245510586974
08;barcelona;contra_el_honor;2022;9;5797356;Cataluña;0.0016;0.01934942919183884
08;barcelona;contra_el_honor;2023;8;5877672;Cataluña;0.0014;0.014556305609636274
08;barcelona;contra_el_honor;2024;14;5959941;Cataluña;0.0023;0.025015634771732333
08;barcelona;contra_la_propiedad_industrial/intelectual;2022;9;5797356;Cataluña;0.0016;0.01934942919183884
08;barcelona;contra_la_propiedad_industrial/intelectual;2023;7;5877672;Cataluña;0.0012;0.01273676740843174
08;barcelona;contra_la_propiedad_industrial/intelectual;2024;22;5959941;Cataluña;0.0037;0.03931028321272224
08;barcelona;delitos_sexuales;2022;143;5797356;Cataluña;0.0247;0.30744093049255045
08;barcelona;delitos_sexuales;2023;108;5877672;Cataluña;0.0184;0.19651012573008972
08;barcelona;delitos_sexuales;2024;142;5959941;Cataluña;0.0238;0.2537300098275708
08;barcelona;falsificacion_informatica;2022;252;5797356;Cataluña;0.0435;0.5417840173714875
08;barcelona;falsificacion_informatica;2023;254;5877672;Cataluña;0.0432;0.46216270310595176
08;barcelona;falsificacion_informatica;2024;1195;5959941;Cataluña;0.2005;2.135263110872867
08;barcelona;interferencia_en_los_datos_y_en_el_sistema;2022;71;5797356;Cataluña;0.0122;0.15264549695783974
08;barcelona;interferencia_en_los_datos_y_en_el_sistema;2023;71;5877672;Cataluña;0.0121;0.12918721228552194
08;barcelona;interferencia_en_los_datos_y_en_el_sistema;2024;57;5959941;Cataluña;0.0096;0.10184937014205307
48;bizkaia;acceso__e_interceptacion_ilicita;2022;138;1153282;País Vasco;0.1197;1.223729715349827
48;bizkaia;acceso__e_interceptacion_ilicita;2023;153;1159368;País Vasco;0.132;1.0559006211180124
48;bizkaia;acceso__e_interceptacion_ilicita;2024;162;1167233;País Vasco;0.1388;1.200533570475767
48;bizkaia;amenazas_y_coacciones;2022;447;1153282;País Vasco;0.3876;3.963820164937484
48;bizkaia;amenazas_y_coacciones;2023;648;1159368;País Vasco;0.5589;4.472049689440994
48;bizkaia;amenazas_y_coacciones;2024;646;1167233;País Vasco;0.5534;4.787312879798429
48;bizkaia;contra_el_honor;2022;3;1153282;País Vasco;0.0026;0.026602819898909287
48;bizkaia;contra_el_honor;2023;1;1159368;País Vasco;0.0009;0.006901311249137337
48;bizkaia;contra_el_honor;2024;4;1167233;País Vasco;0.0034;0.029642804209278194
48;bizkaia;contra_la_propiedad_industrial/intelectual;2022;3;1153282;País Vasco;0.0026;0.026602819898909287
48;bizkaia;contra_la_propiedad_industrial/intelectual;2023;4;1159368;País Vasco;0.0035;0.027605244996549348
48;bizkaia;contra_la_propiedad_industrial/intelectual;2024;8;1167233;País Vasco;0.0069;0.05928560841855639
48;bizkaia;delitos_sexuales;2022;37;1153282;País Vasco;0.0321;0.3281014454198812
48;bizkaia;delitos_sexuales;2023;34;1159368;País Vasco;0.0293;0.23464458247066944
48;bizkaia;delitos_sexuales;2024;35;1167233;País Vasco;0.03;0.2593745368311842
48;bizkaia;falsificacion_informatica;2022;521;1153282;País Vasco;0.4518;4.620023055777246
48;bizkaia;falsificacion_informatica;2023;578;1159368;País Vasco;0.4985;3.9889579020013803
48;bizkaia;falsificacion_informatica;2024;573;1167233;País Vasco;0.4909;4.246331702979102
48;bizkaia;interferencia_en_los_datos_y_en_el_sistema;2022;25;1153282;País Vasco;0.0217;0.22169016582424406
48;bizkaia;interferencia_en_los_datos_y_en_el_sistema;2023;11;1159368;País Vasco;0.0095;0.0759144237405107
48;bizkaia;interferencia_en_los_datos_y_en_el_sistema;2024;10;1167233;País Vasco;0.0086;0.07410701052319549
09;burgos;acceso__e_interceptacion_ilicita;2022;34;357370;Castilla y León;0.0951;1.2048192771084338
09;burgos;acceso__e_interceptacion_ilicita;2023;38;359740;Castilla y León;0.1056;1.0674157303370786
09;burgos;acceso__e_interceptacion_ilicita;2024;62;362663;Castilla y León;0.171;1.8479880774962745
09;burgos;amenazas_y_coacciones;2022;139;357370;Castilla y León;0.389;4.925584691708009
09;burgos;amenazas_y_coacciones;2023;128;359740;Castilla y León;0.3558;3.5955056179775284
09;burgos;amenazas_y_coacciones;2024;134;362663;Castilla y León;0.3695;3.994038748137109
09;burgos;contra_el_honor;2022;6;357370;Castilla y León;0.0168;0.21261516654854712
09;burgos;contra_el_honor;2023;4;359740;Castilla y León;0.0111;0.11235955056179776
09;burgos;contra_el_honor;2024;3;362663;Castilla y León;0.0083;0.08941877794336811
09;burgos;contra_la_propiedad_industrial/intelectual;2022;0;357370;Castilla y León;0.0;0.0
09;burgos;contra_la_propiedad_industrial/intelectual;2023;1;359740;Castilla y León;0.0028;0.02808988764044944
09;burgos;contra_la_propiedad_industrial/intelectual;2024;0;362663;Castilla y León;0.0;0.0
09;burgos;delitos_sexuales;2022;7;357370;Castilla y León;0.0196;0.24805102763997164
09;burgos;delitos_sexuales;2023;7;359740;Castilla y León;0.0195;0.19662921348314608
09;burgos;delitos_sexuales;2024;12;362663;Castilla y León;0.0331;0.35767511177347244
09;burgos;falsificacion_informatica;2022;115;357370;Castilla y León;0.3218;4.07512402551382
09;burgos;falsificacion_informatica;2023;156;359740;Castilla y León;0.4336;4.382022471910112
09;burgos;falsificacion_informatica;2024;129;362663;Castilla y León;0.3557;3.845007451564829
09;burgos;interferencia_en_los_datos_y_en_el_sistema;2022;16;357370;Castilla y León;0.0448;0.5669737774627923
09;burgos;interferencia_en_los_datos_y_en_el_sistema;2023;21;359740;Castilla y León;0.0584;0.5898876404494382
09;burgos;interferencia_en_los_datos_y_en_el_sistema;2024;15;362663;Castilla y León;0.0414;0.44709388971684055
10;caceres;acceso__e_interceptacion_ilicita;2022;41;388257;Extremadura;0.1056;1.6796394920114706
10;caceres;acceso__e_interceptacion_ilicita;2023;41;388652;Extremadura;0.1055;1.3073979591836735
10;caceres;acceso__e_interceptacion_ilicita;2024;83;388190;Extremadura;0.2138;2.6834788231490463
10;caceres;amenazas_y_coacciones;2022;111;388257;Extremadura;0.2859;4.547316673494469
10;caceres;amenazas_y_coacciones;2023;132;388652;Extremadura;0.3396;4.209183673469387
10;caceres;amenazas_y_coacciones;2024;158;388190;Extremadura;0.407;5.108309085030714
10;caceres;contra_el_honor;2022;24;388257;Extremadura;0.0618;0.9832036050798854
10;caceres;contra_el_honor;2023;13;388652;Extremadura;0.0334;0.4145408163265306
10;caceres;contra_el_honor;2024;30;388190;Extremadura;0.0773;0.9699321047526674
10;caceres;contra_la_propiedad_industrial/intelectual;2022;0;388257;Extremadura;0.0;0.0
10;caceres;contra_la_propiedad_industrial/intelectual;2023;0;388652;Extremadura;0.0;0.0
10;caceres;contra_la_propiedad_industrial/intelectual;2024;1;388190;Extremadura;0.0026;0.032331070158422244
10;caceres;delitos_sexuales;2022;14;388257;Extremadura;0.0361;0.5735354362965998
10;caceres;delitos_sexuales;2023;18;388652;Extremadura;0.0463;0.5739795918367347
10;caceres;delitos_sexuales;2024;10;388190;Extremadura;0.0258;0.3233107015842224
10;caceres;falsificacion_informatica;2022;92;388257;Extremadura;0.237;3.768947152806227
10;caceres;falsificacion_informatica;2023;272;388652;Extremadura;0.6999;8.673469387755102
10;caceres;falsificacion_informatica;2024;427;388190;Extremadura;1.1;13.805366957646298
10;caceres;interferencia_en_los_datos_y_en_el_sistema;2022;5;388257;Extremadura;0.0129;0.20483408439164277
10;caceres;interferencia_en_los_datos_y_en_el_sistema;2023;20;388652;Extremadura;0.0515;0.6377551020408163
10;caceres;interferencia_en_los_datos_y_en_el_sistema;2024;3;388190;Extremadura;0.0077;0.09699321047526674
11;cadiz;acceso__e_interceptacion_ilicita;2022;169;1254866;Andalucía;0.1347;1.6398214632253056
11;cadiz;acceso__e_interceptacion_ilicita;2023;251;1258730;Andalucía;0.1994;1.950120425763344
11;cadiz;acceso__e_interceptacion_ilicita;2024;368;1261420;Andalucía;0.2917;2.911853141319829
11;cadiz;amenazas_y_coacciones;2022;482;1254866;Andalucía;0.3841;4.676887250145547
11;cadiz;amenazas_y_coacciones;2023;545;1258730;Andalucía;0.433;4.234325227255069
11;cadiz;amenazas_y_coacciones;2024;621;1261420;Andalucía;0.4923;4.913752175977212
11;cadiz;contra_el_honor;2022;58;1254866;Andalucía;0.0462;0.5627789637104599
11;cadiz;contra_el_honor;2023;55;1258730;Andalucía;0.0437;0.42731722476886025
11;cadiz;contra_el_honor;2024;58;1261420;Andalucía;0.046;0.45893337553410346
11;cadiz;contra_la_propiedad_industrial/intelectual;2022;3;1254866;Andalucía;0.0024;0.02910925674364448
11;cadiz;contra_la_propiedad_industrial/intelectual;2023;2;1258730;Andalucía;0.0016;0.015538808173413101
11;cadiz;contra_la_propiedad_industrial/intelectual;2024;4;1261420;Andalucía;0.0032;0.031650577623041624
11;cadiz;delitos_sexuales;2022;66;1254866;Andalucía;0.0526;0.6404036483601785
11;cadiz;delitos_sexuales;2023;71;1258730;Andalucía;0.0564;0.5516276901561651
11;cadiz;delitos_sexuales;2024;48;1261420;Andalucía;0.0381;0.3798069314764994
11;cadiz;falsificacion_informatica;2022;509;1254866;Andalucía;0.4056;4.938870560838347
11;cadiz;falsificacion_informatica;2023;531;1258730;Andalucía;0.4219;4.125553570041178
11;cadiz;falsificacion_informatica;2024;678;1261420;Andalucía;0.5375;5.3647729071055545
11;cadiz;interferencia_en_los_datos_y_en_el_sistema;2022;37;1254866;Andalucía;0.0295;0.35901416650494855
11;cadiz;interferencia_en_los_datos_y_en_el_sistema;2023;46;1258730;Andalucía;0.0365;0.35739258798850126
11;cadiz;interferencia_en_los_datos_y_en_el_sistema;2024;40;1261420;Andalucía;0.0317;0.3165057762304162
39;cantabria;acceso__e_interceptacion_ilicita;2022;79;588387;Cantabria;0.1343;1.6437786100707448
39;cantabria;acceso__e_interceptacion_ilicita;2023;129;590851;Cantabria;0.2183;2.1615281501340484
39;cantabria;acceso__e_interceptacion_ilicita;2024;209;593623;Cantabria;0.3521;3.1976744186046515
39;cantabria;amenazas_y_coacciones;2022;208;588387;Cantabria;0.3535;4.327923429047025
39;cantabria;amenazas_y_coacciones;2023;249;590851;Cantabria;0.4214;4.17225201072386
39;cantabria;amenazas_y_coacciones;2024;258;593623;Cantabria;0.4346;3.9473684210526314
39;cantabria;contra_el_honor;2022;11;588387;Cantabria;0.0187;0.22888056595921766
39;cantabria;contra_el_honor;2023;9;590851;Cantabria;0.0152;0.15080428954423591
39;cantabria;contra_el_honor;2024;11;593623;Cantabria;0.0185;0.16829865361077112
39;cantabria;contra_la_propiedad_industrial/intelectual;2022;1;588387;Cantabria;0.0017;0.020807324178110695
39;cantabria;contra_la_propiedad_industrial/intelectual;2023;14;590851;Cantabria;0.0237;0.23458445040214476
39;cantabria;contra_la_propiedad_industrial/intelectual;2024;6;593623;Cantabria;0.0101;0.09179926560587516
39;cantabria;delitos_sexuales;2022;22;588387;Cantabria;0.0374;0.4577611319184353
39;cantabria;delitos_sexuales;2023;12;590851;Cantabria;0.0203;0.20107238605898123
39;cantabria;delitos_sexuales;2024;30;593623;Cantabria;0.0505;0.4589963280293758
39;cantabria;falsificacion_informatica;2022;103;588387;Cantabria;0.1751;2.143154390345402
39;cantabria;falsificacion_informatica;2023;95;590851;Cantabria;0.1608;1.5918230563002682
39;cantabria;falsificacion_informatica;2024;207;593623;Cantabria;0.3487;3.1670746634026927
39;cantabria;interferencia_en_los_datos_y_en_el_sistema;2022;33;588387;Cantabria;0.0561;0.686641697877653
39;cantabria;interferencia_en_los_datos_y_en_el_sistema;2023;32;590851;Cantabria;0.0542;0.5361930294906166
39;cantabria;interferencia_en_los_datos_y_en_el_sistema;2024;41;593623;Cantabria;0.0691;0.6272949816401469
12;castellon;acceso__e_interceptacion_ilicita;2022;51;604086;C. Valenciana;0.0844;1.9798136645962732
12;castellon;acceso__e_interceptacion_ilicita;2023;69;615188;C. Valenciana;0.1122;1.7433046993431025
12;castellon;acceso__e_interceptacion_ilicita;2024;117;627620;C. Valenciana;0.1864;2.7002077082852525
12;castellon;amenazas_y_coacciones;2022;208;604086;C. Valenciana;0.3443;8.074534161490684
12;castellon;amenazas_y_coacciones;2023;162;615188;C. Valenciana;0.2633;4.092976250631632
12;castellon;amenazas_y_coacciones;2024;190;627620;C. Valenciana;0.3027;4.38495268866836
12;castellon;contra_el_honor;2022;15;604086;C. Valenciana;0.0248;0.5822981366459627
12;castellon;contra_el_honor;2023;14;615188;C. Valenciana;0.0228;0.35371399696816574
12;castellon;contra_el_honor;2024;7;627620;C. Valenciana;0.0112;0.16155088852988692
12;castellon;contra_la_propiedad_industrial/intelectual;2022;0;604086;C. Valenciana;0.0;0.0
12;castellon;contra_la_propiedad_industrial/intelectual;2023;0;615188;C. Valenciana;0.0;0.0
12;castellon;contra_la_propiedad_industrial/intelectual;2024;1;627620;C. Valenciana;0.0016;0.02307869836141242
12;castellon;delitos_sexuales;2022;26;604086;C. Valenciana;0.043;1.0093167701863355
12;castellon;delitos_sexuales;2023;25;615188;C. Valenciana;0.0406;0.631632137443153
12;castellon;delitos_sexuales;2024;12;627620;C. Valenciana;0.0191;0.27694438033694896
12;castellon;falsificacion_informatica;2022;127;604086;C. Valenciana;0.2102;4.930124223602485
12;castellon;falsificacion_informatica;2023;121;615188;C. Valenciana;0.1967;3.057099545224861
12;castellon;falsificacion_informatica;2024;212;627620;C. Valenciana;0.3378;4.892684052619432
12;castellon;interferencia_en_los_datos_y_en_el_sistema;2022;12;604086;C. Valenciana;0.0199;0.4658385093167702
12;castellon;interferencia_en_los_datos_y_en_el_sistema;2023;10;615188;C. Valenciana;0.0163;0.25265285497726125
12;castellon;interferencia_en_los_datos_y_en_el_sistema;2024;12;627620;C. Valenciana;0.0191;0.27694438033694896
51;ceuta;acceso__e_interceptacion_ilicita;2022;19;83052;Ceuta;0.2288;3.3509700176366843
51;ceuta;acceso__e_interceptacion_ilicita;2023;12;83179;Ceuta;0.1443;2.027027027027027
51;ceuta;acceso__e_interceptacion_ilicita;2024;21;83567;Ceuta;0.2513;3.5472972972972974
51;ceuta;amenazas_y_coacciones;2022;54;83052;Ceuta;0.6502;9.523809523809524
51;ceuta;amenazas_y_coacciones;2023;33;83179;Ceuta;0.3967;5.574324324324325
51;ceuta;amenazas_y_coacciones;2024;43;83567;Ceuta;0.5146;7.263513513513513
51;ceuta;contra_el_honor;2022;0;83052;Ceuta;0.0;0.0
51;ceuta;contra_el_honor;2023;8;83179;Ceuta;0.0962;1.3513513513513513
51;ceuta;contra_el_honor;2024;1;83567;Ceuta;0.012;0.16891891891891891
51;ceuta;contra_la_propiedad_industrial/intelectual;2022;1;83052;Ceuta;0.012;0.1763668430335097
51;ceuta;contra_la_propiedad_industrial/intelectual;2023;0;83179;Ceuta;0.0;0.0
51;ceuta;contra_la_propiedad_industrial/intelectual;2024;0;83567;Ceuta;0.0;0.0
51;ceuta;delitos_sexuales;2022;4;83052;Ceuta;0.0482;0.7054673721340388
51;ceuta;delitos_sexuales;2023;4;83179;Ceuta;0.0481;0.6756756756756757
51;ceuta;delitos_sexuales;2024;5;83567;Ceuta;0.0598;0.8445945945945946
51;ceuta;falsificacion_informatica;2022;20;83052;Ceuta;0.2408;3.527336860670194
51;ceuta;falsificacion_informatica;2023;19;83179;Ceuta;0.2284;3.209459459459459
51;ceuta;falsificacion_informatica;2024;22;83567;Ceuta;0.2633;3.7162162162162162
51;ceuta;interferencia_en_los_datos_y_en_el_sistema;2022;0;83052;Ceuta;0.0;0.0
51;ceuta;interferencia_en_los_datos_y_en_el_sistema;2023;2;83179;Ceuta;0.024;0.33783783783783783
51;ceuta;interferencia_en_los_datos_y_en_el_sistema;2024;3;83567;Ceuta;0.0359;0.5067567567567568
13;ciudad_real;acceso__e_interceptacion_ilicita;2022;42;491927;Castilla-La Mancha;0.0854;1.2950971322849214
13;ciudad_real;acceso__e_interceptacion_ilicita;2023;49;492948;Castilla-La Mancha;0.0994;1.383399209486166
13;ciudad_real;acceso__e_interceptacion_ilicita;2024;29;494848;Castilla-La Mancha;0.0586;0.857734398107069
13;ciudad_real;amenazas_y_coacciones;2022;150;491927;Castilla-La Mancha;0.3049;4.6253469010175765
13;ciudad_real;amenazas_y_coacciones;2023;132;492948;Castilla-La Mancha;0.2678;3.7267080745341614
13;ciudad_real;amenazas_y_coacciones;2024;124;494848;Castilla-La Mancha;0.2506;3.6675539781129842
13;ciudad_real;contra_el_honor;2022;23;491927;Castilla-La Mancha;0.0468;0.7092198581560284
13;ciudad_real;contra_el_honor;2023;19;492948;Castilla-La Mancha;0.0385;0.5364201016374929
13;ciudad_real;contra_el_honor;2024;10;494848;Castilla-La Mancha;0.0202;0.29577048210588586
13;ciudad_real;contra_la_propiedad_industrial/intelectual;2022;0;491927;Castilla-La Mancha;0.0;0.0
13;ciudad_real;contra_la_propiedad_industrial/intelectual;2023;1;492948;Castilla-La Mancha;0.002;0.0282326369282891
13;ciudad_real;contra_la_propiedad_industrial/intelectual;2024;0;494848;Castilla-La Mancha;0.0;0.0
13;ciudad_real;delitos_sexuales;2022;13;491927;Castilla-La Mancha;0.0264;0.40086339808818994
13;ciudad_real;delitos_sexuales;2023;14;492948;Castilla-La Mancha;0.0284;0.3952569169960474
13;ciudad_real;delitos_sexuales;2024;4;494848;Castilla-La Mancha;0.0081;0.11830819284235432
13;ciudad_real;falsificacion_informatica;2022;126;491927;Castilla-La Mancha;0.2561;3.885291396854764
13;ciudad_real;falsificacion_informatica;2023;128;492948;Castilla-La Mancha;0.2597;3.613777526821005
13;ciudad_real;falsificacion_informatica;2024;152;494848;Castilla-La Mancha;0.3072;4.495711328009465
13;ciudad_real;interferencia_en_los_datos_y_en_el_sistema;2022;9;491927;Castilla-La Mancha;0.0183;0.27752081406105455
13;ciudad_real;interferencia_en_los_datos_y_en_el_sistema;2023;9;492948;Castilla-La Mancha;0.0183;0.2540937323546019
13;ciudad_real;interferencia_en_los_datos_y_en_el_sistema;2024;15;494848;Castilla-La Mancha;0.0303;0.44365572315882873
14;cordoba;acceso__e_interceptacion_ilicita;2022;101;775002;Andalucía;0.1303;1.865533801256003
14;cordoba;acceso__e_interceptacion_ilicita;2023;169;774313;Andalucía;0.2183;2.2033898305084745
14;cordoba;acceso__e_interceptacion_ilicita;2024;225;773163;Andalucía;0.291;3.022162525184688
14;cordoba;amenazas_y_coacciones;2022;299;775002;Andalucía;0.3858;5.522718876985593
14;cordoba;amenazas_y_coacciones;2023;299;774313;Andalucía;0.3861;3.898305084745763
14;cordoba;amenazas_y_coacciones;2024;274;773163;Andalucía;0.3544;3.680322364002686
14;cordoba;contra_el_honor;2022;42;775002;Andalucía;0.0542;0.7757665312153675
14;cordoba;contra_el_honor;2023;39;774313;Andalucía;0.0504;0.5084745762711864
14;cordoba;contra_el_honor;2024;20;773163;Andalucía;0.0259;0.2686366689053056
14;cordoba;contra_la_propiedad_industrial/intelectual;2022;4;775002;Andalucía;0.0052;0.07388252678241596
14;cordoba;contra_la_propiedad_industrial/intelectual;2023;0;774313;Andalucía;0.0;0.0
14;cordoba;contra_la_propiedad_industrial/intelectual;2024;3;773163;Andalucía;0.0039;0.040295500335795834
14;cordoba;delitos_sexuales;2022;29;775002;Andalucía;0.0374;0.5356483191725157
14;cordoba;delitos_sexuales;2023;28;774313;Andalucía;0.0362;0.3650586701434159
14;cordoba;delitos_sexuales;2024;26;773163;Andalucía;0.0336;0.3492276695768972
14;cordoba;falsificacion_informatica;2022;275;775002;Andalucía;0.3548;5.079423716291097
14;cordoba;falsificacion_informatica;2023;383;774313;Andalucía;0.4946;4.99348109517601
14;cordoba;falsificacion_informatica;2024;401;773163;Andalucía;0.5186;5.3861652115513765
14;cordoba;interferencia_en_los_datos_y_en_el_sistema;2022;32;775002;Andalucía;0.0413;0.5910602142593276
14;cordoba;interferencia_en_los_datos_y_en_el_sistema;2023;20;774313;Andalucía;0.0258;0.2607561929595828
14;cordoba;interferencia_en_los_datos_y_en_el_sistema;2024;34;773163;Andalucía;0.044;0.4566823371390195
15;coruna;acceso__e_interceptacion_ilicita;2022;155;1123884;Galicia;0.1379;1.8371459049425152
15;coruna;acceso__e_interceptacion_ilicita;2023;199;1128449;Galicia;0.1763;2.234950584007188
15;coruna;acceso__e_interceptacion_ilicita;2024;318;1135623;Galicia;0.28;3.1873308609802544
15;coruna;amenazas_y_coacciones;2022;475;1123884;Galicia;0.4226;5.629963257081902
15;coruna;amenazas_y_coacciones;2023;470;1128449;Galicia;0.4165;5.278526504941599
15;coruna;amenazas_y_coacciones;2024;495;1135623;Galicia;0.4359;4.961411245865491
15;coruna;contra_el_honor;2022;46;1123884;Galicia;0.0409;0.5452174943700367
15;coruna;contra_el_honor;2023;64;1128449;Galicia;0.0567;0.7187780772686434
15;coruna;contra_el_honor;2024;66;1135623;Galicia;0.0581;0.6615214994487321
15;coruna;contra_la_propiedad_industrial/intelectual;2022;3;1123884;Galicia;0.0027;0.035557662676306744
15;coruna;contra_la_propiedad_industrial/intelectual;2023;0;1128449;Galicia;0.0;0.0
15;coruna;contra_la_propiedad_industrial/intelectual;2024;3;1135623;Galicia;0.0026;0.030069159065851458
15;coruna;delitos_sexuales;2022;29;1123884;Galicia;0.0258;0.3437240725376319
15;coruna;delitos_sexuales;2023;48;1128449;Galicia;0.0425;0.5390835579514826
15;coruna;delitos_sexuales;2024;39;1135623;Galicia;0.0343;0.390899067856069
15;coruna;falsificacion_informatica;2022;259;1123884;Galicia;0.2305;3.0698115443878153
15;coruna;falsificacion_informatica;2023;438;1128449;Galicia;0.3881;4.919137466307277
15;coruna;falsificacion_informatica;2024;559;1135623;Galicia;0.4922;5.602886639270322
15;coruna;interferencia_en_los_datos_y_en_el_sistema;2022;36;1123884;Galicia;0.032;0.42669195211568095
15;coruna;interferencia_en_los_datos_y_en_el_sistema;2023;46;1128449;Galicia;0.0408;0.5166217430368374
15;coruna;interferencia_en_los_datos_y_en_el_sistema;2024;45;1135623;Galicia;0.0396;0.4510373859877718
16;cuenca;acceso__e_interceptacion_ilicita;2022;12;198436;Castilla-La Mancha;0.0605;0.7599746675110829
16;cuenca;acceso__e_interceptacion_ilicita;2023;19;199025;Castilla-La Mancha;0.0955;1.1130638547158758
16;cuenca;acceso__e_interceptacion_ilicita;2024;14;199859;Castilla-La Mancha;0.07;0.9395973154362416
16;cuenca;amenazas_y_coacciones;2022;63;198436;Castilla-La Mancha;0.3175;3.9898670044331856
16;cuenca;amenazas_y_coacciones;2023;45;199025;Castilla-La Mancha;0.2261;2.6362038664323375
16;cuenca;amenazas_y_coacciones;2024;63;199859;Castilla-La Mancha;0.3152;4.228187919463087
16;cuenca;contra_el_honor;2022;9;198436;Castilla-La Mancha;0.0454;0.5699810006333123
16;cuenca;contra_el_honor;2023;20;199025;Castilla-La Mancha;0.1005;1.1716461628588166
16;cuenca;contra_el_honor;2024;7;199859;Castilla-La Mancha;0.035;0.4697986577181208
16;cuenca;contra_la_propiedad_industrial/intelectual;2022;0;198436;Castilla-La Mancha;0.0;0.0
16;cuenca;contra_la_propiedad_industrial/intelectual;2023;0;199025;Castilla-La Mancha;0.0;0.0
16;cuenca;contra_la_propiedad_industrial/intelectual;2024;0;199859;Castilla-La Mancha;0.0;0.0
16;cuenca;delitos_sexuales;2022;3;198436;Castilla-La Mancha;0.0151;0.18999366687777072
16;cuenca;delitos_sexuales;2023;6;199025;Castilla-La Mancha;0.0301;0.35149384885764495
16;cuenca;delitos_sexuales;2024;7;199859;Castilla-La Mancha;0.035;0.4697986577181208
16;cuenca;falsificacion_informatica;2022;67;198436;Castilla-La Mancha;0.3376;4.243191893603546
16;cuenca;falsificacion_informatica;2023;68;199025;Castilla-La Mancha;0.3417;3.9835969537199762
16;cuenca;falsificacion_informatica;2024;83;199859;Castilla-La Mancha;0.4153;5.570469798657718
16;cuenca;interferencia_en_los_datos_y_en_el_sistema;2022;14;198436;Castilla-La Mancha;0.0706;0.8866371120962635
16;cuenca;interferencia_en_los_datos_y_en_el_sistema;2023;13;199025;Castilla-La Mancha;0.0653;0.7615700058582308
16;cuenca;interferencia_en_los_datos_y_en_el_sistema;2024;8;199859;Castilla-La Mancha;0.04;0.5369127516778524
20;gipuzkoa;acceso__e_interceptacion_ilicita;2022;51;726712;País Vasco;0.0702;0.8403361344537815
20;gipuzkoa;acceso__e_interceptacion_ilicita;2023;74;729722;País Vasco;0.1014;0.8446524369364227
20;gipuzkoa;acceso__e_interceptacion_ilicita;2024;71;733149;País Vasco;0.0968;0.9189748899818794
20;gipuzkoa;amenazas_y_coacciones;2022;181;726712;País Vasco;0.2491;2.9823694183555776
20;gipuzkoa;amenazas_y_coacciones;2023;446;729722;País Vasco;0.6112;5.090743065860061
20;gipuzkoa;amenazas_y_coacciones;2024;457;733149;País Vasco;0.6233;5.915091897488998
20;gipuzkoa;contra_el_honor;2022;1;726712;País Vasco;0.0014;0.01647717910693689
20;gipuzkoa;contra_el_honor;2023;2;729722;País Vasco;0.0027;0.022828444241524942
20;gipuzkoa;contra_el_honor;2024;0;733149;País Vasco;0.0;0.0
20;gipuzkoa;contra_la_propiedad_industrial/intelectual;2022;1;726712;País Vasco;0.0014;0.01647717910693689
20;gipuzkoa;contra_la_propiedad_industrial/intelectual;2023;1;729722;País Vasco;0.0014;0.011414222120762471
20;gipuzkoa;contra_la_propiedad_industrial/intelectual;2024;4;733149;País Vasco;0.0055;0.05177323323841575
20;gipuzkoa;delitos_sexuales;2022;15;726712;País Vasco;0.0206;0.2471576866040534
20;gipuzkoa;delitos_sexuales;2023;81;729722;País Vasco;0.111;0.9245519917817601
20;gipuzkoa;delitos_sexuales;2024;41;733149;País Vasco;0.0559;0.5306756406937613
20;gipuzkoa;falsificacion_informatica;2022;237;726712;País Vasco;0.3261;3.9050914483440433
20;gipuzkoa;falsificacion_informatica;2023;256;729722;País Vasco;0.3508;2.9220408629151926
20;gipuzkoa;falsificacion_informatica;2024;268;733149;País Vasco;0.3655;3.468806626973855
20;gipuzkoa;interferencia_en_los_datos_y_en_el_sistema;2022;11;726712;País Vasco;0.0151;0.1812489701763058
20;gipuzkoa;interferencia_en_los_datos_y_en_el_sistema;2023;6;729722;País Vasco;0.0082;0.06848533272457483
20;gipuzkoa;interferencia_en_los_datos_y_en_el_sistema;2024;3;733149;País Vasco;0.0041;0.0388299249288118
17;girona;acceso__e_interceptacion_ilicita;2022;120;808672;Cataluña;0.1484;1.685866816521495
17;girona;acceso__e_interceptacion_ilicita;2023;118;821108;Cataluña;0.1437;1.359447004608295
17;girona;acceso__e_interceptacion_ilicita;2024;77;830429;Cataluña;0.0927;0.9627406851712927
17;girona;amenazas_y_coacciones;2022;75;808672;Cataluña;0.0927;1.0536667603259342
17;girona;amenazas_y_coacciones;2023;64;821108;Cataluña;0.0779;0.7373271889400922
17;girona;amenazas_y_coacciones;2024;95;830429;Cataluña;0.1144;1.1877969492373095
17;girona;contra_el_honor;2022;1;808672;Cataluña;0.0012;0.014048890137679125
17;girona;contra_el_honor;2023;2;821108;Cataluña;0.0024;0.02304147465437788
17;girona;contra_el_honor;2024;1;830429;Cataluña;0.0012;0.012503125781445362
17;girona;contra_la_propiedad_industrial/intelectual;2022;2;808672;Cataluña;0.0025;0.02809778027535825
17;girona;contra_la_propiedad_industrial/intelectual;2023;0;821108;Cataluña;0.0;0.0
17;girona;contra_la_propiedad_industrial/intelectual;2024;3;830429;Cataluña;0.0036;0.037509377344336084
17;girona;delitos_sexuales;2022;11;808672;Cataluña;0.0136;0.15453779151447036
17;girona;delitos_sexuales;2023;12;821108;Cataluña;0.0146;0.1382488479262673
17;girona;delitos_sexuales;2024;15;830429;Cataluña;0.0181;0.1875468867216804
17;girona;falsificacion_informatica;2022;72;808672;Cataluña;0.089;1.0115200899128969
17;girona;falsificacion_informatica;2023;78;821108;Cataluña;0.095;0.8986175115207374
17;girona;falsificacion_informatica;2024;149;830429;Cataluña;0.1794;1.8629657414353586
17;girona;interferencia_en_los_datos_y_en_el_sistema;2022;4;808672;Cataluña;0.0049;0.0561955605507165
17;girona;interferencia_en_los_datos_y_en_el_sistema;2023;9;821108;Cataluña;0.011;0.10368663594470047
17;girona;interferencia_en_los_datos_y_en_el_sistema;2024;6;830429;Cataluña;0.0072;0.07501875468867217
18;granada;acceso__e_interceptacion_ilicita;2022;86;934072;Andalucía;0.0921;1.5840854669368207
18;granada;acceso__e_interceptacion_ilicita;2023;104;939741;Andalucía;0.1107;1.0465935392975747
18;granada;acceso__e_interceptacion_ilicita;2024;173;945797;Andalucía;0.1829;1.8248945147679325
18;granada;amenazas_y_coacciones;2022;299;934072;Andalucía;0.3201;5.507459937373365
18;granada;amenazas_y_coacciones;2023;427;939741;Andalucía;0.4544;4.29707155076985
18;granada;amenazas_y_coacciones;2024;522;945797;Andalucía;0.5519;5.506329113924051
18;granada;contra_el_honor;2022;24;934072;Andalucía;0.0257;0.4420703628660895
18;granada;contra_el_honor;2023;23;939741;Andalucía;0.0245;0.23145818657542516
18;granada;contra_el_honor;2024;26;945797;Andalucía;0.0275;0.27426160337552746
18;granada;contra_la_propiedad_industrial/intelectual;2022;4;934072;Andalucía;0.0043;0.07367839381101492
18;granada;contra_la_propiedad_industrial/intelectual;2023;2;939741;Andalucía;0.0021;0.02012679883264567
18;granada;contra_la_propiedad_industrial/intelectual;2024;5;945797;Andalucía;0.0053;0.05274261603375527
18;granada;delitos_sexuales;2022;21;934072;Andalucía;0.0225;0.3868115675078283
18;granada;delitos_sexuales;2023;31;939741;Andalucía;0.033;0.31196538190600787
18;granada;delitos_sexuales;2024;21;945797;Andalucía;0.0222;0.22151898734177217
18;granada;falsificacion_informatica;2022;242;934072;Andalucía;0.2591;4.457542825566403
18;granada;falsificacion_informatica;2023;280;939741;Andalucía;0.298;2.8177518365703933
18;granada;falsificacion_informatica;2024;383;945797;Andalucía;0.4049;4.040084388185654
18;granada;interferencia_en_los_datos_y_en_el_sistema;2022;53;934072;Andalucía;0.0567;0.9762387179959477
18;granada;interferencia_en_los_datos_y_en_el_sistema;2023;92;939741;Andalucía;0.0979;0.9258327463017006
18;granada;interferencia_en_los_datos_y_en_el_sistema;2024;75;945797;Andalucía;0.0793;0.7911392405063291
19;guadalajara;acceso__e_interceptacion_ilicita;2022;18;275082;Castilla-La Mancha;0.0654;0.9988901220865706
19;guadalajara;acceso__e_interceptacion_ilicita;2023;29;280225;Castilla-La Mancha;0.1035;0.8531921153280376
19;guadalajara;acceso__e_interceptacion_ilicita;2024;24;285839;Castilla-La Mancha;0.084;0.7741935483870968
19;guadalajara;amenazas_y_coacciones;2022;108;275082;Castilla-La Mancha;0.3926;5.993340732519423
19;guadalajara;amenazas_y_coacciones;2023;103;280225;Castilla-La Mancha;0.3676;3.0303030303030303
19;guadalajara;amenazas_y_coacciones;2024;87;285839;Castilla-La Mancha;0.3044;2.806451612903226
19;guadalajara;contra_el_honor;2022;3;275082;Castilla-La Mancha;0.0109;0.1664816870144284
19;guadalajara;contra_el_honor;2023;7;280225;Castilla-La Mancha;0.025;0.20594292438952633
19;guadalajara;contra_el_honor;2024;4;285839;Castilla-La Mancha;0.014;0.12903225806451613
19;guadalajara;contra_la_propiedad_industrial/intelectual;2022;1;275082;Castilla-La Mancha;0.0036;0.05549389567147614
19;guadalajara;contra_la_propiedad_industrial/intelectual;2023;0;280225;Castilla-La Mancha;0.0;0.0
19;guadalajara;contra_la_propiedad_industrial/intelectual;2024;0;285839;Castilla-La Mancha;0.0;0.0
19;guadalajara;delitos_sexuales;2022;6;275082;Castilla-La Mancha;0.0218;0.3329633740288568
19;guadalajara;delitos_sexuales;2023;13;280225;Castilla-La Mancha;0.0464;0.38246543100912034
19;guadalajara;delitos_sexuales;2024;10;285839;Castilla-La Mancha;0.035;0.3225806451612903
19;guadalajara;falsificacion_informatica;2022;105;275082;Castilla-La Mancha;0.3817;5.826859045504994
19;guadalajara;falsificacion_informatica;2023;145;280225;Castilla-La Mancha;0.5174;4.265960576640189
19;guadalajara;falsificacion_informatica;2024;143;285839;Castilla-La Mancha;0.5003;4.612903225806451
19;guadalajara;interferencia_en_los_datos_y_en_el_sistema;2022;10;275082;Castilla-La Mancha;0.0364;0.5549389567147613
19;guadalajara;interferencia_en_los_datos_y_en_el_sistema;2023;6;280225;Castilla-La Mancha;0.0214;0.176522506619594
19;guadalajara;interferencia_en_los_datos_y_en_el_sistema;2024;9;285839;Castilla-La Mancha;0.0315;0.2903225806451613
21;huelva;acceso__e_interceptacion_ilicita;2022;37;534084;Andalucía;0.0693;1.77799135031235
21;huelva;acceso__e_interceptacion_ilicita;2023;70;535734;Andalucía;0.1307;2.063679245283019
21;huelva;acceso__e_interceptacion_ilicita;2024;86;538789;Andalucía;0.1596;2.4239007891770012
21;huelva;amenazas_y_coacciones;2022;220;534084;Andalucía;0.4119;10.571840461316674
21;huelva;amenazas_y_coacciones;2023;198;535734;Andalucía;0.3696;5.837264150943397
21;huelva;amenazas_y_coacciones;2024;156;538789;Andalucía;0.2895;4.3968432919954905
21;huelva;contra_el_honor;2022;25;534084;Andalucía;0.0468;1.2013455069678038
21;huelva;contra_el_honor;2023;27;535734;Andalucía;0.0504;0.7959905660377359
21;huelva;contra_el_honor;2024;15;538789;Andalucía;0.0278;0.4227733934611048
21;huelva;contra_la_propiedad_industrial/intelectual;2022;1;534084;Andalucía;0.0019;0.04805382027871216
21;huelva;contra_la_propiedad_industrial/intelectual;2023;1;535734;Andalucía;0.0019;0.0294811320754717
21;huelva;contra_la_propiedad_industrial/intelectual;2024;3;538789;Andalucía;0.0056;0.08455467869222097
21;huelva;delitos_sexuales;2022;22;534084;Andalucía;0.0412;1.0571840461316675
21;huelva;delitos_sexuales;2023;20;535734;Andalucía;0.0373;0.589622641509434
21;huelva;delitos_sexuales;2024;22;538789;Andalucía;0.0408;0.6200676437429538
21;huelva;falsificacion_informatica;2022;86;534084;Andalucía;0.161;4.132628543969245
21;huelva;falsificacion_informatica;2023;69;535734;Andalucía;0.1288;2.0341981132075473
21;huelva;falsificacion_informatica;2024;138;538789;Andalucía;0.2561;3.8895152198421648
21;huelva;interferencia_en_los_datos_y_en_el_sistema;2022;9;534084;Andalucía;0.0169;0.4324843825084094
21;huelva;interferencia_en_los_datos_y_en_el_sistema;2023;3;535734;Andalucía;0.0056;0.0884433962264151
21;huelva;interferencia_en_los_datos_y_en_el_sistema;2024;10;538789;Andalucía;0.0186;0.2818489289740699
22;huesca;acceso__e_interceptacion_ilicita;2022;14;226878;Aragón;0.0617;0.9096816114359974
22;huesca;acceso__e_interceptacion_ilicita;2023;20;228519;Aragón;0.0875;0.946521533364884
22;huesca;acceso__e_interceptacion_ilicita;2024;25;230087;Aragón;0.1087;1.0893246187363834
22;huesca;amenazas_y_coacciones;2022;73;226878;Aragón;0.3218;4.743339831059129
22;huesca;amenazas_y_coacciones;2023;112;228519;Aragón;0.4901;5.3005205868433505
22;huesca;amenazas_y_coacciones;2024;117;230087;Aragón;0.5085;5.098039215686274
22;huesca;contra_el_honor;2022;1;226878;Aragón;0.0044;0.0649772579597141
22;huesca;contra_el_honor;2023;6;228519;Aragón;0.0263;0.28395646000946523
22;huesca;contra_el_honor;2024;11;230087;Aragón;0.0478;0.4793028322440087
22;huesca;contra_la_propiedad_industrial/intelectual;2022;0;226878;Aragón;0.0;0.0
22;huesca;contra_la_propiedad_industrial/intelectual;2023;0;228519;Aragón;0.0;0.0
22;huesca;contra_la_propiedad_industrial/intelectual;2024;2;230087;Aragón;0.0087;0.08714596949891067
22;huesca;delitos_sexuales;2022;3;226878;Aragón;0.0132;0.1949317738791423
22;huesca;delitos_sexuales;2023;7;228519;Aragón;0.0306;0.3312825366777094
22;huesca;delitos_sexuales;2024;9;230087;Aragón;0.0391;0.39215686274509803
22;huesca;falsificacion_informatica;2022;57;226878;Aragón;0.2512;3.7037037037037033
22;huesca;falsificacion_informatica;2023;84;228519;Aragón;0.3676;3.975390440132513
22;huesca;falsificacion_informatica;2024;95;230087;Aragón;0.4129;4.139433551198257
22;huesca;interferencia_en_los_datos_y_en_el_sistema;2022;2;226878;Aragón;0.0088;0.1299545159194282
22;huesca;interferencia_en_los_datos_y_en_el_sistema;2023;8;228519;Aragón;0.035;0.37860861334595364
22;huesca;interferencia_en_los_datos_y_en_el_sistema;2024;30;230087;Aragón;0.1304;1.3071895424836601
23;jaen;acceso__e_interceptacion_ilicita;2022;46;620637;Andalucía;0.0741;1.2292891501870657
23;jaen;acceso__e_interceptacion_ilicita;2023;75;619055;Andalucía;0.1212;1.3572204125950056
23;jaen;acceso__e_interceptacion_ilicita;2024;55;618143;Andalucía;0.089;1.103088648215002
23;jaen;amenazas_y_coacciones;2022;213;620637;Andalucía;0.3432;5.692143238909674
23;jaen;amenazas_y_coacciones;2023;150;619055;Andalucía;0.2423;2.714440825190011
23;jaen;amenazas_y_coacciones;2024;171;618143;Andalucía;0.2766;3.429602888086643
23;jaen;contra_el_honor;2022;24;620637;Andalucía;0.0387;0.6413682522715126
23;jaen;contra_el_honor;2023;16;619055;Andalucía;0.0258;0.2895403546869345
23;jaen;contra_el_honor;2024;23;618143;Andalucía;0.0372;0.4612916165262736
23;jaen;contra_la_propiedad_industrial/intelectual;2022;1;620637;Andalucía;0.0016;0.026723677177979688
23;jaen;contra_la_propiedad_industrial/intelectual;2023;2;619055;Andalucía;0.0032;0.036192544335866814
23;jaen;contra_la_propiedad_industrial/intelectual;2024;1;618143;Andalucía;0.0016;0.02005615724027276
23;jaen;delitos_sexuales;2022;16;620637;Andalucía;0.0258;0.427578834847675
23;jaen;delitos_sexuales;2023;11;619055;Andalucía;0.0178;0.19905899384726747
23;jaen;delitos_sexuales;2024;9;618143;Andalucía;0.0146;0.18050541516245489
23;jaen;falsificacion_informatica;2022;227;620637;Andalucía;0.3658;6.06627471940139
23;jaen;falsificacion_informatica;2023;229;619055;Andalucía;0.3699;4.14404632645675
23;jaen;falsificacion_informatica;2024;320;618143;Andalucía;0.5177;6.417970316887285
23;jaen;interferencia_en_los_datos_y_en_el_sistema;2022;8;620637;Andalucía;0.0129;0.2137894174238375
23;jaen;interferencia_en_los_datos_y_en_el_sistema;2023;9;619055;Andalucía;0.0145;0.16286644951140067
23;jaen;interferencia_en_los_datos_y_en_el_sistema;2024;10;618143;Andalucía;0.0162;0.20056157240272765
24;leon;acceso__e_interceptacion_ilicita;2022;58;448573;Castilla y León;0.1293;1.543784934788395
24;leon;acceso__e_interceptacion_ilicita;2023;52;447802;Castilla y León;0.1161;1.1943040881947635
24;leon;acceso__e_interceptacion_ilicita;2024;70;448030;Castilla y León;0.1562;1.5469613259668509
24;leon;amenazas_y_coacciones;2022;178;448573;Castilla y León;0.3968;4.737822730902316
24;leon;amenazas_y_coacciones;2023;184;447802;Castilla y León;0.4109;4.225999081304548
24;leon;amenazas_y_coacciones;2024;183;448030;Castilla y León;0.4085;4.044198895027624
24;leon;contra_el_honor;2022;24;448573;Castilla y León;0.0535;0.6388075592227841
24;leon;contra_el_honor;2023;31;447802;Castilla y León;0.0692;0.7119889756545705
24;leon;contra_el_honor;2024;19;448030;Castilla y León;0.0424;0.4198895027624309
24;leon;contra_la_propiedad_industrial/intelectual;2022;1;448573;Castilla y León;0.0022;0.026616981634282673
24;leon;contra_la_propiedad_industrial/intelectual;2023;0;447802;Castilla y León;0.0;0.0
24;leon;contra_la_propiedad_industrial/intelectual;2024;9;448030;Castilla y León;0.0201;0.1988950276243094
24;leon;delitos_sexuales;2022;22;448573;Castilla y León;0.049;0.5855735959542188
24;leon;delitos_sexuales;2023;29;447802;Castilla y León;0.0648;0.6660542030316949
24;leon;delitos_sexuales;2024;22;448030;Castilla y León;0.0491;0.48618784530386744
24;leon;falsificacion_informatica;2022;78;448573;Castilla y León;0.1739;2.0761245674740483
24;leon;falsificacion_informatica;2023;173;447802;Castilla y León;0.3863;3.973357831878732
24;leon;falsificacion_informatica;2024;218;448030;Castilla y León;0.4866;4.81767955801105
24;leon;interferencia_en_los_datos_y_en_el_sistema;2022;23;448573;Castilla y León;0.0513;0.6121905775885015
24;leon;interferencia_en_los_datos_y_en_el_sistema;2023;27;447802;Castilla y León;0.0603;0.6201194304088194
24;leon;interferencia_en_los_datos_y_en_el_sistema;2024;38;448030;Castilla y León;0.0848;0.8397790055248618
25;lleida;acceso__e_interceptacion_ilicita;2022;98;447343;Cataluña;0.2191;2.407270940800786
25;lleida;acceso__e_interceptacion_ilicita;2023;88;451707;Cataluña;0.1948;1.8545837723919916
25;lleida;acceso__e_interceptacion_ilicita;2024;68;458226;Cataluña;0.1484;1.593625498007968
25;lleida;amenazas_y_coacciones;2022;88;447343;Cataluña;0.1967;2.1616310488823385
25;lleida;amenazas_y_coacciones;2023;96;451707;Cataluña;0.2125;2.0231822971548996
25;lleida;amenazas_y_coacciones;2024;106;458226;Cataluña;0.2313;2.4841809233653622
25;lleida;contra_el_honor;2022;3;447343;Cataluña;0.0067;0.07369196757553427
25;lleida;contra_el_honor;2023;3;451707;Cataluña;0.0066;0.06322444678609061
25;lleida;contra_el_honor;2024;4;458226;Cataluña;0.0087;0.0937426763534099
25;lleida;contra_la_propiedad_industrial/intelectual;2022;1;447343;Cataluña;0.0022;0.024563989191844753
25;lleida;contra_la_propiedad_industrial/intelectual;2023;1;451707;Cataluña;0.0022;0.021074815595363543
25;lleida;contra_la_propiedad_industrial/intelectual;2024;0;458226;Cataluña;0.0;0.0
25;lleida;delitos_sexuales;2022;5;447343;Cataluña;0.0112;0.12281994595922378
25;lleida;delitos_sexuales;2023;8;451707;Cataluña;0.0177;0.16859852476290835
25;lleida;delitos_sexuales;2024;11;458226;Cataluña;0.024;0.25779235997187716
25;lleida;falsificacion_informatica;2022;24;447343;Cataluña;0.0537;0.5895357406042742
25;lleida;falsificacion_informatica;2023;21;451707;Cataluña;0.0465;0.44257112750263433
25;lleida;falsificacion_informatica;2024;69;458226;Cataluña;0.1506;1.6170611670963206
25;lleida;interferencia_en_los_datos_y_en_el_sistema;2022;5;447343;Cataluña;0.0112;0.12281994595922378
25;lleida;interferencia_en_los_datos_y_en_el_sistema;2023;11;451707;Cataluña;0.0244;0.23182297154899895
25;lleida;interferencia_en_los_datos_y_en_el_sistema;2024;6;458226;Cataluña;0.0131;0.14061401453011485
27;lugo;acceso__e_interceptacion_ilicita;2022;23;324267;Galicia;0.0709;1.1910926980838943
27;lugo;acceso__e_interceptacion_ilicita;2023;41;325048;Galicia;0.1261;2.0
27;lugo;acceso__e_interceptacion_ilicita;2024;57;326022;Galicia;0.1748;2.441113490364026
27;lugo;amenazas_y_coacciones;2022;87;324267;Galicia;0.2683;4.505437597099949
27;lugo;amenazas_y_coacciones;2023;121;325048;Galicia;0.3723;5.902439024390244
27;lugo;amenazas_y_coacciones;2024;130;326022;Galicia;0.3987;5.567451820128479
27;lugo;contra_el_honor;2022;8;324267;Galicia;0.0247;0.4142931123770067
27;lugo;contra_el_honor;2023;17;325048;Galicia;0.0523;0.8292682926829269
27;lugo;contra_el_honor;2024;9;326022;Galicia;0.0276;0.3854389721627409
27;lugo;contra_la_propiedad_industrial/intelectual;2022;0;324267;Galicia;0.0;0.0
27;lugo;contra_la_propiedad_industrial/intelectual;2023;0;325048;Galicia;0.0;0.0
27;lugo;contra_la_propiedad_industrial/intelectual;2024;3;326022;Galicia;0.0092;0.1284796573875803
27;lugo;delitos_sexuales;2022;3;324267;Galicia;0.0093;0.15535991714137753
27;lugo;delitos_sexuales;2023;10;325048;Galicia;0.0308;0.4878048780487805
27;lugo;delitos_sexuales;2024;8;326022;Galicia;0.0245;0.3426124197002141
27;lugo;falsificacion_informatica;2022;30;324267;Galicia;0.0925;1.5535991714137753
27;lugo;falsificacion_informatica;2023;58;325048;Galicia;0.1784;2.829268292682927
27;lugo;falsificacion_informatica;2024;78;326022;Galicia;0.2392;3.340471092077088
27;lugo;interferencia_en_los_datos_y_en_el_sistema;2022;9;324267;Galicia;0.0278;0.4660797514241326
27;lugo;interferencia_en_los_datos_y_en_el_sistema;2023;5;325048;Galicia;0.0154;0.24390243902439024
27;lugo;interferencia_en_los_datos_y_en_el_sistema;2024;13;326022;Galicia;0.0399;0.556745182012848
28;madrid;acceso__e_interceptacion_ilicita;2022;867;6871903;Madrid;0.1262;1.3598293547476394
28;madrid;acceso__e_interceptacion_ilicita;2023;1139;7009268;Madrid;0.1625;1.4439472116225707
28;madrid;acceso__e_interceptacion_ilicita;2024;1621;7113886;Madrid;0.2279;2.206132531268288
28;madrid;amenazas_y_coacciones;2022;2143;6871903;Madrid;0.3118;3.3611468364754225
28;madrid;amenazas_y_coacciones;2023;2719;7009268;Madrid;0.3879;3.446964414751334
28;madrid;amenazas_y_coacciones;2024;2480;7113886;Madrid;0.3486;3.375205846727548
28;madrid;contra_el_honor;2022;115;6871903;Madrid;0.0167;0.18036952225603062
28;madrid;contra_el_honor;2023;87;7009268;Madrid;0.0124;0.11029271941278636
28;madrid;contra_el_honor;2024;96;7113886;Madrid;0.0135;0.13065312955074376
28;madrid;contra_la_propiedad_industrial/intelectual;2022;26;6871903;Madrid;0.0038;0.04077919633614605
28;madrid;contra_la_propiedad_industrial/intelectual;2023;13;7009268;Madrid;0.0019;0.016480521291565776
28;madrid;contra_la_propiedad_industrial/intelectual;2024;23;7113886;Madrid;0.0032;0.031302312288199026
28;madrid;delitos_sexuales;2022;204;6871903;Madrid;0.0297;0.31995984817591516
28;madrid;delitos_sexuales;2023;239;7009268;Madrid;0.0341;0.3029880452834016
28;madrid;delitos_sexuales;2024;230;7113886;Madrid;0.0323;0.3130231228819903
28;madrid;falsificacion_informatica;2022;2291;6871903;Madrid;0.3334;3.5932745694657924
28;madrid;falsificacion_informatica;2023;2882;7009268;Madrid;0.4112;3.653604797099428
28;madrid;falsificacion_informatica;2024;3289;7113886;Madrid;0.4623;4.4762306572124615
28;madrid;interferencia_en_los_datos_y_en_el_sistema;2022;318;6871903;Madrid;0.0463;0.4987609398036325
28;madrid;interferencia_en_los_datos_y_en_el_sistema;2023;268;7009268;Madrid;0.0382;0.3397522850876637
28;madrid;interferencia_en_los_datos_y_en_el_sistema;2024;377;7113886;Madrid;0.053;0.5130857275065667
29;malaga;acceso__e_interceptacion_ilicita;2022;304;1752728;Andalucía;0.1734;2.5625895641911827
29;malaga;acceso__e_interceptacion_ilicita;2023;413;1774701;Andalucía;0.2327;2.2953370755293725
29;malaga;acceso__e_interceptacion_ilicita;2024;592;1791183;Andalucía;0.3305;3.264045873077135
29;malaga;amenazas_y_coacciones;2022;642;1752728;Andalucía;0.3663;5.411784540166906
29;malaga;amenazas_y_coacciones;2023;649;1774701;Andalucía;0.3657;3.606958261546157
29;malaga;amenazas_y_coacciones;2024;651;1791183;Andalucía;0.3634;3.589347742184485
29;malaga;contra_el_honor;2022;68;1752728;Andalucía;0.0388;0.5732108235690804
29;malaga;contra_el_honor;2023;51;1774701;Andalucía;0.0287;0.28344356138498306
29;malaga;contra_el_honor;2024;50;1791183;Andalucía;0.0279;0.2756795500909742
29;malaga;contra_la_propiedad_industrial/intelectual;2022;4;1752728;Andalucía;0.0023;0.03371828373935767
29;malaga;contra_la_propiedad_industrial/intelectual;2023;8;1774701;Andalucía;0.0045;0.04446173511921303
29;malaga;contra_la_propiedad_industrial/intelectual;2024;24;1791183;Andalucía;0.0134;0.13232618404366764
29;malaga;delitos_sexuales;2022;70;1752728;Andalucía;0.0399;0.5900699654387591
29;malaga;delitos_sexuales;2023;64;1774701;Andalucía;0.0361;0.35569388095370424
29;malaga;delitos_sexuales;2024;70;1791183;Andalucía;0.0391;0.38595137012736397
29;malaga;falsificacion_informatica;2022;438;1752728;Andalucía;0.2499;3.6921520694596643
29;malaga;falsificacion_informatica;2023;459;1774701;Andalucía;0.2586;2.5509920524648475
29;malaga;falsificacion_informatica;2024;674;1791183;Andalucía;0.3763;3.7161603352263333
29;malaga;interferencia_en_los_datos_y_en_el_sistema;2022;107;1752728;Andalucía;0.061;0.9019640900278175
29;malaga;interferencia_en_los_datos_y_en_el_sistema;2023;108;1774701;Andalucía;0.0609;0.6002334241093759
29;malaga;interferencia_en_los_datos_y_en_el_sistema;2024;121;1791183;Andalucía;0.0676;0.6671445112201577
52;melilla;acceso__e_interceptacion_ilicita;2022;14;85493;Melilla;0.1638;3.45679012345679
52;melilla;acceso__e_interceptacion_ilicita;2023;12;85985;Melilla;0.1396;2.494802494802495
52;melilla;acceso__e_interceptacion_ilicita;2024;35;87067;Melilla;0.402;6.352087114337568
52;melilla;amenazas_y_coacciones;2022;41;85493;Melilla;0.4796;10.123456790123457
52;melilla;amenazas_y_coacciones;2023;34;85985;Melilla;0.3954;7.0686070686070686
52;melilla;amenazas_y_coacciones;2024;38;87067;Melilla;0.4364;6.896551724137931
52;melilla;contra_el_honor;2022;12;85493;Melilla;0.1404;2.9629629629629632
52;melilla;contra_el_honor;2023;16;85985;Melilla;0.1861;3.3264033264033266
52;melilla;contra_el_honor;2024;10;87067;Melilla;0.1149;1.8148820326678767
52;melilla;contra_la_propiedad_industrial/intelectual;2022;0;85493;Melilla;0.0;0.0
52;melilla;contra_la_propiedad_industrial/intelectual;2023;0;85985;Melilla;0.0;0.0
52;melilla;contra_la_propiedad_industrial/intelectual;2024;0;87067;Melilla;0.0;0.0
52;melilla;delitos_sexuales;2022;0;85493;Melilla;0.0;0.0
52;melilla;delitos_sexuales;2023;2;85985;Melilla;0.0233;0.4158004158004158
52;melilla;delitos_sexuales;2024;4;87067;Melilla;0.0459;0.7259528130671506
52;melilla;falsificacion_informatica;2022;5;85493;Melilla;0.0585;1.2345679012345678
52;melilla;falsificacion_informatica;2023;7;85985;Melilla;0.0814;1.4553014553014554
52;melilla;falsificacion_informatica;2024;5;87067;Melilla;0.0574;0.9074410163339384
52;melilla;interferencia_en_los_datos_y_en_el_sistema;2022;4;85493;Melilla;0.0468;0.9876543209876543
52;melilla;interferencia_en_los_datos_y_en_el_sistema;2023;1;85985;Melilla;0.0116;0.2079002079002079
52;melilla;interferencia_en_los_datos_y_en_el_sistema;2024;1;87067;Melilla;0.0115;0.18148820326678766
30;murcia;acceso__e_interceptacion_ilicita;2022;95;1551692;Murcia;0.0612;0.9527630127369371
30;murcia;acceso__e_interceptacion_ilicita;2023;151;1568492;Murcia;0.0963;1.0983415769566482
30;murcia;acceso__e_interceptacion_ilicita;2024;274;1586989;Murcia;0.1727;2.067144473783478
30;murcia;amenazas_y_coacciones;2022;566;1551692;Murcia;0.3648;5.6764617390432255
30;murcia;amenazas_y_coacciones;2023;474;1568492;Murcia;0.3022;3.447774221704975
30;murcia;amenazas_y_coacciones;2024;405;1586989;Murcia;0.2552;3.055450773293097
30;murcia;contra_el_honor;2022;27;1551692;Murcia;0.0174;0.2707852773041821
30;murcia;contra_el_honor;2023;33;1568492;Murcia;0.021;0.2400349141693337
30;murcia;contra_el_honor;2024;33;1586989;Murcia;0.0208;0.24896265560165973
30;murcia;contra_la_propiedad_industrial/intelectual;2022;5;1551692;Murcia;0.0032;0.05014542172299669
30;murcia;contra_la_propiedad_industrial/intelectual;2023;1;1568492;Murcia;0.0006;0.007273785277858598
30;murcia;contra_la_propiedad_industrial/intelectual;2024;6;1586989;Murcia;0.0038;0.04526593738211995
30;murcia;delitos_sexuales;2022;43;1551692;Murcia;0.0277;0.4312506268177715
30;murcia;delitos_sexuales;2023;59;1568492;Murcia;0.0376;0.42915333139365724
30;murcia;delitos_sexuales;2024;110;1586989;Murcia;0.0693;0.8298755186721992
30;murcia;falsificacion_informatica;2022;558;1551692;Murcia;0.3596;5.5962290642864305
30;murcia;falsificacion_informatica;2023;659;1568492;Murcia;0.4201;4.793424498108815
30;murcia;falsificacion_informatica;2024;828;1586989;Murcia;0.5217;6.246699358732554
30;murcia;interferencia_en_los_datos_y_en_el_sistema;2022;26;1551692;Murcia;0.0168;0.2607561929595828
30;murcia;interferencia_en_los_datos_y_en_el_sistema;2023;61;1568492;Murcia;0.0389;0.44370090194937445
30;murcia;interferencia_en_los_datos_y_en_el_sistema;2024;41;1586989;Murcia;0.0258;0.3093172387778197
31;navarra;acceso__e_interceptacion_ilicita;2022;92;672155;Navarra;0.1369;1.673031460265503
31;navarra;acceso__e_interceptacion_ilicita;2023;187;678333;Navarra;0.2757;2.5016722408026757
31;navarra;acceso__e_interceptacion_ilicita;2024;183;683854;Navarra;0.2676;2.6172768878718533
31;navarra;amenazas_y_coacciones;2022;303;672155;Navarra;0.4508;5.510092744135298
31;navarra;amenazas_y_coacciones;2023;343;678333;Navarra;0.5057;4.5886287625418065
31;navarra;amenazas_y_coacciones;2024;335;683854;Navarra;0.4899;4.7911899313501145
31;navarra;contra_el_honor;2022;18;672155;Navarra;0.0268;0.32733224222585927
31;navarra;contra_el_honor;2023;18;678333;Navarra;0.0265;0.2408026755852843
31;navarra;contra_el_honor;2024;28;683854;Navarra;0.0409;0.40045766590389015
31;navarra;contra_la_propiedad_industrial/intelectual;2022;2;672155;Navarra;0.003;0.03637024913620658
31;navarra;contra_la_propiedad_industrial/intelectual;2023;5;678333;Navarra;0.0074;0.06688963210702341
31;navarra;contra_la_propiedad_industrial/intelectual;2024;2;683854;Navarra;0.0029;0.028604118993135013
31;navarra;delitos_sexuales;2022;26;672155;Navarra;0.0387;0.4728132387706856
31;navarra;delitos_sexuales;2023;50;678333;Navarra;0.0737;0.6688963210702341
31;navarra;delitos_sexuales;2024;50;683854;Navarra;0.0731;0.7151029748283754
31;navarra;falsificacion_informatica;2022;214;672155;Navarra;0.3184;3.891616657574105
31;navarra;falsificacion_informatica;2023;267;678333;Navarra;0.3936;3.5719063545150505
31;navarra;falsificacion_informatica;2024;283;683854;Navarra;0.4138;4.047482837528604
31;navarra;interferencia_en_los_datos_y_en_el_sistema;2022;28;672155;Navarra;0.0417;0.5091834879068922
31;navarra;interferencia_en_los_datos_y_en_el_sistema;2023;29;678333;Navarra;0.0428;0.38795986622073575
31;navarra;interferencia_en_los_datos_y_en_el_sistema;2024;21;683854;Navarra;0.0307;0.3003432494279176
32;ourense;acceso__e_interceptacion_ilicita;2022;14;304563;Galicia;0.046;0.5575467941059339
32;ourense;acceso__e_interceptacion_ilicita;2023;22;304467;Galicia;0.0723;0.9769094138543518
32;ourense;acceso__e_interceptacion_ilicita;2024;78;305278;Galicia;0.2555;3.515096890491212
32;ourense;amenazas_y_coacciones;2022;117;304563;Galicia;0.3842;4.659498207885305
32;ourense;amenazas_y_coacciones;2023;179;304467;Galicia;0.5879;7.948490230905861
32;ourense;amenazas_y_coacciones;2024;163;305278;Galicia;0.5339;7.345651194231635
32;ourense;contra_el_honor;2022;18;304563;Galicia;0.0591;0.7168458781362007
32;ourense;contra_el_honor;2023;24;304467;Galicia;0.0788;1.0657193605683837
32;ourense;contra_el_honor;2024;15;305278;Galicia;0.0491;0.67598017124831
32;ourense;contra_la_propiedad_industrial/intelectual;2022;1;304563;Galicia;0.0033;0.039824771007566706
32;ourense;contra_la_propiedad_industrial/intelectual;2023;2;304467;Galicia;0.0066;0.08880994671403197
32;ourense;contra_la_propiedad_industrial/intelectual;2024;4;305278;Galicia;0.0131;0.18026137899954936
32;ourense;delitos_sexuales;2022;13;304563;Galicia;0.0427;0.5177220230983672
32;ourense;delitos_sexuales;2023;9;304467;Galicia;0.0296;0.3996447602131439
32;ourense;delitos_sexuales;2024;8;305278;Galicia;0.0262;0.3605227579990987
32;ourense;falsificacion_informatica;2022;125;304563;Galicia;0.4104;4.978096375945838
32;ourense;falsificacion_informatica;2023;110;304467;Galicia;0.3613;4.8845470692717585
32;ourense;falsificacion_informatica;2024;99;305278;Galicia;0.3243;4.4614691302388465
32;ourense;interferencia_en_los_datos_y_en_el_sistema;2022;6;304563;Galicia;0.0197;0.23894862604540024
32;ourense;interferencia_en_los_datos_y_en_el_sistema;2023;1;304467;Galicia;0.0033;0.04440497335701599
32;ourense;interferencia_en_los_datos_y_en_el_sistema;2024;10;305278;Galicia;0.0328;0.45065344749887337
34;palencia;acceso__e_interceptacion_ilicita;2022;12;157787;Castilla y León;0.0761;0.8620689655172413
34;palencia;acceso__e_interceptacion_ilicita;2023;15;158063;Castilla y León;0.0949;1.043115438108484
34;palencia;acceso__e_interceptacion_ilicita;2024;54;158702;Castilla y León;0.3403;3.2926829268292686
34;palencia;amenazas_y_coacciones;2022;69;157787;Castilla y León;0.4373;4.956896551724138
34;palencia;amenazas_y_coacciones;2023;54;158063;Castilla y León;0.3416;3.7552155771905427
34;palencia;amenazas_y_coacciones;2024;57;158702;Castilla y León;0.3592;3.4756097560975614
34;palencia;contra_el_honor;2022;2;157787;Castilla y León;0.0127;0.14367816091954022
34;palencia;contra_el_honor;2023;4;158063;Castilla y León;0.0253;0.27816411682892905
34;palencia;contra_el_honor;2024;2;158702;Castilla y León;0.0126;0.12195121951219512
34;palencia;contra_la_propiedad_industrial/intelectual;2022;0;157787;Castilla y León;0.0;0.0
34;palencia;contra_la_propiedad_industrial/intelectual;2023;1;158063;Castilla y León;0.0063;0.06954102920723226
34;palencia;contra_la_propiedad_industrial/intelectual;2024;0;158702;Castilla y León;0.0;0.0
34;palencia;delitos_sexuales;2022;3;157787;Castilla y León;0.019;0.21551724137931033
34;palencia;delitos_sexuales;2023;4;158063;Castilla y León;0.0253;0.27816411682892905
34;palencia;delitos_sexuales;2024;5;158702;Castilla y León;0.0315;0.3048780487804878
34;palencia;falsificacion_informatica;2022;30;157787;Castilla y León;0.1901;2.1551724137931036
34;palencia;falsificacion_informatica;2023;36;158063;Castilla y León;0.2278;2.5034770514603615
34;palencia;falsificacion_informatica;2024;84;158702;Castilla y León;0.5293;5.121951219512195
34;palencia;interferencia_en_los_datos_y_en_el_sistema;2022;2;157787;Castilla y León;0.0127;0.14367816091954022
34;palencia;interferencia_en_los_datos_y_en_el_sistema;2023;0;158063;Castilla y León;0.0;0.0
34;palencia;interferencia_en_los_datos_y_en_el_sistema;2024;6;158702;Castilla y León;0.0378;0.3658536585365854
35;palmas;acceso__e_interceptacion_ilicita;2022;151;1145843;Canarias;0.1318;1.8748447976160914
35;palmas;acceso__e_interceptacion_ilicita;2023;266;1159890;Canarias;0.2293;2.5717876824905734
35;palmas;acceso__e_interceptacion_ilicita;2024;268;1171547;Canarias;0.2288;2.8169014084507045
35;palmas;amenazas_y_coacciones;2022;616;1145843;Canarias;0.5376;7.648373479016637
35;palmas;amenazas_y_coacciones;2023;513;1159890;Canarias;0.4423;4.959876244803248
35;palmas;amenazas_y_coacciones;2024;396;1171547;Canarias;0.338;4.162287155770444
35;palmas;contra_el_honor;2022;51;1145843;Canarias;0.0445;0.6332257263471567
35;palmas;contra_el_honor;2023;45;1159890;Canarias;0.0388;0.4350768635792323
35;palmas;contra_el_honor;2024;47;1171547;Canarias;0.0401;0.49400882909396676
35;palmas;contra_la_propiedad_industrial/intelectual;2022;1;1145843;Canarias;0.0009;0.012416190712689347
35;palmas;contra_la_propiedad_industrial/intelectual;2023;1;1159890;Canarias;0.0009;0.009668374746205162
35;palmas;contra_la_propiedad_industrial/intelectual;2024;3;1171547;Canarias;0.0026;0.03153247845280639
35;palmas;delitos_sexuales;2022;56;1145843;Canarias;0.0489;0.6953066799106034
35;palmas;delitos_sexuales;2023;60;1159890;Canarias;0.0517;0.5801024847723097
35;palmas;delitos_sexuales;2024;37;1171547;Canarias;0.0316;0.3889005675846121
35;palmas;falsificacion_informatica;2022;288;1145843;Canarias;0.2513;3.575862925254532
35;palmas;falsificacion_informatica;2023;277;1159890;Canarias;0.2388;2.67813980469883
35;palmas;falsificacion_informatica;2024;335;1171547;Canarias;0.2859;3.5211267605633805
35;palmas;interferencia_en_los_datos_y_en_el_sistema;2022;38;1145843;Canarias;0.0332;0.47181524708219513
35;palmas;interferencia_en_los_datos_y_en_el_sistema;2023;29;1159890;Canarias;0.025;0.28038286763994974
35;palmas;interferencia_en_los_datos_y_en_el_sistema;2024;27;1171547;Canarias;0.023;0.2837923060752575
36;pontevedra;acceso__e_interceptacion_ilicita;2022;114;946710;Galicia;0.1204;1.418792781580585
36;pontevedra;acceso__e_interceptacion_ilicita;2023;189;947869;Galicia;0.1994;2.216488800281459
36;pontevedra;acceso__e_interceptacion_ilicita;2024;222;947818;Galicia;0.2342;2.425169324885296
36;pontevedra;amenazas_y_coacciones;2022;475;946710;Galicia;0.5017;5.9116365899191035
36;pontevedra;amenazas_y_coacciones;2023;418;947869;Galicia;0.441;4.902075759352645
36;pontevedra;amenazas_y_coacciones;2024;553;947818;Galicia;0.5834;6.041074939916976
36;pontevedra;contra_el_honor;2022;72;946710;Galicia;0.0761;0.8960796515245799
36;pontevedra;contra_el_honor;2023;41;947869;Galicia;0.0433;0.4808256127594699
36;pontevedra;contra_el_honor;2024;68;947818;Galicia;0.0717;0.7428446580729736
36;pontevedra;contra_la_propiedad_industrial/intelectual;2022;0;946710;Galicia;0.0;0.0
36;pontevedra;contra_la_propiedad_industrial/intelectual;2023;3;947869;Galicia;0.0032;0.035182361909229506
36;pontevedra;contra_la_propiedad_industrial/intelectual;2024;2;947818;Galicia;0.0021;0.021848372296263928
36;pontevedra;delitos_sexuales;2022;25;946710;Galicia;0.0264;0.3111387678904792
36;pontevedra;delitos_sexuales;2023;36;947869;Galicia;0.038;0.422188342910754
36;pontevedra;delitos_sexuales;2024;35;947818;Galicia;0.0369;0.38234651518461876
36;pontevedra;falsificacion_informatica;2022;261;946710;Galicia;0.2757;3.248288736776602
36;pontevedra;falsificacion_informatica;2023;397;947869;Galicia;0.4188;4.655799225988038
36;pontevedra;falsificacion_informatica;2024;485;947818;Galicia;0.5117;5.298230281844003
36;pontevedra;interferencia_en_los_datos_y_en_el_sistema;2022;54;946710;Galicia;0.057;0.6720597386434349
36;pontevedra;interferencia_en_los_datos_y_en_el_sistema;2023;64;947869;Galicia;0.0675;0.7505570540635628
36;pontevedra;interferencia_en_los_datos_y_en_el_sistema;2024;88;947818;Galicia;0.0928;0.9613283810356128
26;rioja;acceso__e_interceptacion_ilicita;2022;81;322282;La Rioja;0.2513;3.3292231812577064
26;rioja;acceso__e_interceptacion_ilicita;2023;111;324184;La Rioja;0.3424;4.695431472081219
26;rioja;acceso__e_interceptacion_ilicita;2024;140;326803;La Rioja;0.4284;6.055363321799308
26;rioja;amenazas_y_coacciones;2022;124;322282;La Rioja;0.3848;5.09658857377723
26;rioja;amenazas_y_coacciones;2023;132;324184;La Rioja;0.4072;5.583756345177665
26;rioja;amenazas_y_coacciones;2024;161;326803;La Rioja;0.4927;6.963667820069204
26;rioja;contra_el_honor;2022;1;322282;La Rioja;0.0031;0.04110152075626798
26;rioja;contra_el_honor;2023;9;324184;La Rioja;0.0278;0.3807106598984772
26;rioja;contra_el_honor;2024;10;326803;La Rioja;0.0306;0.43252595155709345
26;rioja;contra_la_propiedad_industrial/intelectual;2022;1;322282;La Rioja;0.0031;0.04110152075626798
26;rioja;contra_la_propiedad_industrial/intelectual;2023;1;324184;La Rioja;0.0031;0.04230118443316413
26;rioja;contra_la_propiedad_industrial/intelectual;2024;2;326803;La Rioja;0.0061;0.08650519031141869
26;rioja;delitos_sexuales;2022;8;322282;La Rioja;0.0248;0.32881216605014385
26;rioja;delitos_sexuales;2023;11;324184;La Rioja;0.0339;0.4653130287648054
26;rioja;delitos_sexuales;2024;6;326803;La Rioja;0.0184;0.25951557093425603
26;rioja;falsificacion_informatica;2022;60;322282;La Rioja;0.1862;2.466091245376079
26;rioja;falsificacion_informatica;2023;68;324184;La Rioja;0.2098;2.8764805414551606
26;rioja;falsificacion_informatica;2024;120;326803;La Rioja;0.3672;5.190311418685121
26;rioja;interferencia_en_los_datos_y_en_el_sistema;2022;6;322282;La Rioja;0.0186;0.2466091245376079
26;rioja;interferencia_en_los_datos_y_en_el_sistema;2023;11;324184;La Rioja;0.0339;0.4653130287648054
26;rioja;interferencia_en_los_datos_y_en_el_sistema;2024;5;326803;La Rioja;0.0153;0.21626297577854672
37;salamanca;acceso__e_interceptacion_ilicita;2022;57;327089;Castilla y León;0.1743;1.6248574686431014
37;salamanca;acceso__e_interceptacion_ilicita;2023;99;327552;Castilla y León;0.3022;2.6045777426992895
37;salamanca;acceso__e_interceptacion_ilicita;2024;151;328446;Castilla y León;0.4597;3.965336134453781
37;salamanca;amenazas_y_coacciones;2022;157;327089;Castilla y León;0.48;4.475484606613455
37;salamanca;amenazas_y_coacciones;2023;173;327552;Castilla y León;0.5282;4.551433833201789
37;salamanca;amenazas_y_coacciones;2024;151;328446;Castilla y León;0.4597;3.965336134453781
37;salamanca;contra_el_honor;2022;4;327089;Castilla y León;0.0122;0.11402508551881414
37;salamanca;contra_el_honor;2023;9;327552;Castilla y León;0.0275;0.23677979479084454
37;salamanca;contra_el_honor;2024;10;328446;Castilla y León;0.0304;0.26260504201680673
37;salamanca;contra_la_propiedad_industrial/intelectual;2022;1;327089;Castilla y León;0.0031;0.028506271379703536
37;salamanca;contra_la_propiedad_industrial/intelectual;2023;0;327552;Castilla y León;0.0;0.0
37;salamanca;contra_la_propiedad_industrial/intelectual;2024;2;328446;Castilla y León;0.0061;0.052521008403361345
37;salamanca;delitos_sexuales;2022;7;327089;Castilla y León;0.0214;0.19954389965792474
37;salamanca;delitos_sexuales;2023;13;327552;Castilla y León;0.0397;0.342015259142331
37;salamanca;delitos_sexuales;2024;9;328446;Castilla y León;0.0274;0.23634453781512604
37;salamanca;falsificacion_informatica;2022;242;327089;Castilla y León;0.7399;6.8985176738882545
37;salamanca;falsificacion_informatica;2023;267;327552;Castilla y León;0.8151;7.02446724546172
37;salamanca;falsificacion_informatica;2024;286;328446;Castilla y León;0.8708;7.510504201680672
37;salamanca;interferencia_en_los_datos_y_en_el_sistema;2022;38;327089;Castilla y León;0.1162;1.0832383124287344
37;salamanca;interferencia_en_los_datos_y_en_el_sistema;2023;19;327552;Castilla y León;0.058;0.4998684556695606
37;salamanca;interferencia_en_los_datos_y_en_el_sistema;2024;32;328446;Castilla y León;0.0974;0.8403361344537815
38;santa_cruz_de_tenerife;acceso__e_interceptacion_ilicita;2022;101;1067173;Canarias;0.0946;1.7939609236234457
38;santa_cruz_de_tenerife;acceso__e_interceptacion_ilicita;2023;97;1078864;Canarias;0.0899;1.3236899563318776
38;santa_cruz_de_tenerife;acceso__e_interceptacion_ilicita;2024;150;1087319;Canarias;0.138;2.0709650697224906
38;santa_cruz_de_tenerife;amenazas_y_coacciones;2022;412;1067173;Canarias;0.3861;7.317939609236235
38;santa_cruz_de_tenerife;amenazas_y_coacciones;2023;358;1078864;Canarias;0.3318;4.885371179039302
38;santa_cruz_de_tenerife;amenazas_y_coacciones;2024;370;1087319;Canarias;0.3403;5.108380505315477
38;santa_cruz_de_tenerife;contra_el_honor;2022;21;1067173;Canarias;0.0197;0.37300177619893427
38;santa_cruz_de_tenerife;contra_el_honor;2023;18;1078864;Canarias;0.0167;0.24563318777292578
38;santa_cruz_de_tenerife;contra_el_honor;2024;13;1087319;Canarias;0.012;0.1794836393759492
38;santa_cruz_de_tenerife;contra_la_propiedad_industrial/intelectual;2022;1;1067173;Canarias;0.0009;0.017761989342806393
38;santa_cruz_de_tenerife;contra_la_propiedad_industrial/intelectual;2023;3;1078864;Canarias;0.0028;0.04093886462882096
38;santa_cruz_de_tenerife;contra_la_propiedad_industrial/intelectual;2024;2;1087319;Canarias;0.0018;0.027612867596299873
38;santa_cruz_de_tenerife;delitos_sexuales;2022;41;1067173;Canarias;0.0384;0.7282415630550622
38;santa_cruz_de_tenerife;delitos_sexuales;2023;32;1078864;Canarias;0.0297;0.43668122270742354
38;santa_cruz_de_tenerife;delitos_sexuales;2024;33;1087319;Canarias;0.0303;0.45561231533894797
38;santa_cruz_de_tenerife;falsificacion_informatica;2022;185;1067173;Canarias;0.1734;3.285968028419183
38;santa_cruz_de_tenerife;falsificacion_informatica;2023;194;1078864;Canarias;0.1798;2.647379912663755
38;santa_cruz_de_tenerife;falsificacion_informatica;2024;285;1087319;Canarias;0.2621;3.9348336324727327
38;santa_cruz_de_tenerife;interferencia_en_los_datos_y_en_el_sistema;2022;23;1067173;Canarias;0.0216;0.4085257548845471
38;santa_cruz_de_tenerife;interferencia_en_los_datos_y_en_el_sistema;2023;26;1078864;Canarias;0.0241;0.3548034934497817
38;santa_cruz_de_tenerife;interferencia_en_los_datos_y_en_el_sistema;2024;27;1087319;Canarias;0.0248;0.3727737125500483
40;segovia;acceso__e_interceptacion_ilicita;2022;14;155332;Castilla y León;0.0901;1.0769230769230769
40;segovia;acceso__e_interceptacion_ilicita;2023;17;156620;Castilla y León;0.1085;0.9164420485175202
40;segovia;acceso__e_interceptacion_ilicita;2024;19;158251;Castilla y León;0.1201;0.9973753280839894
40;segovia;amenazas_y_coacciones;2022;69;155332;Castilla y León;0.4442;5.3076923076923075
40;segovia;amenazas_y_coacciones;2023;81;156620;Castilla y León;0.5172;4.366576819407008
40;segovia;amenazas_y_coacciones;2024;71;158251;Castilla y León;0.4487;3.727034120734908
40;segovia;contra_el_honor;2022;8;155332;Castilla y León;0.0515;0.6153846153846154
40;segovia;contra_el_honor;2023;18;156620;Castilla y León;0.1149;0.9703504043126685
40;segovia;contra_el_honor;2024;5;158251;Castilla y León;0.0316;0.26246719160104987
40;segovia;contra_la_propiedad_industrial/intelectual;2022;0;155332;Castilla y León;0.0;0.0
40;segovia;contra_la_propiedad_industrial/intelectual;2023;0;156620;Castilla y León;0.0;0.0
40;segovia;contra_la_propiedad_industrial/intelectual;2024;0;158251;Castilla y León;0.0;0.0
40;segovia;delitos_sexuales;2022;3;155332;Castilla y León;0.0193;0.23076923076923078
40;segovia;delitos_sexuales;2023;7;156620;Castilla y León;0.0447;0.37735849056603776
40;segovia;delitos_sexuales;2024;4;158251;Castilla y León;0.0253;0.2099737532808399
40;segovia;falsificacion_informatica;2022;95;155332;Castilla y León;0.6116;7.307692307692308
40;segovia;falsificacion_informatica;2023;76;156620;Castilla y León;0.4853;4.097035040431267
40;segovia;falsificacion_informatica;2024;73;158251;Castilla y León;0.4613;3.832020997375328
40;segovia;interferencia_en_los_datos_y_en_el_sistema;2022;1;155332;Castilla y León;0.0064;0.07692307692307693
40;segovia;interferencia_en_los_datos_y_en_el_sistema;2023;1;156620;Castilla y León;0.0064;0.05390835579514825
40;segovia;interferencia_en_los_datos_y_en_el_sistema;2024;2;158251;Castilla y León;0.0126;0.10498687664041995
41;sevilla;acceso__e_interceptacion_ilicita;2022;314;1959394;Andalucía;0.1603;2.1521590130226183
41;sevilla;acceso__e_interceptacion_ilicita;2023;453;1968624;Andalucía;0.2301;2.3891144981804757
41;sevilla;acceso__e_interceptacion_ilicita;2024;602;1977664;Andalucía;0.3044;3.108219743907476
41;sevilla;amenazas_y_coacciones;2022;879;1959394;Andalucía;0.4486;6.024674434544208
41;sevilla;amenazas_y_coacciones;2023;909;1968624;Andalucía;0.4617;4.794050946680027
41;sevilla;amenazas_y_coacciones;2024;1071;1977664;Andalucía;0.5415;5.529739776951673
41;sevilla;contra_el_honor;2022;95;1959394;Andalucía;0.0485;0.6511309115832763
41;sevilla;contra_el_honor;2023;86;1968624;Andalucía;0.0437;0.45356257581351195
41;sevilla;contra_el_honor;2024;89;1977664;Andalucía;0.045;0.4595208591491119
41;sevilla;contra_la_propiedad_industrial/intelectual;2022;8;1959394;Andalucía;0.0041;0.054832076764907464
41;sevilla;contra_la_propiedad_industrial/intelectual;2023;4;1968624;Andalucía;0.002;0.021095933758767997
41;sevilla;contra_la_propiedad_industrial/intelectual;2024;4;1977664;Andalucía;0.002;0.020652622883106157
41;sevilla;delitos_sexuales;2022;136;1959394;Andalucía;0.0694;0.9321453050034271
41;sevilla;delitos_sexuales;2023;131;1968624;Andalucía;0.0665;0.6908918305996519
41;sevilla;delitos_sexuales;2024;81;1977664;Andalucía;0.041;0.4182156133828996
41;sevilla;falsificacion_informatica;2022;241;1959394;Andalucía;0.123;1.6518163125428376
41;sevilla;falsificacion_informatica;2023;249;1968624;Andalucía;0.1265;1.313221876483308
41;sevilla;falsificacion_informatica;2024;412;1977664;Andalucía;0.2083;2.127220156959934
41;sevilla;interferencia_en_los_datos_y_en_el_sistema;2022;67;1959394;Andalucía;0.0342;0.4592186429061001
41;sevilla;interferencia_en_los_datos_y_en_el_sistema;2023;107;1968624;Andalucía;0.0544;0.564316228047044
41;sevilla;interferencia_en_los_datos_y_en_el_sistema;2024;111;1977664;Andalucía;0.0561;0.5731102850061958
42;soria;acceso__e_interceptacion_ilicita;2022;10;89528;Castilla y León;0.1117;0.9587727708533078
42;soria;acceso__e_interceptacion_ilicita;2023;12;90073;Castilla y León;0.1332;0.9779951100244498
42;soria;acceso__e_interceptacion_ilicita;2024;9;90183;Castilla y León;0.0998;0.8928571428571428
42;soria;amenazas_y_coacciones;2022;44;89528;Castilla y León;0.4915;4.218600191754554
42;soria;amenazas_y_coacciones;2023;41;90073;Castilla y León;0.4552;3.341483292583537
42;soria;amenazas_y_coacciones;2024;39;90183;Castilla y León;0.4325;3.869047619047619
42;soria;contra_el_honor;2022;1;89528;Castilla y León;0.0112;0.09587727708533077
42;soria;contra_el_honor;2023;2;90073;Castilla y León;0.0222;0.16299918500407498
42;soria;contra_el_honor;2024;6;90183;Castilla y León;0.0665;0.5952380952380952
42;soria;contra_la_propiedad_industrial/intelectual;2022;0;89528;Castilla y León;0.0;0.0
42;soria;contra_la_propiedad_industrial/intelectual;2023;1;90073;Castilla y León;0.0111;0.08149959250203749
42;soria;contra_la_propiedad_industrial/intelectual;2024;0;90183;Castilla y León;0.0;0.0
42;soria;delitos_sexuales;2022;3;89528;Castilla y León;0.0335;0.28763183125599234
42;soria;delitos_sexuales;2023;2;90073;Castilla y León;0.0222;0.16299918500407498
42;soria;delitos_sexuales;2024;1;90183;Castilla y León;0.0111;0.0992063492063492
42;soria;falsificacion_informatica;2022;19;89528;Castilla y León;0.2122;1.821668264621285
42;soria;falsificacion_informatica;2023;43;90073;Castilla y León;0.4774;3.5044824775876124
42;soria;falsificacion_informatica;2024;54;90183;Castilla y León;0.5988;5.357142857142857
42;soria;interferencia_en_los_datos_y_en_el_sistema;2022;5;89528;Castilla y León;0.0558;0.4793863854266539
42;soria;interferencia_en_los_datos_y_en_el_sistema;2023;6;90073;Castilla y León;0.0666;0.4889975550122249
42;soria;interferencia_en_los_datos_y_en_el_sistema;2024;6;90183;Castilla y León;0.0665;0.5952380952380952
43;tarragona;acceso__e_interceptacion_ilicita;2022;87;848592;Cataluña;0.1025;1.408906882591093
43;tarragona;acceso__e_interceptacion_ilicita;2023;75;861744;Cataluña;0.087;0.9579767530974581
43;tarragona;acceso__e_interceptacion_ilicita;2024;64;875530;Cataluña;0.0731;0.8153904956045356
43;tarragona;amenazas_y_coacciones;2022;76;848592;Cataluña;0.0896;1.2307692307692308
43;tarragona;amenazas_y_coacciones;2023;67;861744;Cataluña;0.0777;0.8557925661003959
43;tarragona;amenazas_y_coacciones;2024;88;875530;Cataluña;0.1005;1.1211619314562364
43;tarragona;contra_el_honor;2022;0;848592;Cataluña;0.0;0.0
43;tarragona;contra_el_honor;2023;1;861744;Cataluña;0.0012;0.012773023374632776
43;tarragona;contra_el_honor;2024;1;875530;Cataluña;0.0011;0.012740476493820868
43;tarragona;contra_la_propiedad_industrial/intelectual;2022;4;848592;Cataluña;0.0047;0.06477732793522267
43;tarragona;contra_la_propiedad_industrial/intelectual;2023;0;861744;Cataluña;0.0;0.0
43;tarragona;contra_la_propiedad_industrial/intelectual;2024;1;875530;Cataluña;0.0011;0.012740476493820868
43;tarragona;delitos_sexuales;2022;16;848592;Cataluña;0.0189;0.2591093117408907
43;tarragona;delitos_sexuales;2023;16;861744;Cataluña;0.0186;0.2043683739941244
43;tarragona;delitos_sexuales;2024;17;875530;Cataluña;0.0194;0.2165881003949548
43;tarragona;falsificacion_informatica;2022;81;848592;Cataluña;0.0955;1.311740890688259
43;tarragona;falsificacion_informatica;2023;77;861744;Cataluña;0.0894;0.9835227998467237
43;tarragona;falsificacion_informatica;2024;520;875530;Cataluña;0.5939;6.625047776786852
43;tarragona;interferencia_en_los_datos_y_en_el_sistema;2022;5;848592;Cataluña;0.0059;0.08097165991902834
43;tarragona;interferencia_en_los_datos_y_en_el_sistema;2023;7;861744;Cataluña;0.0081;0.08941116362242943
43;tarragona;interferencia_en_los_datos_y_en_el_sistema;2024;6;875530;Cataluña;0.0069;0.07644285896292521
44;teruel;acceso__e_interceptacion_ilicita;2022;4;135046;Aragón;0.0296;0.468384074941452
44;teruel;acceso__e_interceptacion_ilicita;2023;10;135309;Aragón;0.0739;0.7757951900698216
44;teruel;acceso__e_interceptacion_ilicita;2024;10;136091;Aragón;0.0735;0.7722007722007722
44;teruel;amenazas_y_coacciones;2022;43;135046;Aragón;0.3184;5.035128805620609
44;teruel;amenazas_y_coacciones;2023;74;135309;Aragón;0.5469;5.740884406516679
44;teruel;amenazas_y_coacciones;2024;75;136091;Aragón;0.5511;5.7915057915057915
44;teruel;contra_el_honor;2022;2;135046;Aragón;0.0148;0.234192037470726
44;teruel;contra_el_honor;2023;3;135309;Aragón;0.0222;0.23273855702094648
44;teruel;contra_el_honor;2024;4;136091;Aragón;0.0294;0.3088803088803089
44;teruel;contra_la_propiedad_industrial/intelectual;2022;1;135046;Aragón;0.0074;0.117096018735363
44;teruel;contra_la_propiedad_industrial/intelectual;2023;0;135309;Aragón;0.0;0.0
44;teruel;contra_la_propiedad_industrial/intelectual;2024;1;136091;Aragón;0.0073;0.07722007722007722
44;teruel;delitos_sexuales;2022;5;135046;Aragón;0.037;0.5854800936768151
44;teruel;delitos_sexuales;2023;1;135309;Aragón;0.0074;0.07757951900698215
44;teruel;delitos_sexuales;2024;4;136091;Aragón;0.0294;0.3088803088803089
44;teruel;falsificacion_informatica;2022;22;135046;Aragón;0.1629;2.576112412177986
44;teruel;falsificacion_informatica;2023;41;135309;Aragón;0.303;3.180760279286268
44;teruel;falsificacion_informatica;2024;66;136091;Aragón;0.485;5.096525096525097
44;teruel;interferencia_en_los_datos_y_en_el_sistema;2022;2;135046;Aragón;0.0148;0.234192037470726
44;teruel;interferencia_en_los_datos_y_en_el_sistema;2023;6;135309;Aragón;0.0443;0.46547711404189296
44;teruel;interferencia_en_los_datos_y_en_el_sistema;2024;6;136091;Aragón;0.0441;0.4633204633204633
45;toledo;acceso__e_interceptacion_ilicita;2022;36;731112;Castilla-La Mancha;0.0492;0.6297008920762638
45;toledo;acceso__e_interceptacion_ilicita;2023;48;743165;Castilla-La Mancha;0.0646;0.6674082313681869
45;toledo;acceso__e_interceptacion_ilicita;2024;123;755081;Castilla-La Mancha;0.1629;1.8187195031790626
45;toledo;amenazas_y_coacciones;2022;430;731112;Castilla-La Mancha;0.5881;7.521427322022039
45;toledo;amenazas_y_coacciones;2023;406;743165;Castilla-La Mancha;0.5463;5.64516129032258
45;toledo;amenazas_y_coacciones;2024;333;755081;Castilla-La Mancha;0.441;4.9238503622652665
45;toledo;contra_el_honor;2022;20;731112;Castilla-La Mancha;0.0274;0.34983382893125764
45;toledo;contra_el_honor;2023;39;743165;Castilla-La Mancha;0.0525;0.5422691879866518
45;toledo;contra_el_honor;2024;27;755081;Castilla-La Mancha;0.0358;0.3992311104539406
45;toledo;contra_la_propiedad_industrial/intelectual;2022;0;731112;Castilla-La Mancha;0.0;0.0
45;toledo;contra_la_propiedad_industrial/intelectual;2023;0;743165;Castilla-La Mancha;0.0;0.0
45;toledo;contra_la_propiedad_industrial/intelectual;2024;2;755081;Castilla-La Mancha;0.0026;0.02957267484844004
45;toledo;delitos_sexuales;2022;31;731112;Castilla-La Mancha;0.0424;0.5422424348434494
45;toledo;delitos_sexuales;2023;20;743165;Castilla-La Mancha;0.0269;0.27808676307007785
45;toledo;delitos_sexuales;2024;25;755081;Castilla-La Mancha;0.0331;0.3696584356055005
45;toledo;falsificacion_informatica;2022;390;731112;Castilla-La Mancha;0.5334;6.821759664159524
45;toledo;falsificacion_informatica;2023;378;743165;Castilla-La Mancha;0.5086;5.2558398220244715
45;toledo;falsificacion_informatica;2024;387;755081;Castilla-La Mancha;0.5125;5.7223125831731485
45;toledo;interferencia_en_los_datos_y_en_el_sistema;2022;10;731112;Castilla-La Mancha;0.0137;0.17491691446562882
45;toledo;interferencia_en_los_datos_y_en_el_sistema;2023;17;743165;Castilla-La Mancha;0.0229;0.2363737486095662
45;toledo;interferencia_en_los_datos_y_en_el_sistema;2024;18;755081;Castilla-La Mancha;0.0238;0.2661540736359604
46;valencia;acceso__e_interceptacion_ilicita;2022;277;2656841;C. Valenciana;0.1043;1.5092078021139805
46;valencia;acceso__e_interceptacion_ilicita;2023;401;2710808;C. Valenciana;0.1479;1.5917751667195934
46;valencia;acceso__e_interceptacion_ilicita;2024;485;2763996;C. Valenciana;0.1755;1.9827480479130042
46;valencia;amenazas_y_coacciones;2022;1053;2656841;C. Valenciana;0.3963;5.737169009480223
46;valencia;amenazas_y_coacciones;2023;1030;2710808;C. Valenciana;0.38;4.088599555414417
46;valencia;amenazas_y_coacciones;2024;929;2763996;C. Valenciana;0.3361;3.7978823433220223
46;valencia;contra_el_honor;2022;84;2656841;C. Valenciana;0.0316;0.4576659038901602
46;valencia;contra_el_honor;2023;73;2710808;C. Valenciana;0.0269;0.2897745315973325
46;valencia;contra_el_honor;2024;60;2763996;C. Valenciana;0.0217;0.24528841829851603
46;valencia;contra_la_propiedad_industrial/intelectual;2022;4;2656841;C. Valenciana;0.0015;0.021793614470960006
46;valencia;contra_la_propiedad_industrial/intelectual;2023;7;2710808;C. Valenciana;0.0026;0.027786598920292158
46;valencia;contra_la_propiedad_industrial/intelectual;2024;20;2763996;C. Valenciana;0.0072;0.08176280609950533
46;valencia;delitos_sexuales;2022;72;2656841;C. Valenciana;0.0271;0.3922850604772802
46;valencia;delitos_sexuales;2023;81;2710808;C. Valenciana;0.0299;0.321530644649095
46;valencia;delitos_sexuales;2024;102;2763996;C. Valenciana;0.0369;0.4169903111074772
46;valencia;falsificacion_informatica;2022;1105;2656841;C. Valenciana;0.4159;6.0204859976027025
46;valencia;falsificacion_informatica;2023;1482;2710808;C. Valenciana;0.5467;5.882819942838997
46;valencia;falsificacion_informatica;2024;1229;2763996;C. Valenciana;0.4446;5.024324434814602
46;valencia;interferencia_en_los_datos_y_en_el_sistema;2022;136;2656841;C. Valenciana;0.0512;0.7409828920126403
46;valencia;interferencia_en_los_datos_y_en_el_sistema;2023;151;2710808;C. Valenciana;0.0557;0.5993966338520165
46;valencia;interferencia_en_los_datos_y_en_el_sistema;2024;179;2763996;C. Valenciana;0.0648;0.7317771145905727
47;valladolid;acceso__e_interceptacion_ilicita;2022;119;521333;Castilla y León;0.2283;2.2520817562452686
47;valladolid;acceso__e_interceptacion_ilicita;2023;91;525116;Castilla y León;0.1733;1.5018980029707873
47;valladolid;acceso__e_interceptacion_ilicita;2024;142;528644;Castilla y León;0.2686;2.3382183434875676
47;valladolid;amenazas_y_coacciones;2022;180;521333;Castilla y León;0.3453;3.4065102195306585
47;valladolid;amenazas_y_coacciones;2023;224;525116;Castilla y León;0.4266;3.696979699620399
47;valladolid;amenazas_y_coacciones;2024;226;528644;Castilla y León;0.4275;3.7213897579450026
47;valladolid;contra_el_honor;2022;12;521333;Castilla y León;0.023;0.22710068130204392
47;valladolid;contra_el_honor;2023;16;525116;Castilla y León;0.0305;0.26406997854431424
47;valladolid;contra_el_honor;2024;14;528644;Castilla y León;0.0265;0.23052856907623911
47;valladolid;contra_la_propiedad_industrial/intelectual;2022;1;521333;Castilla y León;0.0019;0.018925056775170326
47;valladolid;contra_la_propiedad_industrial/intelectual;2023;3;525116;Castilla y León;0.0057;0.04951312097705893
47;valladolid;contra_la_propiedad_industrial/intelectual;2024;1;528644;Castilla y León;0.0019;0.016466326362588508
47;valladolid;delitos_sexuales;2022;23;521333;Castilla y León;0.0441;0.43527630582891746
47;valladolid;delitos_sexuales;2023;17;525116;Castilla y León;0.0324;0.2805743522033339
47;valladolid;delitos_sexuales;2024;13;528644;Castilla y León;0.0246;0.2140622427136506
47;valladolid;falsificacion_informatica;2022;126;521333;Castilla y León;0.2417;2.384557153671461
47;valladolid;falsificacion_informatica;2023;239;525116;Castilla y León;0.4551;3.944545304505694
47;valladolid;falsificacion_informatica;2024;271;528644;Castilla y León;0.5126;4.462374444261485
47;valladolid;interferencia_en_los_datos_y_en_el_sistema;2022;48;521333;Castilla y León;0.0921;0.9084027252081757
47;valladolid;interferencia_en_los_datos_y_en_el_sistema;2023;76;525116;Castilla y León;0.1447;1.2543323980854928
47;valladolid;interferencia_en_los_datos_y_en_el_sistema;2024;67;528644;Castilla y León;0.1267;1.10324386629343
49;zamora;acceso__e_interceptacion_ilicita;2022;22;166927;Castilla y León;0.1318;2.2494887525562373
49;zamora;acceso__e_interceptacion_ilicita;2023;14;166253;Castilla y León;0.0842;0.9907997169143666
49;zamora;acceso__e_interceptacion_ilicita;2024;23;165564;Castilla y León;0.1389;1.6763848396501457
49;zamora;amenazas_y_coacciones;2022;45;166927;Castilla y León;0.2696;4.601226993865031
49;zamora;amenazas_y_coacciones;2023;67;166253;Castilla y León;0.403;4.7416843595187546
49;zamora;amenazas_y_coacciones;2024;66;165564;Castilla y León;0.3986;4.810495626822157
49;zamora;contra_el_honor;2022;4;166927;Castilla y León;0.024;0.408997955010225
49;zamora;contra_el_honor;2023;4;166253;Castilla y León;0.0241;0.28308563340410475
49;zamora;contra_el_honor;2024;5;165564;Castilla y León;0.0302;0.36443148688046645
49;zamora;contra_la_propiedad_industrial/intelectual;2022;0;166927;Castilla y León;0.0;0.0
49;zamora;contra_la_propiedad_industrial/intelectual;2023;0;166253;Castilla y León;0.0;0.0
49;zamora;contra_la_propiedad_industrial/intelectual;2024;0;165564;Castilla y León;0.0;0.0
49;zamora;delitos_sexuales;2022;9;166927;Castilla y León;0.0539;0.9202453987730062
49;zamora;delitos_sexuales;2023;3;166253;Castilla y León;0.018;0.21231422505307856
49;zamora;delitos_sexuales;2024;4;165564;Castilla y León;0.0242;0.2915451895043732
49;zamora;falsificacion_informatica;2022;16;166927;Castilla y León;0.0959;1.6359918200409
49;zamora;falsificacion_informatica;2023;61;166253;Castilla y León;0.3669;4.3170559094125975
49;zamora;falsificacion_informatica;2024;57;165564;Castilla y León;0.3443;4.154518950437318
49;zamora;interferencia_en_los_datos_y_en_el_sistema;2022;8;166927;Castilla y León;0.0479;0.81799591002045
49;zamora;interferencia_en_los_datos_y_en_el_sistema;2023;2;166253;Castilla y León;0.012;0.14154281670205238
49;zamora;interferencia_en_los_datos_y_en_el_sistema;2024;5;165564;Castilla y León;0.0302;0.36443148688046645
50;zaragoza;acceso__e_interceptacion_ilicita;2022;69;979365;Aragón;0.0705;0.9547530095475302
50;zaragoza;acceso__e_interceptacion_ilicita;2023;115;987763;Aragón;0.1164;1.3093476033246043
50;zaragoza;acceso__e_interceptacion_ilicita;2024;198;998443;Aragón;0.1983;2.2229706972044463
50;zaragoza;amenazas_y_coacciones;2022;366;979365;Aragón;0.3737;5.06434205064342
50;zaragoza;amenazas_y_coacciones;2023;435;987763;Aragón;0.4404;4.9527496299669815
50;zaragoza;amenazas_y_coacciones;2024;381;998443;Aragón;0.3816;4.277534523408555
50;zaragoza;contra_el_honor;2022;20;979365;Aragón;0.0204;0.2767400027674
50;zaragoza;contra_el_honor;2023;27;987763;Aragón;0.0273;0.3074120459979506
50;zaragoza;contra_el_honor;2024;17;998443;Aragón;0.017;0.1908611204670484
50;zaragoza;contra_la_propiedad_industrial/intelectual;2022;1;979365;Aragón;0.001;0.01383700013837
50;zaragoza;contra_la_propiedad_industrial/intelectual;2023;2;987763;Aragón;0.002;0.022771262666514858
50;zaragoza;contra_la_propiedad_industrial/intelectual;2024;8;998443;Aragón;0.008;0.0898169978668463
50;zaragoza;delitos_sexuales;2022;36;979365;Aragón;0.0368;0.49813200498132004
50;zaragoza;delitos_sexuales;2023;39;987763;Aragón;0.0395;0.4440396219970397
50;zaragoza;delitos_sexuales;2024;24;998443;Aragón;0.024;0.2694509936005389
50;zaragoza;falsificacion_informatica;2022;141;979365;Aragón;0.144;1.9510170195101701
50;zaragoza;falsificacion_informatica;2023;261;987763;Aragón;0.2642;2.971649777980189
50;zaragoza;falsificacion_informatica;2024;311;998443;Aragón;0.3115;3.49163579207365
50;zaragoza;interferencia_en_los_datos_y_en_el_sistema;2022;26;979365;Aragón;0.0265;0.35976200359762006
50;zaragoza;interferencia_en_los_datos_y_en_el_sistema;2023;43;987763;Aragón;0.0435;0.48958214733006944
50;zaragoza;interferencia_en_los_datos_y_en_el_sistema;2024;22;998443;Aragón;0.022;0.24699674413382733
