Provincias;Grupo penal;periodo;Total_Hechos;Poblacion_Provincial;CCAA;Tasa_Criminalidad;codigo_ine;Total_Provincial;Peso_Tipologia;Peso_Fraude;VAR_pct
albacete;acceso__e_interceptacion_ilicita;2022;57;387529;Castilla-La Mancha;0.1471;02;3308;1.7230955259975818;;
albacete;acceso__e_interceptacion_ilicita;2023;47;389070;Castilla-La Mancha;0.1208;02;3616;1.299778761061947;;-17.543859649122805
albacete;acceso__e_interceptacion_ilicita;2024;84;390751;Castilla-La Mancha;0.215;02;3492;2.405498281786942;;78.72340425531914
albacete;amenazas_y_coacciones;2022;144;387529;Castilla-La Mancha;0.3716;02;3308;4.353083434099154;;
albacete;amenazas_y_coacciones;2023;158;389070;Castilla-La Mancha;0.4061;02;3616;4.369469026548672;;9.722222222222232
albacete;amenazas_y_coacciones;2024;151;390751;Castilla-La Mancha;0.3864;02;3492;4.324169530355097;;-4.430379746835444
albacete;contra_el_honor;2022;15;387529;Castilla-La Mancha;0.0387;02;3308;0.4534461910519952;;
albacete;contra_el_honor;2023;16;389070;Castilla-La Mancha;0.0411;02;3616;0.4424778761061947;;6.666666666666665
albacete;contra_el_honor;2024;17;390751;Castilla-La Mancha;0.0435;02;3492;0.4868270332187858;;6.25
albacete;contra_la_propiedad_industrial/intelectual;2022;5;387529;Castilla-La Mancha;0.0129;02;3308;0.15114873035066506;;
albacete;contra_la_propiedad_industrial/intelectual;2023;3;389070;Castilla-La Mancha;0.0077;02;3616;0.08296460176991151;;-40.0
albacete;contra_la_propiedad_industrial/intelectual;2024;9;390751;Castilla-La Mancha;0.023;02;3492;0.25773195876288657;;200.0
albacete;delitos_sexuales;2022;16;387529;Castilla-La Mancha;0.0413;02;3308;0.48367593712212814;;
albacete;delitos_sexuales;2023;16;389070;Castilla-La Mancha;0.0411;02;3616;0.4424778761061947;;0.0
albacete;delitos_sexuales;2024;12;390751;Castilla-La Mancha;0.0307;02;3492;0.3436426116838488;;-25.0
albacete;falsificacion_informatica;2022;78;387529;Castilla-La Mancha;0.2013;02;3308;2.357920193470375;;
albacete;falsificacion_informatica;2023;111;389070;Castilla-La Mancha;0.2853;02;3616;3.0696902654867255;;42.307692307692314
albacete;falsificacion_informatica;2024;143;390751;Castilla-La Mancha;0.366;02;3492;4.095074455899198;;28.828828828828822
albacete;fraude_informatico;2022;2966;387529;Castilla-La Mancha;7.6536;02;3308;89.66142684401451;89.66142684401451;
albacete;fraude_informatico;2023;3229;389070;Castilla-La Mancha;8.2993;02;3616;89.29756637168141;89.29756637168141;8.867161159811188
albacete;fraude_informatico;2024;3012;390751;Castilla-La Mancha;7.7082;02;3492;86.25429553264605;86.25429553264605;-6.720346856611958
albacete;interferencia_en_los_datos_y_en_el_sistema;2022;27;387529;Castilla-La Mancha;0.0697;02;3308;0.8162031438935914;;
albacete;interferencia_en_los_datos_y_en_el_sistema;2023;36;389070;Castilla-La Mancha;0.0925;02;3616;0.995575221238938;;33.33333333333333
albacete;interferencia_en_los_datos_y_en_el_sistema;2024;64;390751;Castilla-La Mancha;0.1638;02;3492;1.8327605956471937;;77.77777777777777
alicante;acceso__e_interceptacion_ilicita;2022;198;1955268;C. Valenciana;0.1013;03;13075;1.51434034416826;;
alicante;acceso__e_interceptacion_ilicita;2023;318;1993289;C. Valenciana;0.1595;03;17910;1.7755443886097153;;60.606060606060595
alicante;acceso__e_interceptacion_ilicita;2024;405;2033566;C. Valenciana;0.1992;03;17913;2.2609278177859653;;27.35849056603774
alicante;amenazas_y_coacciones;2022;713;1955268;C. Valenciana;0.3647;03;13075;5.453154875717018;;
alicante;amenazas_y_coacciones;2023;853;1993289;C. Valenciana;0.4279;03;17910;4.762702400893356;;19.635343618513335
alicante;amenazas_y_coacciones;2024;890;2033566;C. Valenciana;0.4377;03;17913;4.96845866130743;;4.337631887456039
alicante;contra_el_honor;2022;45;1955268;C. Valenciana;0.023;03;13075;0.3441682600382409;;
alicante;contra_el_honor;2023;41;1993289;C. Valenciana;0.0206;03;17910;0.22892238972640985;;-8.888888888888891
alicante;contra_el_honor;2024;38;2033566;C. Valenciana;0.0187;03;17913;0.2121364372243622;;-7.317073170731703
alicante;contra_la_propiedad_industrial/intelectual;2022;7;1955268;C. Valenciana;0.0036;03;13075;0.05353728489483748;;
alicante;contra_la_propiedad_industrial/intelectual;2023;10;1993289;C. Valenciana;0.005;03;17910;0.05583472920156338;;42.85714285714286
alicante;contra_la_propiedad_industrial/intelectual;2024;20;2033566;C. Valenciana;0.0098;03;17913;0.11165075643387483;;100.0
alicante;delitos_sexuales;2022;95;1955268;C. Valenciana;0.0486;03;13075;0.7265774378585086;;
alicante;delitos_sexuales;2023;84;1993289;C. Valenciana;0.0421;03;17910;0.46901172529313234;;-11.578947368421055
alicante;delitos_sexuales;2024;85;2033566;C. Valenciana;0.0418;03;17913;0.47451571484396804;;1.1904761904761862
alicante;falsificacion_informatica;2022;628;1955268;C. Valenciana;0.3212;03;13075;4.803059273422562;;
alicante;falsificacion_informatica;2023;763;1993289;C. Valenciana;0.3828;03;17910;4.2601898380792855;;21.496815286624194
alicante;falsificacion_informatica;2024;945;2033566;C. Valenciana;0.4647;03;17913;5.275498241500586;;23.853211009174302
alicante;fraude_informatico;2022;11280;1955268;C. Valenciana;5.769;03;13075;86.27151051625239;86.27151051625239;
alicante;fraude_informatico;2023;15789;1993289;C. Valenciana;7.9211;03;17910;88.1574539363484;88.1574539363484;39.973404255319146
alicante;fraude_informatico;2024;15484;2033566;C. Valenciana;7.6142;03;17913;86.44001563110591;86.44001563110591;-1.9317246184052173
alicante;interferencia_en_los_datos_y_en_el_sistema;2022;109;1955268;C. Valenciana;0.0557;03;13075;0.8336520076481835;;
alicante;interferencia_en_los_datos_y_en_el_sistema;2023;52;1993289;C. Valenciana;0.0261;03;17910;0.29034059184812955;;-52.293577981651374
alicante;interferencia_en_los_datos_y_en_el_sistema;2024;46;2033566;C. Valenciana;0.0226;03;17913;0.2567967397979121;;-11.538461538461542
almeria;acceso__e_interceptacion_ilicita;2022;39;753364;Andalucía;0.0518;04;3483;1.119724375538329;;
almeria;acceso__e_interceptacion_ilicita;2023;87;760964;Andalucía;0.1143;04;4977;1.7480409885473176;;123.07692307692308
almeria;acceso__e_interceptacion_ilicita;2024;140;770554;Andalucía;0.1817;04;5924;2.363268062120189;;60.91954022988506
almeria;amenazas_y_coacciones;2022;207;753364;Andalucía;0.2748;04;3483;5.943152454780361;;
almeria;amenazas_y_coacciones;2023;243;760964;Andalucía;0.3193;04;4977;4.882459312839059;;17.391304347826097
almeria;amenazas_y_coacciones;2024;284;770554;Andalucía;0.3686;04;5924;4.794058068872384;;16.872427983539097
almeria;contra_el_honor;2022;11;753364;Andalucía;0.0146;04;3483;0.3158196956646569;;
almeria;contra_el_honor;2023;8;760964;Andalucía;0.0105;04;4977;0.16073940124573036;;-27.27272727272727
almeria;contra_el_honor;2024;19;770554;Andalucía;0.0247;04;5924;0.32072923700202566;;137.5
almeria;contra_la_propiedad_industrial/intelectual;2022;0;753364;Andalucía;0.0;04;3483;0.0;;
almeria;contra_la_propiedad_industrial/intelectual;2023;1;760964;Andalucía;0.0013;04;4977;0.020092425155716295;;inf
almeria;contra_la_propiedad_industrial/intelectual;2024;3;770554;Andalucía;0.0039;04;5924;0.05064145847400405;;200.0
almeria;delitos_sexuales;2022;48;753364;Andalucía;0.0637;04;3483;1.3781223083548666;;
almeria;delitos_sexuales;2023;51;760964;Andalucía;0.067;04;4977;1.024713682941531;;6.25
almeria;delitos_sexuales;2024;25;770554;Andalucía;0.0324;04;5924;0.4220121539500338;;-50.98039215686274
almeria;falsificacion_informatica;2022;127;753364;Andalucía;0.1686;04;3483;3.646281940855584;;
almeria;falsificacion_informatica;2023;155;760964;Andalucía;0.2037;04;4977;3.1143258991360256;;22.047244094488192
almeria;falsificacion_informatica;2024;214;770554;Andalucía;0.2777;04;5924;3.6124240378122887;;38.064516129032256
almeria;fraude_informatico;2022;3041;753364;Andalucía;4.0366;04;3483;87.3097904105656;87.3097904105656;
almeria;fraude_informatico;2023;4414;760964;Andalucía;5.8005;04;4977;88.68796463733173;88.68796463733173;45.149621834922726
almeria;fraude_informatico;2024;5226;770554;Andalucía;6.7821;04;5924;88.21742066171507;88.21742066171507;18.396012686905294
almeria;interferencia_en_los_datos_y_en_el_sistema;2022;10;753364;Andalucía;0.0133;04;3483;0.2871088142405972;;
almeria;interferencia_en_los_datos_y_en_el_sistema;2023;18;760964;Andalucía;0.0237;04;4977;0.3616636528028933;;80.0
almeria;interferencia_en_los_datos_y_en_el_sistema;2024;13;770554;Andalucía;0.0169;04;5924;0.21944632005401754;;-27.77777777777778
araba;acceso__e_interceptacion_ilicita;2022;38;336308;País Vasco;0.113;01;3561;1.0671159786576805;;
araba;acceso__e_interceptacion_ilicita;2023;49;338594;País Vasco;0.1447;01;4653;1.053084031807436;;28.947368421052634
araba;acceso__e_interceptacion_ilicita;2024;32;341961;País Vasco;0.0936;01;4440;0.7207207207207207;;-34.693877551020414
araba;amenazas_y_coacciones;2022;116;336308;País Vasco;0.3449;01;3561;3.257511934849761;;
araba;amenazas_y_coacciones;2023;232;338594;País Vasco;0.6852;01;4653;4.986030517945412;;100.0
araba;amenazas_y_coacciones;2024;236;341961;País Vasco;0.6901;01;4440;5.315315315315315;;1.724137931034475
araba;contra_el_honor;2022;1;336308;País Vasco;0.003;01;3561;0.02808199943836001;;
araba;contra_el_honor;2023;0;338594;País Vasco;0.0;01;4653;0.0;;-100.0
araba;contra_el_honor;2024;0;341961;País Vasco;0.0;01;4440;0.0;;
araba;contra_la_propiedad_industrial/intelectual;2022;0;336308;País Vasco;0.0;01;3561;0.0;;
araba;contra_la_propiedad_industrial/intelectual;2023;2;338594;País Vasco;0.0059;01;4653;0.04298302170642596;;inf
araba;contra_la_propiedad_industrial/intelectual;2024;0;341961;País Vasco;0.0;01;4440;0.0;;-100.0
araba;delitos_sexuales;2022;5;336308;País Vasco;0.0149;01;3561;0.14040999719180006;;
araba;delitos_sexuales;2023;25;338594;País Vasco;0.0738;01;4653;0.5372877713303246;;400.0
araba;delitos_sexuales;2024;18;341961;País Vasco;0.0526;01;4440;0.40540540540540543;;-28.000000000000004
araba;falsificacion_informatica;2022;205;336308;País Vasco;0.6096;01;3561;5.756809884863802;;
araba;falsificacion_informatica;2023;201;338594;País Vasco;0.5936;01;4653;4.31979368149581;;-1.9512195121951237
araba;falsificacion_informatica;2024;197;341961;País Vasco;0.5761;01;4440;4.436936936936937;;-1.9900497512437831
araba;fraude_informatico;2022;3186;336308;País Vasco;9.4735;01;3561;89.46925021061499;89.46925021061499;
araba;fraude_informatico;2023;4139;338594;País Vasco;12.2241;01;4653;88.95336342144853;88.95336342144853;29.912115505335834
araba;fraude_informatico;2024;3953;341961;País Vasco;11.5598;01;4440;89.03153153153153;89.03153153153153;-4.493839091568008
araba;interferencia_en_los_datos_y_en_el_sistema;2022;10;336308;País Vasco;0.0297;01;3561;0.2808199943836001;;
araba;interferencia_en_los_datos_y_en_el_sistema;2023;5;338594;País Vasco;0.0148;01;4653;0.1074575542660649;;-50.0
araba;interferencia_en_los_datos_y_en_el_sistema;2024;4;341961;País Vasco;0.0117;01;4440;0.09009009009009009;;-19.999999999999996
asturias;acceso__e_interceptacion_ilicita;2022;121;1006060;Asturias;0.1203;33;8560;1.4135514018691588;;
asturias;acceso__e_interceptacion_ilicita;2023;143;1009599;Asturias;0.1416;33;8648;1.6535615171137836;;18.181818181818187
asturias;acceso__e_interceptacion_ilicita;2024;322;1015128;Asturias;0.3172;33;9183;3.5064793640422516;;125.17482517482517
asturias;amenazas_y_coacciones;2022;362;1006060;Asturias;0.3598;33;8560;4.228971962616822;;
asturias;amenazas_y_coacciones;2023;302;1009599;Asturias;0.2991;33;8648;3.4921369102682704;;-16.574585635359117
asturias;amenazas_y_coacciones;2024;328;1015128;Asturias;0.3231;33;9183;3.5718174888380703;;8.609271523178808
asturias;contra_el_honor;2022;51;1006060;Asturias;0.0507;33;8560;0.5957943925233645;;
asturias;contra_el_honor;2023;27;1009599;Asturias;0.0267;33;8648;0.3122109158186864;;-47.05882352941176
asturias;contra_el_honor;2024;25;1015128;Asturias;0.0246;33;9183;0.27224218664924316;;-7.4074074074074066
asturias;contra_la_propiedad_industrial/intelectual;2022;2;1006060;Asturias;0.002;33;8560;0.023364485981308414;;
asturias;contra_la_propiedad_industrial/intelectual;2023;3;1009599;Asturias;0.003;33;8648;0.03469010175763182;;50.0
asturias;contra_la_propiedad_industrial/intelectual;2024;8;1015128;Asturias;0.0079;33;9183;0.08711749972775781;;166.66666666666666
asturias;delitos_sexuales;2022;39;1006060;Asturias;0.0388;33;8560;0.45560747663551404;;
asturias;delitos_sexuales;2023;27;1009599;Asturias;0.0267;33;8648;0.3122109158186864;;-30.76923076923077
asturias;delitos_sexuales;2024;27;1015128;Asturias;0.0266;33;9183;0.29402156158118264;;0.0
asturias;falsificacion_informatica;2022;281;1006060;Asturias;0.2793;33;8560;3.2827102803738315;;
asturias;falsificacion_informatica;2023;213;1009599;Asturias;0.211;33;8648;2.4629972247918595;;-24.199288256227756
asturias;falsificacion_informatica;2024;303;1015128;Asturias;0.2985;33;9183;3.299575302188827;;42.253521126760575
asturias;fraude_informatico;2022;7661;1006060;Asturias;7.6149;33;8560;89.49766355140187;89.49766355140187;
asturias;fraude_informatico;2023;7897;1009599;Asturias;7.8219;33;8648;91.3159111933395;91.3159111933395;3.0805377888004193
asturias;fraude_informatico;2024;8117;1015128;Asturias;7.996;33;9183;88.39159316127628;88.39159316127628;2.7858680511586575
asturias;interferencia_en_los_datos_y_en_el_sistema;2022;43;1006060;Asturias;0.0427;33;8560;0.5023364485981309;;
asturias;interferencia_en_los_datos_y_en_el_sistema;2023;36;1009599;Asturias;0.0357;33;8648;0.4162812210915819;;-16.279069767441857
asturias;interferencia_en_los_datos_y_en_el_sistema;2024;53;1015128;Asturias;0.0522;33;9183;0.5771534356963955;;47.22222222222223
avila;acceso__e_interceptacion_ilicita;2022;7;159764;Castilla y León;0.0438;05;1218;0.5747126436781609;;
avila;acceso__e_interceptacion_ilicita;2023;10;160463;Castilla y León;0.0623;05;1839;0.5437737901033171;;42.85714285714286
avila;acceso__e_interceptacion_ilicita;2024;16;160738;Castilla y León;0.0995;05;1775;0.9014084507042254;;60.00000000000001
avila;amenazas_y_coacciones;2022;48;159764;Castilla y León;0.3004;05;1218;3.9408866995073892;;
avila;amenazas_y_coacciones;2023;49;160463;Castilla y León;0.3054;05;1839;2.6644915715062534;;2.083333333333326
avila;amenazas_y_coacciones;2024;45;160738;Castilla y León;0.28;05;1775;2.535211267605634;;-8.163265306122447
avila;contra_el_honor;2022;4;159764;Castilla y León;0.025;05;1218;0.3284072249589491;;
avila;contra_el_honor;2023;7;160463;Castilla y León;0.0436;05;1839;0.38064165307232195;;75.0
avila;contra_el_honor;2024;8;160738;Castilla y León;0.0498;05;1775;0.4507042253521127;;14.28571428571428
avila;contra_la_propiedad_industrial/intelectual;2022;0;159764;Castilla y León;0.0;05;1218;0.0;;
avila;contra_la_propiedad_industrial/intelectual;2023;0;160463;Castilla y León;0.0;05;1839;0.0;;
avila;contra_la_propiedad_industrial/intelectual;2024;0;160738;Castilla y León;0.0;05;1775;0.0;;
avila;delitos_sexuales;2022;8;159764;Castilla y León;0.0501;05;1218;0.6568144499178982;;
avila;delitos_sexuales;2023;5;160463;Castilla y León;0.0312;05;1839;0.27188689505165853;;-37.5
avila;delitos_sexuales;2024;5;160738;Castilla y León;0.0311;05;1775;0.28169014084507044;;0.0
avila;falsificacion_informatica;2022;54;159764;Castilla y León;0.338;05;1218;4.433497536945813;;
avila;falsificacion_informatica;2023;80;160463;Castilla y León;0.4986;05;1839;4.3501903208265364;;48.14814814814814
avila;falsificacion_informatica;2024;72;160738;Castilla y León;0.4479;05;1775;4.056338028169014;;-9.999999999999998
avila;fraude_informatico;2022;1094;159764;Castilla y León;6.8476;05;1218;89.81937602627258;89.81937602627258;
avila;fraude_informatico;2023;1684;160463;Castilla y León;10.4946;05;1839;91.57150625339858;91.57150625339858;53.93053016453382
avila;fraude_informatico;2024;1626;160738;Castilla y León;10.1158;05;1775;91.6056338028169;91.6056338028169;-3.444180522565321
avila;interferencia_en_los_datos_y_en_el_sistema;2022;3;159764;Castilla y León;0.0188;05;1218;0.24630541871921183;;
avila;interferencia_en_los_datos_y_en_el_sistema;2023;4;160463;Castilla y León;0.0249;05;1839;0.2175095160413268;;33.33333333333333
avila;interferencia_en_los_datos_y_en_el_sistema;2024;3;160738;Castilla y León;0.0187;05;1775;0.16901408450704225;;-25.0
badajoz;acceso__e_interceptacion_ilicita;2022;73;666049;Extremadura;0.1096;06;5087;1.4350304698250442;;
badajoz;acceso__e_interceptacion_ilicita;2023;138;666029;Extremadura;0.2072;06;5683;2.428294914657751;;89.04109589041096
badajoz;acceso__e_interceptacion_ilicita;2024;150;665155;Extremadura;0.2255;06;5764;2.60235947258848;;8.695652173913038
badajoz;amenazas_y_coacciones;2022;249;666049;Extremadura;0.3738;06;5087;4.894829958718302;;
badajoz;amenazas_y_coacciones;2023;312;666029;Extremadura;0.4684;06;5683;5.490058067921872;;25.30120481927711
badajoz;amenazas_y_coacciones;2024;360;665155;Extremadura;0.5412;06;5764;6.2456627342123525;;15.384615384615374
badajoz;contra_el_honor;2022;19;666049;Extremadura;0.0285;06;5087;0.37350108118734027;;
badajoz;contra_el_honor;2023;32;666029;Extremadura;0.048;06;5683;0.5630828787612177;;68.42105263157893
badajoz;contra_el_honor;2024;41;665155;Extremadura;0.0616;06;5764;0.7113115891741846;;28.125
badajoz;contra_la_propiedad_industrial/intelectual;2022;2;666049;Extremadura;0.003;06;5087;0.03931590328287793;;
badajoz;contra_la_propiedad_industrial/intelectual;2023;3;666029;Extremadura;0.0045;06;5683;0.052789019883864155;;50.0
badajoz;contra_la_propiedad_industrial/intelectual;2024;1;665155;Extremadura;0.0015;06;5764;0.01734906315058987;;-66.66666666666667
badajoz;delitos_sexuales;2022;21;666049;Extremadura;0.0315;06;5087;0.41281698447021825;;
badajoz;delitos_sexuales;2023;31;666029;Extremadura;0.0465;06;5683;0.5454865387999297;;47.61904761904763
badajoz;delitos_sexuales;2024;26;665155;Extremadura;0.0391;06;5764;0.4510756419153366;;-16.129032258064512
badajoz;falsificacion_informatica;2022;280;666049;Extremadura;0.4204;06;5087;5.50422645960291;;
badajoz;falsificacion_informatica;2023;338;666029;Extremadura;0.5075;06;5683;5.947562906915362;;20.714285714285708
badajoz;falsificacion_informatica;2024;500;665155;Extremadura;0.7517;06;5764;8.674531575294935;;47.928994082840234
badajoz;fraude_informatico;2022;4423;666049;Extremadura;6.6407;06;5087;86.94712011008453;86.94712011008453;
badajoz;fraude_informatico;2023;4809;666029;Extremadura;7.2204;06;5683;84.62079887383425;84.62079887383425;8.727108297535601
badajoz;fraude_informatico;2024;4669;665155;Extremadura;7.0194;06;5764;81.00277585010409;81.00277585010409;-2.911208151382827
badajoz;interferencia_en_los_datos_y_en_el_sistema;2022;20;666049;Extremadura;0.03;06;5087;0.39315903282877923;;
badajoz;interferencia_en_los_datos_y_en_el_sistema;2023;20;666029;Extremadura;0.03;06;5683;0.35192679922576103;;0.0
badajoz;interferencia_en_los_datos_y_en_el_sistema;2024;17;665155;Extremadura;0.0256;06;5764;0.29493407356002777;;-15.000000000000002
balears;acceso__e_interceptacion_ilicita;2022;240;1209906;Islas Baleares;0.1984;07;8701;2.7583036432593957;;
balears;acceso__e_interceptacion_ilicita;2023;215;1231768;Islas Baleares;0.1745;07;11485;1.872006965607314;;-10.416666666666663
balears;acceso__e_interceptacion_ilicita;2024;246;1249844;Islas Baleares;0.1968;07;12953;1.8991739365397977;;14.41860465116278
balears;amenazas_y_coacciones;2022;567;1209906;Islas Baleares;0.4686;07;8701;6.516492357200322;;
balears;amenazas_y_coacciones;2023;573;1231768;Islas Baleares;0.4652;07;11485;4.989116238572051;;1.0582010582010692
balears;amenazas_y_coacciones;2024;659;1249844;Islas Baleares;0.5273;07;12953;5.087624488535474;;15.008726003490391
balears;contra_el_honor;2022;29;1209906;Islas Baleares;0.024;07;8701;0.33329502356051033;;
balears;contra_el_honor;2023;28;1231768;Islas Baleares;0.0227;07;11485;0.2437962559860688;;-3.4482758620689613
balears;contra_el_honor;2024;25;1249844;Islas Baleares;0.02;07;12953;0.1930054813556705;;-10.71428571428571
balears;contra_la_propiedad_industrial/intelectual;2022;1;1209906;Islas Baleares;0.0008;07;8701;0.011492931846914148;;
balears;contra_la_propiedad_industrial/intelectual;2023;4;1231768;Islas Baleares;0.0032;07;11485;0.0348280365694384;;300.0
balears;contra_la_propiedad_industrial/intelectual;2024;1;1249844;Islas Baleares;0.0008;07;12953;0.0077202192542268205;;-75.0
balears;delitos_sexuales;2022;60;1209906;Islas Baleares;0.0496;07;8701;0.6895759108148489;;
balears;delitos_sexuales;2023;60;1231768;Islas Baleares;0.0487;07;11485;0.5224205485415759;;0.0
balears;delitos_sexuales;2024;57;1249844;Islas Baleares;0.0456;07;12953;0.44005249749092873;;-5.000000000000004
balears;falsificacion_informatica;2022;313;1209906;Islas Baleares;0.2587;07;8701;3.597287668084128;;
balears;falsificacion_informatica;2023;258;1231768;Islas Baleares;0.2095;07;11485;2.2464083587287766;;-17.571884984025555
balears;falsificacion_informatica;2024;433;1249844;Islas Baleares;0.3464;07;12953;3.3428549370802134;;67.8294573643411
balears;fraude_informatico;2022;7452;1209906;Islas Baleares;6.1592;07;8701;85.64532812320424;85.64532812320424;
balears;fraude_informatico;2023;10299;1231768;Islas Baleares;8.3612;07;11485;89.67348715716152;89.67348715716152;38.204508856682764
balears;fraude_informatico;2024;11491;1249844;Islas Baleares;9.1939;07;12953;88.71303945032038;88.71303945032038;11.573939217399754
balears;interferencia_en_los_datos_y_en_el_sistema;2022;39;1209906;Islas Baleares;0.0322;07;8701;0.4482243420296518;;
balears;interferencia_en_los_datos_y_en_el_sistema;2023;48;1231768;Islas Baleares;0.039;07;11485;0.4179364388332608;;23.076923076923084
balears;interferencia_en_los_datos_y_en_el_sistema;2024;41;1249844;Islas Baleares;0.0328;07;12953;0.3165289894232996;;-14.583333333333337
barcelona;acceso__e_interceptacion_ilicita;2022;513;5797356;Cataluña;0.0885;08;46513;1.102917463934814;;
barcelona;acceso__e_interceptacion_ilicita;2023;541;5877672;Cataluña;0.092;08;54959;0.984370166851653;;5.458089668615984
barcelona;acceso__e_interceptacion_ilicita;2024;567;5959941;Cataluña;0.0951;08;55965;1.0131332082551596;;4.805914972273562
barcelona;amenazas_y_coacciones;2022;495;5797356;Cataluña;0.0854;08;46513;1.0642186055511362;;
barcelona;amenazas_y_coacciones;2023;476;5877672;Cataluña;0.081;08;54959;0.8661001837733584;;-3.838383838383841
barcelona;amenazas_y_coacciones;2024;636;5959941;Cataluña;0.1067;08;55965;1.1364245510586974;;33.613445378151255
barcelona;contra_el_honor;2022;9;5797356;Cataluña;0.0016;08;46513;0.01934942919183884;;
barcelona;contra_el_honor;2023;8;5877672;Cataluña;0.0014;08;54959;0.014556305609636274;;-11.111111111111116
barcelona;contra_el_honor;2024;14;5959941;Cataluña;0.0023;08;55965;0.025015634771732333;;75.0
barcelona;contra_la_propiedad_industrial/intelectual;2022;9;5797356;Cataluña;0.0016;08;46513;0.01934942919183884;;
barcelona;contra_la_propiedad_industrial/intelectual;2023;7;5877672;Cataluña;0.0012;08;54959;0.01273676740843174;;-22.22222222222222
barcelona;contra_la_propiedad_industrial/intelectual;2024;22;5959941;Cataluña;0.0037;08;55965;0.03931028321272224;;214.28571428571428
barcelona;delitos_sexuales;2022;143;5797356;Cataluña;0.0247;08;46513;0.30744093049255045;;
barcelona;delitos_sexuales;2023;108;5877672;Cataluña;0.0184;08;54959;0.19651012573008972;;-24.47552447552448
barcelona;delitos_sexuales;2024;142;5959941;Cataluña;0.0238;08;55965;0.2537300098275708;;31.481481481481488
barcelona;falsificacion_informatica;2022;252;5797356;Cataluña;0.0435;08;46513;0.5417840173714875;;
barcelona;falsificacion_informatica;2023;254;5877672;Cataluña;0.0432;08;54959;0.46216270310595176;;0.7936507936507908
barcelona;falsificacion_informatica;2024;1195;5959941;Cataluña;0.2005;08;55965;2.135263110872867;;370.47244094488184
barcelona;fraude_informatico;2022;45021;5797356;Cataluña;7.7658;08;46513;96.7922946273085;96.7922946273085;
barcelona;fraude_informatico;2023;53494;5877672;Cataluña;9.1012;08;54959;97.33437653523535;97.33437653523535;18.820106172674976
barcelona;fraude_informatico;2024;53332;5959941;Cataluña;8.9484;08;55965;95.29527383185919;95.29527383185919;-0.3028377014244632
barcelona;interferencia_en_los_datos_y_en_el_sistema;2022;71;5797356;Cataluña;0.0122;08;46513;0.15264549695783974;;
barcelona;interferencia_en_los_datos_y_en_el_sistema;2023;71;5877672;Cataluña;0.0121;08;54959;0.12918721228552194;;0.0
barcelona;interferencia_en_los_datos_y_en_el_sistema;2024;57;5959941;Cataluña;0.0096;08;55965;0.10184937014205307;;-19.718309859154925
bizkaia;acceso__e_interceptacion_ilicita;2022;138;1153282;País Vasco;0.1197;48;11277;1.223729715349827;;
bizkaia;acceso__e_interceptacion_ilicita;2023;153;1159368;País Vasco;0.132;48;14490;1.0559006211180124;;10.869565217391308
bizkaia;acceso__e_interceptacion_ilicita;2024;162;1167233;País Vasco;0.1388;48;13494;1.200533570475767;;5.882352941176472
bizkaia;amenazas_y_coacciones;2022;447;1153282;País Vasco;0.3876;48;11277;3.963820164937484;;
bizkaia;amenazas_y_coacciones;2023;648;1159368;País Vasco;0.5589;48;14490;4.472049689440994;;44.96644295302013
bizkaia;amenazas_y_coacciones;2024;646;1167233;País Vasco;0.5534;48;13494;4.787312879798429;;-0.30864197530864335
bizkaia;contra_el_honor;2022;3;1153282;País Vasco;0.0026;48;11277;0.026602819898909287;;
bizkaia;contra_el_honor;2023;1;1159368;País Vasco;0.0009;48;14490;0.006901311249137337;;-66.66666666666667
bizkaia;contra_el_honor;2024;4;1167233;País Vasco;0.0034;48;13494;0.029642804209278194;;300.0
bizkaia;contra_la_propiedad_industrial/intelectual;2022;3;1153282;País Vasco;0.0026;48;11277;0.026602819898909287;;
bizkaia;contra_la_propiedad_industrial/intelectual;2023;4;1159368;País Vasco;0.0035;48;14490;0.027605244996549348;;33.33333333333333
bizkaia;contra_la_propiedad_industrial/intelectual;2024;8;1167233;País Vasco;0.0069;48;13494;0.05928560841855639;;100.0
bizkaia;delitos_sexuales;2022;37;1153282;País Vasco;0.0321;48;11277;0.3281014454198812;;
bizkaia;delitos_sexuales;2023;34;1159368;País Vasco;0.0293;48;14490;0.23464458247066944;;-8.108108108108103
bizkaia;delitos_sexuales;2024;35;1167233;País Vasco;0.03;48;13494;0.2593745368311842;;2.941176470588225
bizkaia;falsificacion_informatica;2022;521;1153282;País Vasco;0.4518;48;11277;4.620023055777246;;
bizkaia;falsificacion_informatica;2023;578;1159368;País Vasco;0.4985;48;14490;3.9889579020013803;;10.940499040307095
bizkaia;falsificacion_informatica;2024;573;1167233;País Vasco;0.4909;48;13494;4.246331702979102;;-0.865051903114189
bizkaia;fraude_informatico;2022;10103;1153282;País Vasco;8.7602;48;11277;89.5894298128935;89.5894298128935;
bizkaia;fraude_informatico;2023;13061;1159368;País Vasco;11.2656;48;14490;90.13802622498275;90.13802622498275;29.278432148866674
bizkaia;fraude_informatico;2024;12056;1167233;País Vasco;10.3287;48;13494;89.34341188676449;89.34341188676449;-7.694663502028942
bizkaia;interferencia_en_los_datos_y_en_el_sistema;2022;25;1153282;País Vasco;0.0217;48;11277;0.22169016582424406;;
bizkaia;interferencia_en_los_datos_y_en_el_sistema;2023;11;1159368;País Vasco;0.0095;48;14490;0.0759144237405107;;-56.00000000000001
bizkaia;interferencia_en_los_datos_y_en_el_sistema;2024;10;1167233;País Vasco;0.0086;48;13494;0.07410701052319549;;-9.090909090909093
burgos;acceso__e_interceptacion_ilicita;2022;34;357370;Castilla y León;0.0951;09;2822;1.2048192771084338;;
burgos;acceso__e_interceptacion_ilicita;2023;38;359740;Castilla y León;0.1056;09;3560;1.0674157303370786;;11.764705882352944
burgos;acceso__e_interceptacion_ilicita;2024;62;362663;Castilla y León;0.171;09;3355;1.8479880774962745;;63.1578947368421
burgos;amenazas_y_coacciones;2022;139;357370;Castilla y León;0.389;09;2822;4.925584691708009;;
burgos;amenazas_y_coacciones;2023;128;359740;Castilla y León;0.3558;09;3560;3.5955056179775284;;-7.913669064748197
burgos;amenazas_y_coacciones;2024;134;362663;Castilla y León;0.3695;09;3355;3.994038748137109;;4.6875
burgos;contra_el_honor;2022;6;357370;Castilla y León;0.0168;09;2822;0.21261516654854712;;
burgos;contra_el_honor;2023;4;359740;Castilla y León;0.0111;09;3560;0.11235955056179776;;-33.333333333333336
burgos;contra_el_honor;2024;3;362663;Castilla y León;0.0083;09;3355;0.08941877794336811;;-25.0
burgos;contra_la_propiedad_industrial/intelectual;2022;0;357370;Castilla y León;0.0;09;2822;0.0;;
burgos;contra_la_propiedad_industrial/intelectual;2023;1;359740;Castilla y León;0.0028;09;3560;0.02808988764044944;;inf
burgos;contra_la_propiedad_industrial/intelectual;2024;0;362663;Castilla y León;0.0;09;3355;0.0;;-100.0
burgos;delitos_sexuales;2022;7;357370;Castilla y León;0.0196;09;2822;0.24805102763997164;;
burgos;delitos_sexuales;2023;7;359740;Castilla y León;0.0195;09;3560;0.19662921348314608;;0.0
burgos;delitos_sexuales;2024;12;362663;Castilla y León;0.0331;09;3355;0.35767511177347244;;71.42857142857142
burgos;falsificacion_informatica;2022;115;357370;Castilla y León;0.3218;09;2822;4.07512402551382;;
burgos;falsificacion_informatica;2023;156;359740;Castilla y León;0.4336;09;3560;4.382022471910112;;35.65217391304347
burgos;falsificacion_informatica;2024;129;362663;Castilla y León;0.3557;09;3355;3.845007451564829;;-17.307692307692314
burgos;fraude_informatico;2022;2505;357370;Castilla y León;7.0095;09;2822;88.76683203401842;88.76683203401842;
burgos;fraude_informatico;2023;3205;359740;Castilla y León;8.9092;09;3560;90.02808988764045;90.02808988764045;27.944111776447112
burgos;fraude_informatico;2024;3000;362663;Castilla y León;8.2721;09;3355;89.41877794336811;89.41877794336811;-6.396255850234011
burgos;interferencia_en_los_datos_y_en_el_sistema;2022;16;357370;Castilla y León;0.0448;09;2822;0.5669737774627923;;
burgos;interferencia_en_los_datos_y_en_el_sistema;2023;21;359740;Castilla y León;0.0584;09;3560;0.5898876404494382;;31.25
burgos;interferencia_en_los_datos_y_en_el_sistema;2024;15;362663;Castilla y León;0.0414;09;3355;0.44709388971684055;;-28.57142857142857
caceres;acceso__e_interceptacion_ilicita;2022;41;388257;Extremadura;0.1056;10;2441;1.6796394920114706;;
caceres;acceso__e_interceptacion_ilicita;2023;41;388652;Extremadura;0.1055;10;3136;1.3073979591836735;;0.0
caceres;acceso__e_interceptacion_ilicita;2024;83;388190;Extremadura;0.2138;10;3093;2.6834788231490463;;102.4390243902439
caceres;amenazas_y_coacciones;2022;111;388257;Extremadura;0.2859;10;2441;4.547316673494469;;
caceres;amenazas_y_coacciones;2023;132;388652;Extremadura;0.3396;10;3136;4.209183673469387;;18.918918918918926
caceres;amenazas_y_coacciones;2024;158;388190;Extremadura;0.407;10;3093;5.108309085030714;;19.696969696969703
caceres;contra_el_honor;2022;24;388257;Extremadura;0.0618;10;2441;0.9832036050798854;;
caceres;contra_el_honor;2023;13;388652;Extremadura;0.0334;10;3136;0.4145408163265306;;-45.833333333333336
caceres;contra_el_honor;2024;30;388190;Extremadura;0.0773;10;3093;0.9699321047526674;;130.76923076923075
caceres;contra_la_propiedad_industrial/intelectual;2022;0;388257;Extremadura;0.0;10;2441;0.0;;
caceres;contra_la_propiedad_industrial/intelectual;2023;0;388652;Extremadura;0.0;10;3136;0.0;;
caceres;contra_la_propiedad_industrial/intelectual;2024;1;388190;Extremadura;0.0026;10;3093;0.032331070158422244;;inf
caceres;delitos_sexuales;2022;14;388257;Extremadura;0.0361;10;2441;0.5735354362965998;;
caceres;delitos_sexuales;2023;18;388652;Extremadura;0.0463;10;3136;0.5739795918367347;;28.57142857142858
caceres;delitos_sexuales;2024;10;388190;Extremadura;0.0258;10;3093;0.3233107015842224;;-44.44444444444444
caceres;falsificacion_informatica;2022;92;388257;Extremadura;0.237;10;2441;3.768947152806227;;
caceres;falsificacion_informatica;2023;272;388652;Extremadura;0.6999;10;3136;8.673469387755102;;195.65217391304347
caceres;falsificacion_informatica;2024;427;388190;Extremadura;1.1;10;3093;13.805366957646298;;56.98529411764706
caceres;fraude_informatico;2022;2154;388257;Extremadura;5.5479;10;2441;88.2425235559197;88.2425235559197;
caceres;fraude_informatico;2023;2640;388652;Extremadura;6.7927;10;3136;84.18367346938776;84.18367346938776;22.562674094707514
caceres;fraude_informatico;2024;2381;388190;Extremadura;6.1336;10;3093;76.98027804720337;76.98027804720337;-9.810606060606064
caceres;interferencia_en_los_datos_y_en_el_sistema;2022;5;388257;Extremadura;0.0129;10;2441;0.20483408439164277;;
caceres;interferencia_en_los_datos_y_en_el_sistema;2023;20;388652;Extremadura;0.0515;10;3136;0.6377551020408163;;300.0
caceres;interferencia_en_los_datos_y_en_el_sistema;2024;3;388190;Extremadura;0.0077;10;3093;0.09699321047526674;;-85.0
cadiz;acceso__e_interceptacion_ilicita;2022;169;1254866;Andalucía;0.1347;11;10306;1.6398214632253056;;
cadiz;acceso__e_interceptacion_ilicita;2023;251;1258730;Andalucía;0.1994;11;12871;1.950120425763344;;48.5207100591716
cadiz;acceso__e_interceptacion_ilicita;2024;368;1261420;Andalucía;0.2917;11;12638;2.911853141319829;;46.61354581673307
cadiz;amenazas_y_coacciones;2022;482;1254866;Andalucía;0.3841;11;10306;4.676887250145547;;
cadiz;amenazas_y_coacciones;2023;545;1258730;Andalucía;0.433;11;12871;4.234325227255069;;13.070539419087135
cadiz;amenazas_y_coacciones;2024;621;1261420;Andalucía;0.4923;11;12638;4.913752175977212;;13.944954128440369
cadiz;contra_el_honor;2022;58;1254866;Andalucía;0.0462;11;10306;0.5627789637104599;;
cadiz;contra_el_honor;2023;55;1258730;Andalucía;0.0437;11;12871;0.42731722476886025;;-5.1724137931034475
cadiz;contra_el_honor;2024;58;1261420;Andalucía;0.046;11;12638;0.45893337553410346;;5.454545454545445
cadiz;contra_la_propiedad_industrial/intelectual;2022;3;1254866;Andalucía;0.0024;11;10306;0.02910925674364448;;
cadiz;contra_la_propiedad_industrial/intelectual;2023;2;1258730;Andalucía;0.0016;11;12871;0.015538808173413101;;-33.333333333333336
cadiz;contra_la_propiedad_industrial/intelectual;2024;4;1261420;Andalucía;0.0032;11;12638;0.031650577623041624;;100.0
cadiz;delitos_sexuales;2022;66;1254866;Andalucía;0.0526;11;10306;0.6404036483601785;;
cadiz;delitos_sexuales;2023;71;1258730;Andalucía;0.0564;11;12871;0.5516276901561651;;7.575757575757569
cadiz;delitos_sexuales;2024;48;1261420;Andalucía;0.0381;11;12638;0.3798069314764994;;-32.3943661971831
cadiz;falsificacion_informatica;2022;509;1254866;Andalucía;0.4056;11;10306;4.938870560838347;;
cadiz;falsificacion_informatica;2023;531;1258730;Andalucía;0.4219;11;12871;4.125553570041178;;4.3222003929273
cadiz;falsificacion_informatica;2024;678;1261420;Andalucía;0.5375;11;12638;5.3647729071055545;;27.683615819209038
cadiz;fraude_informatico;2022;8982;1254866;Andalucía;7.1577;11;10306;87.15311469047157;87.15311469047157;
cadiz;fraude_informatico;2023;11370;1258730;Andalucía;9.0329;11;12871;88.33812446585347;88.33812446585347;26.586506346025374
cadiz;fraude_informatico;2024;10821;1261420;Andalucía;8.5784;11;12638;85.62272511473334;85.62272511473334;-4.828496042216357
cadiz;interferencia_en_los_datos_y_en_el_sistema;2022;37;1254866;Andalucía;0.0295;11;10306;0.35901416650494855;;
cadiz;interferencia_en_los_datos_y_en_el_sistema;2023;46;1258730;Andalucía;0.0365;11;12871;0.35739258798850126;;24.32432432432432
cadiz;interferencia_en_los_datos_y_en_el_sistema;2024;40;1261420;Andalucía;0.0317;11;12638;0.3165057762304162;;-13.043478260869568
cantabria;acceso__e_interceptacion_ilicita;2022;79;588387;Cantabria;0.1343;39;4806;1.6437786100707448;;
cantabria;acceso__e_interceptacion_ilicita;2023;129;590851;Cantabria;0.2183;39;5968;2.1615281501340484;;63.29113924050633
cantabria;acceso__e_interceptacion_ilicita;2024;209;593623;Cantabria;0.3521;39;6536;3.1976744186046515;;62.01550387596899
cantabria;amenazas_y_coacciones;2022;208;588387;Cantabria;0.3535;39;4806;4.327923429047025;;
cantabria;amenazas_y_coacciones;2023;249;590851;Cantabria;0.4214;39;5968;4.17225201072386;;19.71153846153846
cantabria;amenazas_y_coacciones;2024;258;593623;Cantabria;0.4346;39;6536;3.9473684210526314;;3.6144578313253017
cantabria;contra_el_honor;2022;11;588387;Cantabria;0.0187;39;4806;0.22888056595921766;;
cantabria;contra_el_honor;2023;9;590851;Cantabria;0.0152;39;5968;0.15080428954423591;;-18.181818181818176
cantabria;contra_el_honor;2024;11;593623;Cantabria;0.0185;39;6536;0.16829865361077112;;22.222222222222232
cantabria;contra_la_propiedad_industrial/intelectual;2022;1;588387;Cantabria;0.0017;39;4806;0.020807324178110695;;
cantabria;contra_la_propiedad_industrial/intelectual;2023;14;590851;Cantabria;0.0237;39;5968;0.23458445040214476;;1300.0
cantabria;contra_la_propiedad_industrial/intelectual;2024;6;593623;Cantabria;0.0101;39;6536;0.09179926560587516;;-57.14285714285714
cantabria;delitos_sexuales;2022;22;588387;Cantabria;0.0374;39;4806;0.4577611319184353;;
cantabria;delitos_sexuales;2023;12;590851;Cantabria;0.0203;39;5968;0.20107238605898123;;-45.45454545454546
cantabria;delitos_sexuales;2024;30;593623;Cantabria;0.0505;39;6536;0.4589963280293758;;150.0
cantabria;falsificacion_informatica;2022;103;588387;Cantabria;0.1751;39;4806;2.143154390345402;;
cantabria;falsificacion_informatica;2023;95;590851;Cantabria;0.1608;39;5968;1.5918230563002682;;-7.7669902912621325
cantabria;falsificacion_informatica;2024;207;593623;Cantabria;0.3487;39;6536;3.1670746634026927;;117.89473684210527
cantabria;fraude_informatico;2022;4349;588387;Cantabria;7.3914;39;4806;90.49105285060341;90.49105285060341;
cantabria;fraude_informatico;2023;5428;590851;Cantabria;9.1867;39;5968;90.95174262734585;90.95174262734585;24.81030121867096
cantabria;fraude_informatico;2024;5774;593623;Cantabria;9.7267;39;6536;88.34149326805385;88.34149326805385;6.37435519528371
cantabria;interferencia_en_los_datos_y_en_el_sistema;2022;33;588387;Cantabria;0.0561;39;4806;0.686641697877653;;
cantabria;interferencia_en_los_datos_y_en_el_sistema;2023;32;590851;Cantabria;0.0542;39;5968;0.5361930294906166;;-3.0303030303030276
cantabria;interferencia_en_los_datos_y_en_el_sistema;2024;41;593623;Cantabria;0.0691;39;6536;0.6272949816401469;;28.125
castellon;acceso__e_interceptacion_ilicita;2022;51;604086;C. Valenciana;0.0844;12;2576;1.9798136645962732;;
castellon;acceso__e_interceptacion_ilicita;2023;69;615188;C. Valenciana;0.1122;12;3958;1.7433046993431025;;35.29411764705883
castellon;acceso__e_interceptacion_ilicita;2024;117;627620;C. Valenciana;0.1864;12;4333;2.7002077082852525;;69.56521739130434
castellon;amenazas_y_coacciones;2022;208;604086;C. Valenciana;0.3443;12;2576;8.074534161490684;;
castellon;amenazas_y_coacciones;2023;162;615188;C. Valenciana;0.2633;12;3958;4.092976250631632;;-22.115384615384613
castellon;amenazas_y_coacciones;2024;190;627620;C. Valenciana;0.3027;12;4333;4.38495268866836;;17.28395061728396
castellon;contra_el_honor;2022;15;604086;C. Valenciana;0.0248;12;2576;0.5822981366459627;;
castellon;contra_el_honor;2023;14;615188;C. Valenciana;0.0228;12;3958;0.35371399696816574;;-6.666666666666665
castellon;contra_el_honor;2024;7;627620;C. Valenciana;0.0112;12;4333;0.16155088852988692;;-50.0
castellon;contra_la_propiedad_industrial/intelectual;2022;0;604086;C. Valenciana;0.0;12;2576;0.0;;
castellon;contra_la_propiedad_industrial/intelectual;2023;0;615188;C. Valenciana;0.0;12;3958;0.0;;
castellon;contra_la_propiedad_industrial/intelectual;2024;1;627620;C. Valenciana;0.0016;12;4333;0.02307869836141242;;inf
castellon;delitos_sexuales;2022;26;604086;C. Valenciana;0.043;12;2576;1.0093167701863355;;
castellon;delitos_sexuales;2023;25;615188;C. Valenciana;0.0406;12;3958;0.631632137443153;;-3.8461538461538436
castellon;delitos_sexuales;2024;12;627620;C. Valenciana;0.0191;12;4333;0.27694438033694896;;-52.0
castellon;falsificacion_informatica;2022;127;604086;C. Valenciana;0.2102;12;2576;4.930124223602485;;
castellon;falsificacion_informatica;2023;121;615188;C. Valenciana;0.1967;12;3958;3.057099545224861;;-4.7244094488189
castellon;falsificacion_informatica;2024;212;627620;C. Valenciana;0.3378;12;4333;4.892684052619432;;75.20661157024793
castellon;fraude_informatico;2022;2137;604086;C. Valenciana;3.5376;12;2576;82.95807453416148;82.95807453416148;
castellon;fraude_informatico;2023;3557;615188;C. Valenciana;5.782;12;3958;89.86862051541182;89.86862051541182;66.44829199812821
castellon;fraude_informatico;2024;3782;627620;C. Valenciana;6.0259;12;4333;87.28363720286177;87.28363720286177;6.325555243182457
castellon;interferencia_en_los_datos_y_en_el_sistema;2022;12;604086;C. Valenciana;0.0199;12;2576;0.4658385093167702;;
castellon;interferencia_en_los_datos_y_en_el_sistema;2023;10;615188;C. Valenciana;0.0163;12;3958;0.25265285497726125;;-16.666666666666664
castellon;interferencia_en_los_datos_y_en_el_sistema;2024;12;627620;C. Valenciana;0.0191;12;4333;0.27694438033694896;;19.999999999999996
ceuta;acceso__e_interceptacion_ilicita;2022;19;83052;Ceuta;0.2288;51;567;3.3509700176366843;;
ceuta;acceso__e_interceptacion_ilicita;2023;12;83179;Ceuta;0.1443;51;592;2.027027027027027;;-36.8421052631579
ceuta;acceso__e_interceptacion_ilicita;2024;21;83567;Ceuta;0.2513;51;592;3.5472972972972974;;75.0
ceuta;amenazas_y_coacciones;2022;54;83052;Ceuta;0.6502;51;567;9.523809523809524;;
ceuta;amenazas_y_coacciones;2023;33;83179;Ceuta;0.3967;51;592;5.574324324324325;;-38.888888888888886
ceuta;amenazas_y_coacciones;2024;43;83567;Ceuta;0.5146;51;592;7.263513513513513;;30.303030303030297
ceuta;contra_el_honor;2022;0;83052;Ceuta;0.0;51;567;0.0;;
ceuta;contra_el_honor;2023;8;83179;Ceuta;0.0962;51;592;1.3513513513513513;;inf
ceuta;contra_el_honor;2024;1;83567;Ceuta;0.012;51;592;0.16891891891891891;;-87.5
ceuta;contra_la_propiedad_industrial/intelectual;2022;1;83052;Ceuta;0.012;51;567;0.1763668430335097;;
ceuta;contra_la_propiedad_industrial/intelectual;2023;0;83179;Ceuta;0.0;51;592;0.0;;-100.0
ceuta;contra_la_propiedad_industrial/intelectual;2024;0;83567;Ceuta;0.0;51;592;0.0;;
ceuta;delitos_sexuales;2022;4;83052;Ceuta;0.0482;51;567;0.7054673721340388;;
ceuta;delitos_sexuales;2023;4;83179;Ceuta;0.0481;51;592;0.6756756756756757;;0.0
ceuta;delitos_sexuales;2024;5;83567;Ceuta;0.0598;51;592;0.8445945945945946;;25.0
ceuta;falsificacion_informatica;2022;20;83052;Ceuta;0.2408;51;567;3.527336860670194;;
ceuta;falsificacion_informatica;2023;19;83179;Ceuta;0.2284;51;592;3.209459459459459;;-5.000000000000004
ceuta;falsificacion_informatica;2024;22;83567;Ceuta;0.2633;51;592;3.7162162162162162;;15.789473684210531
ceuta;fraude_informatico;2022;469;83052;Ceuta;5.6471;51;567;82.71604938271605;82.71604938271605;
ceuta;fraude_informatico;2023;514;83179;Ceuta;6.1794;51;592;86.82432432432432;86.82432432432432;9.594882729211097
ceuta;fraude_informatico;2024;497;83567;Ceuta;5.9473;51;592;83.9527027027027;83.9527027027027;-3.3073929961089488
ceuta;interferencia_en_los_datos_y_en_el_sistema;2022;0;83052;Ceuta;0.0;51;567;0.0;;
ceuta;interferencia_en_los_datos_y_en_el_sistema;2023;2;83179;Ceuta;0.024;51;592;0.33783783783783783;;inf
ceuta;interferencia_en_los_datos_y_en_el_sistema;2024;3;83567;Ceuta;0.0359;51;592;0.5067567567567568;;50.0
ciudad_real;acceso__e_interceptacion_ilicita;2022;42;491927;Castilla-La Mancha;0.0854;13;3243;1.2950971322849214;;
ciudad_real;acceso__e_interceptacion_ilicita;2023;49;492948;Castilla-La Mancha;0.0994;13;3542;1.383399209486166;;16.666666666666675
ciudad_real;acceso__e_interceptacion_ilicita;2024;29;494848;Castilla-La Mancha;0.0586;13;3381;0.857734398107069;;-40.816326530612244
ciudad_real;amenazas_y_coacciones;2022;150;491927;Castilla-La Mancha;0.3049;13;3243;4.6253469010175765;;
ciudad_real;amenazas_y_coacciones;2023;132;492948;Castilla-La Mancha;0.2678;13;3542;3.7267080745341614;;-12.0
ciudad_real;amenazas_y_coacciones;2024;124;494848;Castilla-La Mancha;0.2506;13;3381;3.6675539781129842;;-6.060606060606055
ciudad_real;contra_el_honor;2022;23;491927;Castilla-La Mancha;0.0468;13;3243;0.7092198581560284;;
ciudad_real;contra_el_honor;2023;19;492948;Castilla-La Mancha;0.0385;13;3542;0.5364201016374929;;-17.391304347826086
ciudad_real;contra_el_honor;2024;10;494848;Castilla-La Mancha;0.0202;13;3381;0.29577048210588586;;-47.36842105263158
ciudad_real;contra_la_propiedad_industrial/intelectual;2022;0;491927;Castilla-La Mancha;0.0;13;3243;0.0;;
ciudad_real;contra_la_propiedad_industrial/intelectual;2023;1;492948;Castilla-La Mancha;0.002;13;3542;0.0282326369282891;;inf
ciudad_real;contra_la_propiedad_industrial/intelectual;2024;0;494848;Castilla-La Mancha;0.0;13;3381;0.0;;-100.0
ciudad_real;delitos_sexuales;2022;13;491927;Castilla-La Mancha;0.0264;13;3243;0.40086339808818994;;
ciudad_real;delitos_sexuales;2023;14;492948;Castilla-La Mancha;0.0284;13;3542;0.3952569169960474;;7.692307692307687
ciudad_real;delitos_sexuales;2024;4;494848;Castilla-La Mancha;0.0081;13;3381;0.11830819284235432;;-71.42857142857143
ciudad_real;falsificacion_informatica;2022;126;491927;Castilla-La Mancha;0.2561;13;3243;3.885291396854764;;
ciudad_real;falsificacion_informatica;2023;128;492948;Castilla-La Mancha;0.2597;13;3542;3.613777526821005;;1.5873015873015817
ciudad_real;falsificacion_informatica;2024;152;494848;Castilla-La Mancha;0.3072;13;3381;4.495711328009465;;18.75
ciudad_real;fraude_informatico;2022;2880;491927;Castilla-La Mancha;5.8545;13;3243;88.80666049953746;88.80666049953746;
ciudad_real;fraude_informatico;2023;3190;492948;Castilla-La Mancha;6.4713;13;3542;90.06211180124224;90.06211180124224;10.763888888888884
ciudad_real;fraude_informatico;2024;3047;494848;Castilla-La Mancha;6.1574;13;3381;90.12126589766342;90.12126589766342;-4.482758620689653
ciudad_real;interferencia_en_los_datos_y_en_el_sistema;2022;9;491927;Castilla-La Mancha;0.0183;13;3243;0.27752081406105455;;
ciudad_real;interferencia_en_los_datos_y_en_el_sistema;2023;9;492948;Castilla-La Mancha;0.0183;13;3542;0.2540937323546019;;0.0
ciudad_real;interferencia_en_los_datos_y_en_el_sistema;2024;15;494848;Castilla-La Mancha;0.0303;13;3381;0.44365572315882873;;66.66666666666667
cordoba;acceso__e_interceptacion_ilicita;2022;101;775002;Andalucía;0.1303;14;5414;1.865533801256003;;
cordoba;acceso__e_interceptacion_ilicita;2023;169;774313;Andalucía;0.2183;14;7670;2.2033898305084745;;67.32673267326732
cordoba;acceso__e_interceptacion_ilicita;2024;225;773163;Andalucía;0.291;14;7445;3.022162525184688;;33.136094674556205
cordoba;amenazas_y_coacciones;2022;299;775002;Andalucía;0.3858;14;5414;5.522718876985593;;
cordoba;amenazas_y_coacciones;2023;299;774313;Andalucía;0.3861;14;7670;3.898305084745763;;0.0
cordoba;amenazas_y_coacciones;2024;274;773163;Andalucía;0.3544;14;7445;3.680322364002686;;-8.361204013377932
cordoba;contra_el_honor;2022;42;775002;Andalucía;0.0542;14;5414;0.7757665312153675;;
cordoba;contra_el_honor;2023;39;774313;Andalucía;0.0504;14;7670;0.5084745762711864;;-7.14285714285714
cordoba;contra_el_honor;2024;20;773163;Andalucía;0.0259;14;7445;0.2686366689053056;;-48.71794871794872
cordoba;contra_la_propiedad_industrial/intelectual;2022;4;775002;Andalucía;0.0052;14;5414;0.07388252678241596;;
cordoba;contra_la_propiedad_industrial/intelectual;2023;0;774313;Andalucía;0.0;14;7670;0.0;;-100.0
cordoba;contra_la_propiedad_industrial/intelectual;2024;3;773163;Andalucía;0.0039;14;7445;0.040295500335795834;;inf
cordoba;delitos_sexuales;2022;29;775002;Andalucía;0.0374;14;5414;0.5356483191725157;;
cordoba;delitos_sexuales;2023;28;774313;Andalucía;0.0362;14;7670;0.3650586701434159;;-3.4482758620689613
cordoba;delitos_sexuales;2024;26;773163;Andalucía;0.0336;14;7445;0.3492276695768972;;-7.14285714285714
cordoba;falsificacion_informatica;2022;275;775002;Andalucía;0.3548;14;5414;5.079423716291097;;
cordoba;falsificacion_informatica;2023;383;774313;Andalucía;0.4946;14;7670;4.99348109517601;;39.27272727272728
cordoba;falsificacion_informatica;2024;401;773163;Andalucía;0.5186;14;7445;5.3861652115513765;;4.699738903394257
cordoba;fraude_informatico;2022;4632;775002;Andalucía;5.9768;14;5414;85.55596601403768;85.55596601403768;
cordoba;fraude_informatico;2023;6732;774313;Andalucía;8.6942;14;7670;87.77053455019556;87.77053455019556;45.336787564766844
cordoba;fraude_informatico;2024;6462;773163;Andalucía;8.3579;14;7445;86.79650772330423;86.79650772330423;-4.01069518716578
cordoba;interferencia_en_los_datos_y_en_el_sistema;2022;32;775002;Andalucía;0.0413;14;5414;0.5910602142593276;;
cordoba;interferencia_en_los_datos_y_en_el_sistema;2023;20;774313;Andalucía;0.0258;14;7670;0.2607561929595828;;-37.5
cordoba;interferencia_en_los_datos_y_en_el_sistema;2024;34;773163;Andalucía;0.044;14;7445;0.4566823371390195;;70.0
coruna;acceso__e_interceptacion_ilicita;2022;155;1123884;Galicia;0.1379;15;8437;1.8371459049425152;;
coruna;acceso__e_interceptacion_ilicita;2023;199;1128449;Galicia;0.1763;15;8904;2.234950584007188;;28.387096774193555
coruna;acceso__e_interceptacion_ilicita;2024;318;1135623;Galicia;0.28;15;9977;3.1873308609802544;;59.798994974874375
coruna;amenazas_y_coacciones;2022;475;1123884;Galicia;0.4226;15;8437;5.629963257081902;;
coruna;amenazas_y_coacciones;2023;470;1128449;Galicia;0.4165;15;8904;5.278526504941599;;-1.0526315789473717
coruna;amenazas_y_coacciones;2024;495;1135623;Galicia;0.4359;15;9977;4.961411245865491;;5.319148936170204
coruna;contra_el_honor;2022;46;1123884;Galicia;0.0409;15;8437;0.5452174943700367;;
coruna;contra_el_honor;2023;64;1128449;Galicia;0.0567;15;8904;0.7187780772686434;;39.13043478260869
coruna;contra_el_honor;2024;66;1135623;Galicia;0.0581;15;9977;0.6615214994487321;;3.125
coruna;contra_la_propiedad_industrial/intelectual;2022;3;1123884;Galicia;0.0027;15;8437;0.035557662676306744;;
coruna;contra_la_propiedad_industrial/intelectual;2023;0;1128449;Galicia;0.0;15;8904;0.0;;-100.0
coruna;contra_la_propiedad_industrial/intelectual;2024;3;1135623;Galicia;0.0026;15;9977;0.030069159065851458;;inf
coruna;delitos_sexuales;2022;29;1123884;Galicia;0.0258;15;8437;0.3437240725376319;;
coruna;delitos_sexuales;2023;48;1128449;Galicia;0.0425;15;8904;0.5390835579514826;;65.51724137931035
coruna;delitos_sexuales;2024;39;1135623;Galicia;0.0343;15;9977;0.390899067856069;;-18.75
coruna;falsificacion_informatica;2022;259;1123884;Galicia;0.2305;15;8437;3.0698115443878153;;
coruna;falsificacion_informatica;2023;438;1128449;Galicia;0.3881;15;8904;4.919137466307277;;69.1119691119691
coruna;falsificacion_informatica;2024;559;1135623;Galicia;0.4922;15;9977;5.602886639270322;;27.625570776255714
coruna;fraude_informatico;2022;7434;1123884;Galicia;6.6146;15;8437;88.11188811188812;88.11188811188812;
coruna;fraude_informatico;2023;7639;1128449;Galicia;6.7695;15;8904;85.79290206648697;85.79290206648697;2.7576002152273293
coruna;fraude_informatico;2024;8452;1135623;Galicia;7.4426;15;9977;84.71484414152552;84.71484414152552;10.642754287210376
coruna;interferencia_en_los_datos_y_en_el_sistema;2022;36;1123884;Galicia;0.032;15;8437;0.42669195211568095;;
coruna;interferencia_en_los_datos_y_en_el_sistema;2023;46;1128449;Galicia;0.0408;15;8904;0.5166217430368374;;27.777777777777768
coruna;interferencia_en_los_datos_y_en_el_sistema;2024;45;1135623;Galicia;0.0396;15;9977;0.4510373859877718;;-2.1739130434782594
cuenca;acceso__e_interceptacion_ilicita;2022;12;198436;Castilla-La Mancha;0.0605;16;1579;0.7599746675110829;;
cuenca;acceso__e_interceptacion_ilicita;2023;19;199025;Castilla-La Mancha;0.0955;16;1707;1.1130638547158758;;58.33333333333333
cuenca;acceso__e_interceptacion_ilicita;2024;14;199859;Castilla-La Mancha;0.07;16;1490;0.9395973154362416;;-26.315789473684216
cuenca;amenazas_y_coacciones;2022;63;198436;Castilla-La Mancha;0.3175;16;1579;3.9898670044331856;;
cuenca;amenazas_y_coacciones;2023;45;199025;Castilla-La Mancha;0.2261;16;1707;2.6362038664323375;;-28.57142857142857
cuenca;amenazas_y_coacciones;2024;63;199859;Castilla-La Mancha;0.3152;16;1490;4.228187919463087;;39.99999999999999
cuenca;contra_el_honor;2022;9;198436;Castilla-La Mancha;0.0454;16;1579;0.5699810006333123;;
cuenca;contra_el_honor;2023;20;199025;Castilla-La Mancha;0.1005;16;1707;1.1716461628588166;;122.22222222222223
cuenca;contra_el_honor;2024;7;199859;Castilla-La Mancha;0.035;16;1490;0.4697986577181208;;-65.0
cuenca;contra_la_propiedad_industrial/intelectual;2022;0;198436;Castilla-La Mancha;0.0;16;1579;0.0;;
cuenca;contra_la_propiedad_industrial/intelectual;2023;0;199025;Castilla-La Mancha;0.0;16;1707;0.0;;
cuenca;contra_la_propiedad_industrial/intelectual;2024;0;199859;Castilla-La Mancha;0.0;16;1490;0.0;;
cuenca;delitos_sexuales;2022;3;198436;Castilla-La Mancha;0.0151;16;1579;0.18999366687777072;;
cuenca;delitos_sexuales;2023;6;199025;Castilla-La Mancha;0.0301;16;1707;0.35149384885764495;;100.0
cuenca;delitos_sexuales;2024;7;199859;Castilla-La Mancha;0.035;16;1490;0.4697986577181208;;16.666666666666675
cuenca;falsificacion_informatica;2022;67;198436;Castilla-La Mancha;0.3376;16;1579;4.243191893603546;;
cuenca;falsificacion_informatica;2023;68;199025;Castilla-La Mancha;0.3417;16;1707;3.9835969537199762;;1.4925373134328401
cuenca;falsificacion_informatica;2024;83;199859;Castilla-La Mancha;0.4153;16;1490;5.570469798657718;;22.058823529411775
cuenca;fraude_informatico;2022;1411;198436;Castilla-La Mancha;7.1106;16;1579;89.36035465484484;89.36035465484484;
cuenca;fraude_informatico;2023;1536;199025;Castilla-La Mancha;7.7176;16;1707;89.98242530755711;89.98242530755711;8.858965272856123
cuenca;fraude_informatico;2024;1308;199859;Castilla-La Mancha;6.5446;16;1490;87.78523489932886;87.78523489932886;-14.84375
cuenca;interferencia_en_los_datos_y_en_el_sistema;2022;14;198436;Castilla-La Mancha;0.0706;16;1579;0.8866371120962635;;
cuenca;interferencia_en_los_datos_y_en_el_sistema;2023;13;199025;Castilla-La Mancha;0.0653;16;1707;0.7615700058582308;;-7.14285714285714
cuenca;interferencia_en_los_datos_y_en_el_sistema;2024;8;199859;Castilla-La Mancha;0.04;16;1490;0.5369127516778524;;-38.46153846153846
gipuzkoa;acceso__e_interceptacion_ilicita;2022;51;726712;País Vasco;0.0702;20;6069;0.8403361344537815;;
gipuzkoa;acceso__e_interceptacion_ilicita;2023;74;729722;País Vasco;0.1014;20;8761;0.8446524369364227;;45.09803921568627
gipuzkoa;acceso__e_interceptacion_ilicita;2024;71;733149;País Vasco;0.0968;20;7726;0.9189748899818794;;-4.054054054054057
gipuzkoa;amenazas_y_coacciones;2022;181;726712;País Vasco;0.2491;20;6069;2.9823694183555776;;
gipuzkoa;amenazas_y_coacciones;2023;446;729722;País Vasco;0.6112;20;8761;5.090743065860061;;146.40883977900555
gipuzkoa;amenazas_y_coacciones;2024;457;733149;País Vasco;0.6233;20;7726;5.915091897488998;;2.4663677130044803
gipuzkoa;contra_el_honor;2022;1;726712;País Vasco;0.0014;20;6069;0.01647717910693689;;
gipuzkoa;contra_el_honor;2023;2;729722;País Vasco;0.0027;20;8761;0.022828444241524942;;100.0
gipuzkoa;contra_el_honor;2024;0;733149;País Vasco;0.0;20;7726;0.0;;-100.0
gipuzkoa;contra_la_propiedad_industrial/intelectual;2022;1;726712;País Vasco;0.0014;20;6069;0.01647717910693689;;
gipuzkoa;contra_la_propiedad_industrial/intelectual;2023;1;729722;País Vasco;0.0014;20;8761;0.011414222120762471;;0.0
gipuzkoa;contra_la_propiedad_industrial/intelectual;2024;4;733149;País Vasco;0.0055;20;7726;0.05177323323841575;;300.0
gipuzkoa;delitos_sexuales;2022;15;726712;País Vasco;0.0206;20;6069;0.2471576866040534;;
gipuzkoa;delitos_sexuales;2023;81;729722;País Vasco;0.111;20;8761;0.9245519917817601;;440.00000000000006
gipuzkoa;delitos_sexuales;2024;41;733149;País Vasco;0.0559;20;7726;0.5306756406937613;;-49.382716049382715
gipuzkoa;falsificacion_informatica;2022;237;726712;País Vasco;0.3261;20;6069;3.9050914483440433;;
gipuzkoa;falsificacion_informatica;2023;256;729722;País Vasco;0.3508;20;8761;2.9220408629151926;;8.016877637130793
gipuzkoa;falsificacion_informatica;2024;268;733149;País Vasco;0.3655;20;7726;3.468806626973855;;4.6875
gipuzkoa;fraude_informatico;2022;5572;726712;País Vasco;7.6674;20;6069;91.81084198385237;91.81084198385237;
gipuzkoa;fraude_informatico;2023;7895;729722;País Vasco;10.8192;20;8761;90.1152836434197;90.1152836434197;41.69059583632448
gipuzkoa;fraude_informatico;2024;6882;733149;País Vasco;9.3869;20;7726;89.07584778669428;89.07584778669428;-12.830905636478784
gipuzkoa;interferencia_en_los_datos_y_en_el_sistema;2022;11;726712;País Vasco;0.0151;20;6069;0.1812489701763058;;
gipuzkoa;interferencia_en_los_datos_y_en_el_sistema;2023;6;729722;País Vasco;0.0082;20;8761;0.06848533272457483;;-45.45454545454546
gipuzkoa;interferencia_en_los_datos_y_en_el_sistema;2024;3;733149;País Vasco;0.0041;20;7726;0.0388299249288118;;-50.0
girona;acceso__e_interceptacion_ilicita;2022;120;808672;Cataluña;0.1484;17;7118;1.685866816521495;;
girona;acceso__e_interceptacion_ilicita;2023;118;821108;Cataluña;0.1437;17;8680;1.359447004608295;;-1.6666666666666718
girona;acceso__e_interceptacion_ilicita;2024;77;830429;Cataluña;0.0927;17;7998;0.9627406851712927;;-34.7457627118644
girona;amenazas_y_coacciones;2022;75;808672;Cataluña;0.0927;17;7118;1.0536667603259342;;
girona;amenazas_y_coacciones;2023;64;821108;Cataluña;0.0779;17;8680;0.7373271889400922;;-14.66666666666666
girona;amenazas_y_coacciones;2024;95;830429;Cataluña;0.1144;17;7998;1.1877969492373095;;48.4375
girona;contra_el_honor;2022;1;808672;Cataluña;0.0012;17;7118;0.014048890137679125;;
girona;contra_el_honor;2023;2;821108;Cataluña;0.0024;17;8680;0.02304147465437788;;100.0
girona;contra_el_honor;2024;1;830429;Cataluña;0.0012;17;7998;0.012503125781445362;;-50.0
girona;contra_la_propiedad_industrial/intelectual;2022;2;808672;Cataluña;0.0025;17;7118;0.02809778027535825;;
girona;contra_la_propiedad_industrial/intelectual;2023;0;821108;Cataluña;0.0;17;8680;0.0;;-100.0
girona;contra_la_propiedad_industrial/intelectual;2024;3;830429;Cataluña;0.0036;17;7998;0.037509377344336084;;inf
girona;delitos_sexuales;2022;11;808672;Cataluña;0.0136;17;7118;0.15453779151447036;;
girona;delitos_sexuales;2023;12;821108;Cataluña;0.0146;17;8680;0.1382488479262673;;9.090909090909083
girona;delitos_sexuales;2024;15;830429;Cataluña;0.0181;17;7998;0.1875468867216804;;25.0
girona;falsificacion_informatica;2022;72;808672;Cataluña;0.089;17;7118;1.0115200899128969;;
girona;falsificacion_informatica;2023;78;821108;Cataluña;0.095;17;8680;0.8986175115207374;;8.333333333333325
girona;falsificacion_informatica;2024;149;830429;Cataluña;0.1794;17;7998;1.8629657414353586;;91.02564102564104
girona;fraude_informatico;2022;6833;808672;Cataluña;8.4497;17;7118;95.99606631076145;95.99606631076145;
girona;fraude_informatico;2023;8397;821108;Cataluña;10.2264;17;8680;96.73963133640552;96.73963133640552;22.88892141080052
girona;fraude_informatico;2024;7652;830429;Cataluña;9.2145;17;7998;95.6739184796199;95.6739184796199;-8.872216267714661
girona;interferencia_en_los_datos_y_en_el_sistema;2022;4;808672;Cataluña;0.0049;17;7118;0.0561955605507165;;
girona;interferencia_en_los_datos_y_en_el_sistema;2023;9;821108;Cataluña;0.011;17;8680;0.10368663594470047;;125.0
girona;interferencia_en_los_datos_y_en_el_sistema;2024;6;830429;Cataluña;0.0072;17;7998;0.07501875468867217;;-33.333333333333336
granada;acceso__e_interceptacion_ilicita;2022;86;934072;Andalucía;0.0921;18;5429;1.5840854669368207;;
granada;acceso__e_interceptacion_ilicita;2023;104;939741;Andalucía;0.1107;18;9937;1.0465935392975747;;20.93023255813953
granada;acceso__e_interceptacion_ilicita;2024;173;945797;Andalucía;0.1829;18;9480;1.8248945147679325;;66.34615384615385
granada;amenazas_y_coacciones;2022;299;934072;Andalucía;0.3201;18;5429;5.507459937373365;;
granada;amenazas_y_coacciones;2023;427;939741;Andalucía;0.4544;18;9937;4.29707155076985;;42.809364548494976
granada;amenazas_y_coacciones;2024;522;945797;Andalucía;0.5519;18;9480;5.506329113924051;;22.248243559718972
granada;contra_el_honor;2022;24;934072;Andalucía;0.0257;18;5429;0.4420703628660895;;
granada;contra_el_honor;2023;23;939741;Andalucía;0.0245;18;9937;0.23145818657542516;;-4.1666666666666625
granada;contra_el_honor;2024;26;945797;Andalucía;0.0275;18;9480;0.27426160337552746;;13.043478260869556
granada;contra_la_propiedad_industrial/intelectual;2022;4;934072;Andalucía;0.0043;18;5429;0.07367839381101492;;
granada;contra_la_propiedad_industrial/intelectual;2023;2;939741;Andalucía;0.0021;18;9937;0.02012679883264567;;-50.0
granada;contra_la_propiedad_industrial/intelectual;2024;5;945797;Andalucía;0.0053;18;9480;0.05274261603375527;;150.0
granada;delitos_sexuales;2022;21;934072;Andalucía;0.0225;18;5429;0.3868115675078283;;
granada;delitos_sexuales;2023;31;939741;Andalucía;0.033;18;9937;0.31196538190600787;;47.61904761904763
granada;delitos_sexuales;2024;21;945797;Andalucía;0.0222;18;9480;0.22151898734177217;;-32.25806451612904
granada;falsificacion_informatica;2022;242;934072;Andalucía;0.2591;18;5429;4.457542825566403;;
granada;falsificacion_informatica;2023;280;939741;Andalucía;0.298;18;9937;2.8177518365703933;;15.702479338842966
granada;falsificacion_informatica;2024;383;945797;Andalucía;0.4049;18;9480;4.040084388185654;;36.78571428571429
granada;fraude_informatico;2022;4700;934072;Andalucía;5.0317;18;5429;86.57211272794252;86.57211272794252;
granada;fraude_informatico;2023;8978;939741;Andalucía;9.5537;18;9937;90.3491999597464;90.3491999597464;91.02127659574468
granada;fraude_informatico;2024;8275;945797;Andalucía;8.7492;18;9480;87.28902953586498;87.28902953586498;-7.830251726442416
granada;interferencia_en_los_datos_y_en_el_sistema;2022;53;934072;Andalucía;0.0567;18;5429;0.9762387179959477;;
granada;interferencia_en_los_datos_y_en_el_sistema;2023;92;939741;Andalucía;0.0979;18;9937;0.9258327463017006;;73.58490566037736
granada;interferencia_en_los_datos_y_en_el_sistema;2024;75;945797;Andalucía;0.0793;18;9480;0.7911392405063291;;-18.478260869565222
guadalajara;acceso__e_interceptacion_ilicita;2022;18;275082;Castilla-La Mancha;0.0654;19;1802;0.9988901220865706;;
guadalajara;acceso__e_interceptacion_ilicita;2023;29;280225;Castilla-La Mancha;0.1035;19;3399;0.8531921153280376;;61.111111111111114
guadalajara;acceso__e_interceptacion_ilicita;2024;24;285839;Castilla-La Mancha;0.084;19;3100;0.7741935483870968;;-17.24137931034483
guadalajara;amenazas_y_coacciones;2022;108;275082;Castilla-La Mancha;0.3926;19;1802;5.993340732519423;;
guadalajara;amenazas_y_coacciones;2023;103;280225;Castilla-La Mancha;0.3676;19;3399;3.0303030303030303;;-4.629629629629628
guadalajara;amenazas_y_coacciones;2024;87;285839;Castilla-La Mancha;0.3044;19;3100;2.806451612903226;;-15.533980582524276
guadalajara;contra_el_honor;2022;3;275082;Castilla-La Mancha;0.0109;19;1802;0.1664816870144284;;
guadalajara;contra_el_honor;2023;7;280225;Castilla-La Mancha;0.025;19;3399;0.20594292438952633;;133.33333333333334
guadalajara;contra_el_honor;2024;4;285839;Castilla-La Mancha;0.014;19;3100;0.12903225806451613;;-42.85714285714286
guadalajara;contra_la_propiedad_industrial/intelectual;2022;1;275082;Castilla-La Mancha;0.0036;19;1802;0.05549389567147614;;
guadalajara;contra_la_propiedad_industrial/intelectual;2023;0;280225;Castilla-La Mancha;0.0;19;3399;0.0;;-100.0
guadalajara;contra_la_propiedad_industrial/intelectual;2024;0;285839;Castilla-La Mancha;0.0;19;3100;0.0;;
guadalajara;delitos_sexuales;2022;6;275082;Castilla-La Mancha;0.0218;19;1802;0.3329633740288568;;
guadalajara;delitos_sexuales;2023;13;280225;Castilla-La Mancha;0.0464;19;3399;0.38246543100912034;;116.66666666666666
guadalajara;delitos_sexuales;2024;10;285839;Castilla-La Mancha;0.035;19;3100;0.3225806451612903;;-23.076923076923073
guadalajara;falsificacion_informatica;2022;105;275082;Castilla-La Mancha;0.3817;19;1802;5.826859045504994;;
guadalajara;falsificacion_informatica;2023;145;280225;Castilla-La Mancha;0.5174;19;3399;4.265960576640189;;38.095238095238095
guadalajara;falsificacion_informatica;2024;143;285839;Castilla-La Mancha;0.5003;19;3100;4.612903225806451;;-1.379310344827589
guadalajara;fraude_informatico;2022;1551;275082;Castilla-La Mancha;5.6383;19;1802;86.07103218645949;86.07103218645949;
guadalajara;fraude_informatico;2023;3096;280225;Castilla-La Mancha;11.0483;19;3399;91.0856134157105;91.0856134157105;99.61315280464216
guadalajara;fraude_informatico;2024;2823;285839;Castilla-La Mancha;9.8762;19;3100;91.06451612903226;91.06451612903226;-8.817829457364345
guadalajara;interferencia_en_los_datos_y_en_el_sistema;2022;10;275082;Castilla-La Mancha;0.0364;19;1802;0.5549389567147613;;
guadalajara;interferencia_en_los_datos_y_en_el_sistema;2023;6;280225;Castilla-La Mancha;0.0214;19;3399;0.176522506619594;;-40.0
guadalajara;interferencia_en_los_datos_y_en_el_sistema;2024;9;285839;Castilla-La Mancha;0.0315;19;3100;0.2903225806451613;;50.0
huelva;acceso__e_interceptacion_ilicita;2022;37;534084;Andalucía;0.0693;21;2081;1.77799135031235;;
huelva;acceso__e_interceptacion_ilicita;2023;70;535734;Andalucía;0.1307;21;3392;2.063679245283019;;89.1891891891892
huelva;acceso__e_interceptacion_ilicita;2024;86;538789;Andalucía;0.1596;21;3548;2.4239007891770012;;22.857142857142865
huelva;amenazas_y_coacciones;2022;220;534084;Andalucía;0.4119;21;2081;10.571840461316674;;
huelva;amenazas_y_coacciones;2023;198;535734;Andalucía;0.3696;21;3392;5.837264150943397;;-9.999999999999998
huelva;amenazas_y_coacciones;2024;156;538789;Andalucía;0.2895;21;3548;4.3968432919954905;;-21.212121212121215
huelva;contra_el_honor;2022;25;534084;Andalucía;0.0468;21;2081;1.2013455069678038;;
huelva;contra_el_honor;2023;27;535734;Andalucía;0.0504;21;3392;0.7959905660377359;;8.000000000000007
huelva;contra_el_honor;2024;15;538789;Andalucía;0.0278;21;3548;0.4227733934611048;;-44.44444444444444
huelva;contra_la_propiedad_industrial/intelectual;2022;1;534084;Andalucía;0.0019;21;2081;0.04805382027871216;;
huelva;contra_la_propiedad_industrial/intelectual;2023;1;535734;Andalucía;0.0019;21;3392;0.0294811320754717;;0.0
huelva;contra_la_propiedad_industrial/intelectual;2024;3;538789;Andalucía;0.0056;21;3548;0.08455467869222097;;200.0
huelva;delitos_sexuales;2022;22;534084;Andalucía;0.0412;21;2081;1.0571840461316675;;
huelva;delitos_sexuales;2023;20;535734;Andalucía;0.0373;21;3392;0.589622641509434;;-9.090909090909093
huelva;delitos_sexuales;2024;22;538789;Andalucía;0.0408;21;3548;0.6200676437429538;;10.000000000000009
huelva;falsificacion_informatica;2022;86;534084;Andalucía;0.161;21;2081;4.132628543969245;;
huelva;falsificacion_informatica;2023;69;535734;Andalucía;0.1288;21;3392;2.0341981132075473;;-19.76744186046512
huelva;falsificacion_informatica;2024;138;538789;Andalucía;0.2561;21;3548;3.8895152198421648;;100.0
huelva;fraude_informatico;2022;1681;534084;Andalucía;3.1474;21;2081;80.77847188851514;80.77847188851514;
huelva;fraude_informatico;2023;3004;535734;Andalucía;5.6073;21;3392;88.56132075471697;88.56132075471697;78.7031528851874
huelva;fraude_informatico;2024;3118;538789;Andalucía;5.7871;21;3548;87.880496054115;87.880496054115;3.794940079893472
huelva;interferencia_en_los_datos_y_en_el_sistema;2022;9;534084;Andalucía;0.0169;21;2081;0.4324843825084094;;
huelva;interferencia_en_los_datos_y_en_el_sistema;2023;3;535734;Andalucía;0.0056;21;3392;0.0884433962264151;;-66.66666666666667
huelva;interferencia_en_los_datos_y_en_el_sistema;2024;10;538789;Andalucía;0.0186;21;3548;0.2818489289740699;;233.33333333333334
huesca;acceso__e_interceptacion_ilicita;2022;14;226878;Aragón;0.0617;22;1539;0.9096816114359974;;
huesca;acceso__e_interceptacion_ilicita;2023;20;228519;Aragón;0.0875;22;2113;0.946521533364884;;42.85714285714286
huesca;acceso__e_interceptacion_ilicita;2024;25;230087;Aragón;0.1087;22;2295;1.0893246187363834;;25.0
huesca;amenazas_y_coacciones;2022;73;226878;Aragón;0.3218;22;1539;4.743339831059129;;
huesca;amenazas_y_coacciones;2023;112;228519;Aragón;0.4901;22;2113;5.3005205868433505;;53.42465753424656
huesca;amenazas_y_coacciones;2024;117;230087;Aragón;0.5085;22;2295;5.098039215686274;;4.464285714285721
huesca;contra_el_honor;2022;1;226878;Aragón;0.0044;22;1539;0.0649772579597141;;
huesca;contra_el_honor;2023;6;228519;Aragón;0.0263;22;2113;0.28395646000946523;;500.0
huesca;contra_el_honor;2024;11;230087;Aragón;0.0478;22;2295;0.4793028322440087;;83.33333333333333
huesca;contra_la_propiedad_industrial/intelectual;2022;0;226878;Aragón;0.0;22;1539;0.0;;
huesca;contra_la_propiedad_industrial/intelectual;2023;0;228519;Aragón;0.0;22;2113;0.0;;
huesca;contra_la_propiedad_industrial/intelectual;2024;2;230087;Aragón;0.0087;22;2295;0.08714596949891067;;inf
huesca;delitos_sexuales;2022;3;226878;Aragón;0.0132;22;1539;0.1949317738791423;;
huesca;delitos_sexuales;2023;7;228519;Aragón;0.0306;22;2113;0.3312825366777094;;133.33333333333334
huesca;delitos_sexuales;2024;9;230087;Aragón;0.0391;22;2295;0.39215686274509803;;28.57142857142858
huesca;falsificacion_informatica;2022;57;226878;Aragón;0.2512;22;1539;3.7037037037037033;;
huesca;falsificacion_informatica;2023;84;228519;Aragón;0.3676;22;2113;3.975390440132513;;47.36842105263157
huesca;falsificacion_informatica;2024;95;230087;Aragón;0.4129;22;2295;4.139433551198257;;13.095238095238093
huesca;fraude_informatico;2022;1389;226878;Aragón;6.1222;22;1539;90.25341130604289;90.25341130604289;
huesca;fraude_informatico;2023;1876;228519;Aragón;8.2094;22;2113;88.78371982962612;88.78371982962612;35.06119510439165
huesca;fraude_informatico;2024;2006;230087;Aragón;8.7184;22;2295;87.4074074074074;87.4074074074074;6.929637526652455
huesca;interferencia_en_los_datos_y_en_el_sistema;2022;2;226878;Aragón;0.0088;22;1539;0.1299545159194282;;
huesca;interferencia_en_los_datos_y_en_el_sistema;2023;8;228519;Aragón;0.035;22;2113;0.37860861334595364;;300.0
huesca;interferencia_en_los_datos_y_en_el_sistema;2024;30;230087;Aragón;0.1304;22;2295;1.3071895424836601;;275.0
jaen;acceso__e_interceptacion_ilicita;2022;46;620637;Andalucía;0.0741;23;3742;1.2292891501870657;;
jaen;acceso__e_interceptacion_ilicita;2023;75;619055;Andalucía;0.1212;23;5526;1.3572204125950056;;63.043478260869556
jaen;acceso__e_interceptacion_ilicita;2024;55;618143;Andalucía;0.089;23;4986;1.103088648215002;;-26.66666666666667
jaen;amenazas_y_coacciones;2022;213;620637;Andalucía;0.3432;23;3742;5.692143238909674;;
jaen;amenazas_y_coacciones;2023;150;619055;Andalucía;0.2423;23;5526;2.714440825190011;;-29.5774647887324
jaen;amenazas_y_coacciones;2024;171;618143;Andalucía;0.2766;23;4986;3.429602888086643;;13.99999999999999
jaen;contra_el_honor;2022;24;620637;Andalucía;0.0387;23;3742;0.6413682522715126;;
jaen;contra_el_honor;2023;16;619055;Andalucía;0.0258;23;5526;0.2895403546869345;;-33.333333333333336
jaen;contra_el_honor;2024;23;618143;Andalucía;0.0372;23;4986;0.4612916165262736;;43.75
jaen;contra_la_propiedad_industrial/intelectual;2022;1;620637;Andalucía;0.0016;23;3742;0.026723677177979688;;
jaen;contra_la_propiedad_industrial/intelectual;2023;2;619055;Andalucía;0.0032;23;5526;0.036192544335866814;;100.0
jaen;contra_la_propiedad_industrial/intelectual;2024;1;618143;Andalucía;0.0016;23;4986;0.02005615724027276;;-50.0
jaen;delitos_sexuales;2022;16;620637;Andalucía;0.0258;23;3742;0.427578834847675;;
jaen;delitos_sexuales;2023;11;619055;Andalucía;0.0178;23;5526;0.19905899384726747;;-31.25
jaen;delitos_sexuales;2024;9;618143;Andalucía;0.0146;23;4986;0.18050541516245489;;-18.181818181818176
jaen;falsificacion_informatica;2022;227;620637;Andalucía;0.3658;23;3742;6.06627471940139;;
jaen;falsificacion_informatica;2023;229;619055;Andalucía;0.3699;23;5526;4.14404632645675;;0.8810572687224738
jaen;falsificacion_informatica;2024;320;618143;Andalucía;0.5177;23;4986;6.417970316887285;;39.73799126637554
jaen;fraude_informatico;2022;3207;620637;Andalucía;5.1673;23;3742;85.70283270978086;85.70283270978086;
jaen;fraude_informatico;2023;5034;619055;Andalucía;8.1317;23;5526;91.09663409337676;91.09663409337676;56.96913002806361
jaen;fraude_informatico;2024;4397;618143;Andalucía;7.1132;23;4986;88.18692338547935;88.18692338547935;-12.653953118792217
jaen;interferencia_en_los_datos_y_en_el_sistema;2022;8;620637;Andalucía;0.0129;23;3742;0.2137894174238375;;
jaen;interferencia_en_los_datos_y_en_el_sistema;2023;9;619055;Andalucía;0.0145;23;5526;0.16286644951140067;;12.5
jaen;interferencia_en_los_datos_y_en_el_sistema;2024;10;618143;Andalucía;0.0162;23;4986;0.20056157240272765;;11.111111111111116
leon;acceso__e_interceptacion_ilicita;2022;58;448573;Castilla y León;0.1293;24;3757;1.543784934788395;;
leon;acceso__e_interceptacion_ilicita;2023;52;447802;Castilla y León;0.1161;24;4354;1.1943040881947635;;-10.344827586206895
leon;acceso__e_interceptacion_ilicita;2024;70;448030;Castilla y León;0.1562;24;4525;1.5469613259668509;;34.61538461538463
leon;amenazas_y_coacciones;2022;178;448573;Castilla y León;0.3968;24;3757;4.737822730902316;;
leon;amenazas_y_coacciones;2023;184;447802;Castilla y León;0.4109;24;4354;4.225999081304548;;3.370786516853941
leon;amenazas_y_coacciones;2024;183;448030;Castilla y León;0.4085;24;4525;4.044198895027624;;-0.5434782608695676
leon;contra_el_honor;2022;24;448573;Castilla y León;0.0535;24;3757;0.6388075592227841;;
leon;contra_el_honor;2023;31;447802;Castilla y León;0.0692;24;4354;0.7119889756545705;;29.166666666666675
leon;contra_el_honor;2024;19;448030;Castilla y León;0.0424;24;4525;0.4198895027624309;;-38.70967741935484
leon;contra_la_propiedad_industrial/intelectual;2022;1;448573;Castilla y León;0.0022;24;3757;0.026616981634282673;;
leon;contra_la_propiedad_industrial/intelectual;2023;0;447802;Castilla y León;0.0;24;4354;0.0;;-100.0
leon;contra_la_propiedad_industrial/intelectual;2024;9;448030;Castilla y León;0.0201;24;4525;0.1988950276243094;;inf
leon;delitos_sexuales;2022;22;448573;Castilla y León;0.049;24;3757;0.5855735959542188;;
leon;delitos_sexuales;2023;29;447802;Castilla y León;0.0648;24;4354;0.6660542030316949;;31.818181818181813
leon;delitos_sexuales;2024;22;448030;Castilla y León;0.0491;24;4525;0.48618784530386744;;-24.13793103448276
leon;falsificacion_informatica;2022;78;448573;Castilla y León;0.1739;24;3757;2.0761245674740483;;
leon;falsificacion_informatica;2023;173;447802;Castilla y León;0.3863;24;4354;3.973357831878732;;121.79487179487181
leon;falsificacion_informatica;2024;218;448030;Castilla y León;0.4866;24;4525;4.81767955801105;;26.011560693641613
leon;fraude_informatico;2022;3373;448573;Castilla y León;7.5194;24;3757;89.77907905243545;89.77907905243545;
leon;fraude_informatico;2023;3858;447802;Castilla y León;8.6154;24;4354;88.60817638952688;88.60817638952688;14.378891194782085
leon;fraude_informatico;2024;3966;448030;Castilla y León;8.8521;24;4525;87.64640883977901;87.64640883977901;2.7993779160186527
leon;interferencia_en_los_datos_y_en_el_sistema;2022;23;448573;Castilla y León;0.0513;24;3757;0.6121905775885015;;
leon;interferencia_en_los_datos_y_en_el_sistema;2023;27;447802;Castilla y León;0.0603;24;4354;0.6201194304088194;;17.391304347826097
leon;interferencia_en_los_datos_y_en_el_sistema;2024;38;448030;Castilla y León;0.0848;24;4525;0.8397790055248618;;40.74074074074075
lleida;acceso__e_interceptacion_ilicita;2022;98;447343;Cataluña;0.2191;25;4071;2.407270940800786;;
lleida;acceso__e_interceptacion_ilicita;2023;88;451707;Cataluña;0.1948;25;4745;1.8545837723919916;;-10.204081632653061
lleida;acceso__e_interceptacion_ilicita;2024;68;458226;Cataluña;0.1484;25;4267;1.593625498007968;;-22.72727272727273
lleida;amenazas_y_coacciones;2022;88;447343;Cataluña;0.1967;25;4071;2.1616310488823385;;
lleida;amenazas_y_coacciones;2023;96;451707;Cataluña;0.2125;25;4745;2.0231822971548996;;9.090909090909083
lleida;amenazas_y_coacciones;2024;106;458226;Cataluña;0.2313;25;4267;2.4841809233653622;;10.416666666666675
lleida;contra_el_honor;2022;3;447343;Cataluña;0.0067;25;4071;0.07369196757553427;;
lleida;contra_el_honor;2023;3;451707;Cataluña;0.0066;25;4745;0.06322444678609061;;0.0
lleida;contra_el_honor;2024;4;458226;Cataluña;0.0087;25;4267;0.0937426763534099;;33.33333333333333
lleida;contra_la_propiedad_industrial/intelectual;2022;1;447343;Cataluña;0.0022;25;4071;0.024563989191844753;;
lleida;contra_la_propiedad_industrial/intelectual;2023;1;451707;Cataluña;0.0022;25;4745;0.021074815595363543;;0.0
lleida;contra_la_propiedad_industrial/intelectual;2024;0;458226;Cataluña;0.0;25;4267;0.0;;-100.0
lleida;delitos_sexuales;2022;5;447343;Cataluña;0.0112;25;4071;0.12281994595922378;;
lleida;delitos_sexuales;2023;8;451707;Cataluña;0.0177;25;4745;0.16859852476290835;;60.00000000000001
lleida;delitos_sexuales;2024;11;458226;Cataluña;0.024;25;4267;0.25779235997187716;;37.5
lleida;falsificacion_informatica;2022;24;447343;Cataluña;0.0537;25;4071;0.5895357406042742;;
lleida;falsificacion_informatica;2023;21;451707;Cataluña;0.0465;25;4745;0.44257112750263433;;-12.5
lleida;falsificacion_informatica;2024;69;458226;Cataluña;0.1506;25;4267;1.6170611670963206;;228.57142857142856
lleida;fraude_informatico;2022;3847;447343;Cataluña;8.5997;25;4071;94.49766642102676;94.49766642102676;
lleida;fraude_informatico;2023;4517;451707;Cataluña;9.9998;25;4745;95.19494204425712;95.19494204425712;17.41616844294256
lleida;fraude_informatico;2024;4003;458226;Cataluña;8.7359;25;4267;93.81298336067495;93.81298336067495;-11.379234004870487
lleida;interferencia_en_los_datos_y_en_el_sistema;2022;5;447343;Cataluña;0.0112;25;4071;0.12281994595922378;;
lleida;interferencia_en_los_datos_y_en_el_sistema;2023;11;451707;Cataluña;0.0244;25;4745;0.23182297154899895;;120.00000000000001
lleida;interferencia_en_los_datos_y_en_el_sistema;2024;6;458226;Cataluña;0.0131;25;4267;0.14061401453011485;;-45.45454545454546
lugo;acceso__e_interceptacion_ilicita;2022;23;324267;Galicia;0.0709;27;1931;1.1910926980838943;;
lugo;acceso__e_interceptacion_ilicita;2023;41;325048;Galicia;0.1261;27;2050;2.0;;78.26086956521738
lugo;acceso__e_interceptacion_ilicita;2024;57;326022;Galicia;0.1748;27;2335;2.441113490364026;;39.02439024390243
lugo;amenazas_y_coacciones;2022;87;324267;Galicia;0.2683;27;1931;4.505437597099949;;
lugo;amenazas_y_coacciones;2023;121;325048;Galicia;0.3723;27;2050;5.902439024390244;;39.08045977011494
lugo;amenazas_y_coacciones;2024;130;326022;Galicia;0.3987;27;2335;5.567451820128479;;7.438016528925617
lugo;contra_el_honor;2022;8;324267;Galicia;0.0247;27;1931;0.4142931123770067;;
lugo;contra_el_honor;2023;17;325048;Galicia;0.0523;27;2050;0.8292682926829269;;112.5
lugo;contra_el_honor;2024;9;326022;Galicia;0.0276;27;2335;0.3854389721627409;;-47.05882352941176
lugo;contra_la_propiedad_industrial/intelectual;2022;0;324267;Galicia;0.0;27;1931;0.0;;
lugo;contra_la_propiedad_industrial/intelectual;2023;0;325048;Galicia;0.0;27;2050;0.0;;
lugo;contra_la_propiedad_industrial/intelectual;2024;3;326022;Galicia;0.0092;27;2335;0.1284796573875803;;inf
lugo;delitos_sexuales;2022;3;324267;Galicia;0.0093;27;1931;0.15535991714137753;;
lugo;delitos_sexuales;2023;10;325048;Galicia;0.0308;27;2050;0.4878048780487805;;233.33333333333334
lugo;delitos_sexuales;2024;8;326022;Galicia;0.0245;27;2335;0.3426124197002141;;-19.999999999999996
lugo;falsificacion_informatica;2022;30;324267;Galicia;0.0925;27;1931;1.5535991714137753;;
lugo;falsificacion_informatica;2023;58;325048;Galicia;0.1784;27;2050;2.829268292682927;;93.33333333333333
lugo;falsificacion_informatica;2024;78;326022;Galicia;0.2392;27;2335;3.340471092077088;;34.48275862068966
lugo;fraude_informatico;2022;1771;324267;Galicia;5.4615;27;1931;91.71413775245986;91.71413775245986;
lugo;fraude_informatico;2023;1798;325048;Galicia;5.5315;27;2050;87.70731707317073;87.70731707317073;1.5245623941276154
lugo;fraude_informatico;2024;2037;326022;Galicia;6.248;27;2335;87.23768736616702;87.23768736616702;13.292547274749712
lugo;interferencia_en_los_datos_y_en_el_sistema;2022;9;324267;Galicia;0.0278;27;1931;0.4660797514241326;;
lugo;interferencia_en_los_datos_y_en_el_sistema;2023;5;325048;Galicia;0.0154;27;2050;0.24390243902439024;;-44.44444444444444
lugo;interferencia_en_los_datos_y_en_el_sistema;2024;13;326022;Galicia;0.0399;27;2335;0.556745182012848;;160.0
madrid;acceso__e_interceptacion_ilicita;2022;867;6871903;Madrid;0.1262;28;63758;1.3598293547476394;;
madrid;acceso__e_interceptacion_ilicita;2023;1139;7009268;Madrid;0.1625;28;78881;1.4439472116225707;;31.372549019607842
madrid;acceso__e_interceptacion_ilicita;2024;1621;7113886;Madrid;0.2279;28;73477;2.206132531268288;;42.31782265144864
madrid;amenazas_y_coacciones;2022;2143;6871903;Madrid;0.3118;28;63758;3.3611468364754225;;
madrid;amenazas_y_coacciones;2023;2719;7009268;Madrid;0.3879;28;78881;3.446964414751334;;26.878208119458712
madrid;amenazas_y_coacciones;2024;2480;7113886;Madrid;0.3486;28;73477;3.375205846727548;;-8.789996322177274
madrid;contra_el_honor;2022;115;6871903;Madrid;0.0167;28;63758;0.18036952225603062;;
madrid;contra_el_honor;2023;87;7009268;Madrid;0.0124;28;78881;0.11029271941278636;;-24.347826086956527
madrid;contra_el_honor;2024;96;7113886;Madrid;0.0135;28;73477;0.13065312955074376;;10.344827586206895
madrid;contra_la_propiedad_industrial/intelectual;2022;26;6871903;Madrid;0.0038;28;63758;0.04077919633614605;;
madrid;contra_la_propiedad_industrial/intelectual;2023;13;7009268;Madrid;0.0019;28;78881;0.016480521291565776;;-50.0
madrid;contra_la_propiedad_industrial/intelectual;2024;23;7113886;Madrid;0.0032;28;73477;0.031302312288199026;;76.92307692307692
madrid;delitos_sexuales;2022;204;6871903;Madrid;0.0297;28;63758;0.31995984817591516;;
madrid;delitos_sexuales;2023;239;7009268;Madrid;0.0341;28;78881;0.3029880452834016;;17.156862745098046
madrid;delitos_sexuales;2024;230;7113886;Madrid;0.0323;28;73477;0.3130231228819903;;-3.765690376569042
madrid;falsificacion_informatica;2022;2291;6871903;Madrid;0.3334;28;63758;3.5932745694657924;;
madrid;falsificacion_informatica;2023;2882;7009268;Madrid;0.4112;28;78881;3.653604797099428;;25.796595373199473
madrid;falsificacion_informatica;2024;3289;7113886;Madrid;0.4623;28;73477;4.4762306572124615;;14.122137404580148
madrid;fraude_informatico;2022;57794;6871903;Madrid;8.4102;28;63758;90.64587973273942;90.64587973273942;
madrid;fraude_informatico;2023;71534;7009268;Madrid;10.2056;28;78881;90.68597000545124;90.68597000545124;23.774094196629413
madrid;fraude_informatico;2024;65361;7113886;Madrid;9.1878;28;73477;88.9543666725642;88.9543666725642;-8.629462912740793
madrid;interferencia_en_los_datos_y_en_el_sistema;2022;318;6871903;Madrid;0.0463;28;63758;0.4987609398036325;;
madrid;interferencia_en_los_datos_y_en_el_sistema;2023;268;7009268;Madrid;0.0382;28;78881;0.3397522850876637;;-15.723270440251568
madrid;interferencia_en_los_datos_y_en_el_sistema;2024;377;7113886;Madrid;0.053;28;73477;0.5130857275065667;;40.67164179104476
malaga;acceso__e_interceptacion_ilicita;2022;304;1752728;Andalucía;0.1734;29;11863;2.5625895641911827;;
malaga;acceso__e_interceptacion_ilicita;2023;413;1774701;Andalucía;0.2327;29;17993;2.2953370755293725;;35.85526315789473
malaga;acceso__e_interceptacion_ilicita;2024;592;1791183;Andalucía;0.3305;29;18137;3.264045873077135;;43.34140435835352
malaga;amenazas_y_coacciones;2022;642;1752728;Andalucía;0.3663;29;11863;5.411784540166906;;
malaga;amenazas_y_coacciones;2023;649;1774701;Andalucía;0.3657;29;17993;3.606958261546157;;1.0903426791277315
malaga;amenazas_y_coacciones;2024;651;1791183;Andalucía;0.3634;29;18137;3.589347742184485;;0.30816640986133237
malaga;contra_el_honor;2022;68;1752728;Andalucía;0.0388;29;11863;0.5732108235690804;;
malaga;contra_el_honor;2023;51;1774701;Andalucía;0.0287;29;17993;0.28344356138498306;;-25.0
malaga;contra_el_honor;2024;50;1791183;Andalucía;0.0279;29;18137;0.2756795500909742;;-1.9607843137254943
malaga;contra_la_propiedad_industrial/intelectual;2022;4;1752728;Andalucía;0.0023;29;11863;0.03371828373935767;;
malaga;contra_la_propiedad_industrial/intelectual;2023;8;1774701;Andalucía;0.0045;29;17993;0.04446173511921303;;100.0
malaga;contra_la_propiedad_industrial/intelectual;2024;24;1791183;Andalucía;0.0134;29;18137;0.13232618404366764;;200.0
malaga;delitos_sexuales;2022;70;1752728;Andalucía;0.0399;29;11863;0.5900699654387591;;
malaga;delitos_sexuales;2023;64;1774701;Andalucía;0.0361;29;17993;0.35569388095370424;;-8.571428571428575
malaga;delitos_sexuales;2024;70;1791183;Andalucía;0.0391;29;18137;0.38595137012736397;;9.375
malaga;falsificacion_informatica;2022;438;1752728;Andalucía;0.2499;29;11863;3.6921520694596643;;
malaga;falsificacion_informatica;2023;459;1774701;Andalucía;0.2586;29;17993;2.5509920524648475;;4.794520547945202
malaga;falsificacion_informatica;2024;674;1791183;Andalucía;0.3763;29;18137;3.7161603352263333;;46.84095860566448
malaga;fraude_informatico;2022;10230;1752728;Andalucía;5.8366;29;11863;86.23451066340724;86.23451066340724;
malaga;fraude_informatico;2023;16241;1774701;Andalucía;9.1514;29;17993;90.26288000889234;90.26288000889234;58.75855327468231
malaga;fraude_informatico;2024;15955;1791183;Andalucía;8.9075;29;18137;87.96934443402988;87.96934443402988;-1.7609753094021352
malaga;interferencia_en_los_datos_y_en_el_sistema;2022;107;1752728;Andalucía;0.061;29;11863;0.9019640900278175;;
malaga;interferencia_en_los_datos_y_en_el_sistema;2023;108;1774701;Andalucía;0.0609;29;17993;0.6002334241093759;;0.9345794392523255
malaga;interferencia_en_los_datos_y_en_el_sistema;2024;121;1791183;Andalucía;0.0676;29;18137;0.6671445112201577;;12.037037037037045
melilla;acceso__e_interceptacion_ilicita;2022;14;85493;Melilla;0.1638;52;405;3.45679012345679;;
melilla;acceso__e_interceptacion_ilicita;2023;12;85985;Melilla;0.1396;52;481;2.494802494802495;;-14.28571428571429
melilla;acceso__e_interceptacion_ilicita;2024;35;87067;Melilla;0.402;52;551;6.352087114337568;;191.66666666666666
melilla;amenazas_y_coacciones;2022;41;85493;Melilla;0.4796;52;405;10.123456790123457;;
melilla;amenazas_y_coacciones;2023;34;85985;Melilla;0.3954;52;481;7.0686070686070686;;-17.07317073170732
melilla;amenazas_y_coacciones;2024;38;87067;Melilla;0.4364;52;551;6.896551724137931;;11.764705882352944
melilla;contra_el_honor;2022;12;85493;Melilla;0.1404;52;405;2.9629629629629632;;
melilla;contra_el_honor;2023;16;85985;Melilla;0.1861;52;481;3.3264033264033266;;33.33333333333333
melilla;contra_el_honor;2024;10;87067;Melilla;0.1149;52;551;1.8148820326678767;;-37.5
melilla;contra_la_propiedad_industrial/intelectual;2022;0;85493;Melilla;0.0;52;405;0.0;;
melilla;contra_la_propiedad_industrial/intelectual;2023;0;85985;Melilla;0.0;52;481;0.0;;
melilla;contra_la_propiedad_industrial/intelectual;2024;0;87067;Melilla;0.0;52;551;0.0;;
melilla;delitos_sexuales;2022;0;85493;Melilla;0.0;52;405;0.0;;
melilla;delitos_sexuales;2023;2;85985;Melilla;0.0233;52;481;0.4158004158004158;;inf
melilla;delitos_sexuales;2024;4;87067;Melilla;0.0459;52;551;0.7259528130671506;;100.0
melilla;falsificacion_informatica;2022;5;85493;Melilla;0.0585;52;405;1.2345679012345678;;
melilla;falsificacion_informatica;2023;7;85985;Melilla;0.0814;52;481;1.4553014553014554;;39.99999999999999
melilla;falsificacion_informatica;2024;5;87067;Melilla;0.0574;52;551;0.9074410163339384;;-28.57142857142857
melilla;fraude_informatico;2022;329;85493;Melilla;3.8483;52;405;81.23456790123457;81.23456790123457;
melilla;fraude_informatico;2023;409;85985;Melilla;4.7566;52;481;85.03118503118503;85.03118503118503;24.316109422492403
melilla;fraude_informatico;2024;458;87067;Melilla;5.2603;52;551;83.12159709618875;83.12159709618875;11.980440097799505
melilla;interferencia_en_los_datos_y_en_el_sistema;2022;4;85493;Melilla;0.0468;52;405;0.9876543209876543;;
melilla;interferencia_en_los_datos_y_en_el_sistema;2023;1;85985;Melilla;0.0116;52;481;0.2079002079002079;;-75.0
melilla;interferencia_en_los_datos_y_en_el_sistema;2024;1;87067;Melilla;0.0115;52;551;0.18148820326678766;;0.0
murcia;acceso__e_interceptacion_ilicita;2022;95;1551692;Murcia;0.0612;30;9971;0.9527630127369371;;
murcia;acceso__e_interceptacion_ilicita;2023;151;1568492;Murcia;0.0963;30;13748;1.0983415769566482;;58.94736842105264
murcia;acceso__e_interceptacion_ilicita;2024;274;1586989;Murcia;0.1727;30;13255;2.067144473783478;;81.4569536423841
murcia;amenazas_y_coacciones;2022;566;1551692;Murcia;0.3648;30;9971;5.6764617390432255;;
murcia;amenazas_y_coacciones;2023;474;1568492;Murcia;0.3022;30;13748;3.447774221704975;;-16.254416961130747
murcia;amenazas_y_coacciones;2024;405;1586989;Murcia;0.2552;30;13255;3.055450773293097;;-14.556962025316455
murcia;contra_el_honor;2022;27;1551692;Murcia;0.0174;30;9971;0.2707852773041821;;
murcia;contra_el_honor;2023;33;1568492;Murcia;0.021;30;13748;0.2400349141693337;;22.222222222222232
murcia;contra_el_honor;2024;33;1586989;Murcia;0.0208;30;13255;0.24896265560165973;;0.0
murcia;contra_la_propiedad_industrial/intelectual;2022;5;1551692;Murcia;0.0032;30;9971;0.05014542172299669;;
murcia;contra_la_propiedad_industrial/intelectual;2023;1;1568492;Murcia;0.0006;30;13748;0.007273785277858598;;-80.0
murcia;contra_la_propiedad_industrial/intelectual;2024;6;1586989;Murcia;0.0038;30;13255;0.04526593738211995;;500.0
murcia;delitos_sexuales;2022;43;1551692;Murcia;0.0277;30;9971;0.4312506268177715;;
murcia;delitos_sexuales;2023;59;1568492;Murcia;0.0376;30;13748;0.42915333139365724;;37.2093023255814
murcia;delitos_sexuales;2024;110;1586989;Murcia;0.0693;30;13255;0.8298755186721992;;86.44067796610169
murcia;falsificacion_informatica;2022;558;1551692;Murcia;0.3596;30;9971;5.5962290642864305;;
murcia;falsificacion_informatica;2023;659;1568492;Murcia;0.4201;30;13748;4.793424498108815;;18.100358422939067
murcia;falsificacion_informatica;2024;828;1586989;Murcia;0.5217;30;13255;6.246699358732554;;25.644916540212435
murcia;fraude_informatico;2022;8651;1551692;Murcia;5.5752;30;9971;86.76160866512888;86.76160866512888;
murcia;fraude_informatico;2023;12310;1568492;Murcia;7.8483;30;13748;89.54029677043933;89.54029677043933;42.295688359727194
murcia;fraude_informatico;2024;11558;1586989;Murcia;7.283;30;13255;87.19728404375708;87.19728404375708;-6.108854589764423
murcia;interferencia_en_los_datos_y_en_el_sistema;2022;26;1551692;Murcia;0.0168;30;9971;0.2607561929595828;;
murcia;interferencia_en_los_datos_y_en_el_sistema;2023;61;1568492;Murcia;0.0389;30;13748;0.44370090194937445;;134.6153846153846
murcia;interferencia_en_los_datos_y_en_el_sistema;2024;41;1586989;Murcia;0.0258;30;13255;0.3093172387778197;;-32.786885245901644
navarra;acceso__e_interceptacion_ilicita;2022;92;672155;Navarra;0.1369;31;5499;1.673031460265503;;
navarra;acceso__e_interceptacion_ilicita;2023;187;678333;Navarra;0.2757;31;7475;2.5016722408026757;;103.26086956521738
navarra;acceso__e_interceptacion_ilicita;2024;183;683854;Navarra;0.2676;31;6992;2.6172768878718533;;-2.1390374331550777
navarra;amenazas_y_coacciones;2022;303;672155;Navarra;0.4508;31;5499;5.510092744135298;;
navarra;amenazas_y_coacciones;2023;343;678333;Navarra;0.5057;31;7475;4.5886287625418065;;13.201320132013205
navarra;amenazas_y_coacciones;2024;335;683854;Navarra;0.4899;31;6992;4.7911899313501145;;-2.3323615160349864
navarra;contra_el_honor;2022;18;672155;Navarra;0.0268;31;5499;0.32733224222585927;;
navarra;contra_el_honor;2023;18;678333;Navarra;0.0265;31;7475;0.2408026755852843;;0.0
navarra;contra_el_honor;2024;28;683854;Navarra;0.0409;31;6992;0.40045766590389015;;55.55555555555556
navarra;contra_la_propiedad_industrial/intelectual;2022;2;672155;Navarra;0.003;31;5499;0.03637024913620658;;
navarra;contra_la_propiedad_industrial/intelectual;2023;5;678333;Navarra;0.0074;31;7475;0.06688963210702341;;150.0
navarra;contra_la_propiedad_industrial/intelectual;2024;2;683854;Navarra;0.0029;31;6992;0.028604118993135013;;-60.0
navarra;delitos_sexuales;2022;26;672155;Navarra;0.0387;31;5499;0.4728132387706856;;
navarra;delitos_sexuales;2023;50;678333;Navarra;0.0737;31;7475;0.6688963210702341;;92.3076923076923
navarra;delitos_sexuales;2024;50;683854;Navarra;0.0731;31;6992;0.7151029748283754;;0.0
navarra;falsificacion_informatica;2022;214;672155;Navarra;0.3184;31;5499;3.891616657574105;;
navarra;falsificacion_informatica;2023;267;678333;Navarra;0.3936;31;7475;3.5719063545150505;;24.766355140186924
navarra;falsificacion_informatica;2024;283;683854;Navarra;0.4138;31;6992;4.047482837528604;;5.992509363295873
navarra;fraude_informatico;2022;4816;672155;Navarra;7.165;31;5499;87.57955991998546;87.57955991998546;
navarra;fraude_informatico;2023;6576;678333;Navarra;9.6944;31;7475;87.97324414715719;87.97324414715719;36.54485049833887
navarra;fraude_informatico;2024;6090;683854;Navarra;8.9054;31;6992;87.09954233409611;87.09954233409611;-7.390510948905105
navarra;interferencia_en_los_datos_y_en_el_sistema;2022;28;672155;Navarra;0.0417;31;5499;0.5091834879068922;;
navarra;interferencia_en_los_datos_y_en_el_sistema;2023;29;678333;Navarra;0.0428;31;7475;0.38795986622073575;;3.571428571428581
navarra;interferencia_en_los_datos_y_en_el_sistema;2024;21;683854;Navarra;0.0307;31;6992;0.3003432494279176;;-27.586206896551722
ourense;acceso__e_interceptacion_ilicita;2022;14;304563;Galicia;0.046;32;2511;0.5575467941059339;;
ourense;acceso__e_interceptacion_ilicita;2023;22;304467;Galicia;0.0723;32;2252;0.9769094138543518;;57.14285714285714
ourense;acceso__e_interceptacion_ilicita;2024;78;305278;Galicia;0.2555;32;2219;3.515096890491212;;254.54545454545453
ourense;amenazas_y_coacciones;2022;117;304563;Galicia;0.3842;32;2511;4.659498207885305;;
ourense;amenazas_y_coacciones;2023;179;304467;Galicia;0.5879;32;2252;7.948490230905861;;52.99145299145298
ourense;amenazas_y_coacciones;2024;163;305278;Galicia;0.5339;32;2219;7.345651194231635;;-8.93854748603352
ourense;contra_el_honor;2022;18;304563;Galicia;0.0591;32;2511;0.7168458781362007;;
ourense;contra_el_honor;2023;24;304467;Galicia;0.0788;32;2252;1.0657193605683837;;33.33333333333333
ourense;contra_el_honor;2024;15;305278;Galicia;0.0491;32;2219;0.67598017124831;;-37.5
ourense;contra_la_propiedad_industrial/intelectual;2022;1;304563;Galicia;0.0033;32;2511;0.039824771007566706;;
ourense;contra_la_propiedad_industrial/intelectual;2023;2;304467;Galicia;0.0066;32;2252;0.08880994671403197;;100.0
ourense;contra_la_propiedad_industrial/intelectual;2024;4;305278;Galicia;0.0131;32;2219;0.18026137899954936;;100.0
ourense;delitos_sexuales;2022;13;304563;Galicia;0.0427;32;2511;0.5177220230983672;;
ourense;delitos_sexuales;2023;9;304467;Galicia;0.0296;32;2252;0.3996447602131439;;-30.76923076923077
ourense;delitos_sexuales;2024;8;305278;Galicia;0.0262;32;2219;0.3605227579990987;;-11.111111111111116
ourense;falsificacion_informatica;2022;125;304563;Galicia;0.4104;32;2511;4.978096375945838;;
ourense;falsificacion_informatica;2023;110;304467;Galicia;0.3613;32;2252;4.8845470692717585;;-12.0
ourense;falsificacion_informatica;2024;99;305278;Galicia;0.3243;32;2219;4.4614691302388465;;-9.999999999999998
ourense;fraude_informatico;2022;2217;304563;Galicia;7.2793;32;2511;88.2915173237754;88.2915173237754;
ourense;fraude_informatico;2023;1905;304467;Galicia;6.2568;32;2252;84.59147424511545;84.59147424511545;-14.073071718538566
ourense;fraude_informatico;2024;1842;305278;Galicia;6.0338;32;2219;83.01036502929247;83.01036502929247;-3.307086614173227
ourense;interferencia_en_los_datos_y_en_el_sistema;2022;6;304563;Galicia;0.0197;32;2511;0.23894862604540024;;
ourense;interferencia_en_los_datos_y_en_el_sistema;2023;1;304467;Galicia;0.0033;32;2252;0.04440497335701599;;-83.33333333333334
ourense;interferencia_en_los_datos_y_en_el_sistema;2024;10;305278;Galicia;0.0328;32;2219;0.45065344749887337;;900.0
palencia;acceso__e_interceptacion_ilicita;2022;12;157787;Castilla y León;0.0761;34;1392;0.8620689655172413;;
palencia;acceso__e_interceptacion_ilicita;2023;15;158063;Castilla y León;0.0949;34;1438;1.043115438108484;;25.0
palencia;acceso__e_interceptacion_ilicita;2024;54;158702;Castilla y León;0.3403;34;1640;3.2926829268292686;;260.0
palencia;amenazas_y_coacciones;2022;69;157787;Castilla y León;0.4373;34;1392;4.956896551724138;;
palencia;amenazas_y_coacciones;2023;54;158063;Castilla y León;0.3416;34;1438;3.7552155771905427;;-21.739130434782606
palencia;amenazas_y_coacciones;2024;57;158702;Castilla y León;0.3592;34;1640;3.4756097560975614;;5.555555555555558
palencia;contra_el_honor;2022;2;157787;Castilla y León;0.0127;34;1392;0.14367816091954022;;
palencia;contra_el_honor;2023;4;158063;Castilla y León;0.0253;34;1438;0.27816411682892905;;100.0
palencia;contra_el_honor;2024;2;158702;Castilla y León;0.0126;34;1640;0.12195121951219512;;-50.0
palencia;contra_la_propiedad_industrial/intelectual;2022;0;157787;Castilla y León;0.0;34;1392;0.0;;
palencia;contra_la_propiedad_industrial/intelectual;2023;1;158063;Castilla y León;0.0063;34;1438;0.06954102920723226;;inf
palencia;contra_la_propiedad_industrial/intelectual;2024;0;158702;Castilla y León;0.0;34;1640;0.0;;-100.0
palencia;delitos_sexuales;2022;3;157787;Castilla y León;0.019;34;1392;0.21551724137931033;;
palencia;delitos_sexuales;2023;4;158063;Castilla y León;0.0253;34;1438;0.27816411682892905;;33.33333333333333
palencia;delitos_sexuales;2024;5;158702;Castilla y León;0.0315;34;1640;0.3048780487804878;;25.0
palencia;falsificacion_informatica;2022;30;157787;Castilla y León;0.1901;34;1392;2.1551724137931036;;
palencia;falsificacion_informatica;2023;36;158063;Castilla y León;0.2278;34;1438;2.5034770514603615;;19.999999999999996
palencia;falsificacion_informatica;2024;84;158702;Castilla y León;0.5293;34;1640;5.121951219512195;;133.33333333333334
palencia;fraude_informatico;2022;1274;157787;Castilla y León;8.0742;34;1392;91.52298850574712;91.52298850574712;
palencia;fraude_informatico;2023;1324;158063;Castilla y León;8.3764;34;1438;92.07232267037551;92.07232267037551;3.9246467817896313
palencia;fraude_informatico;2024;1432;158702;Castilla y León;9.0232;34;1640;87.3170731707317;87.3170731707317;8.157099697885206
palencia;interferencia_en_los_datos_y_en_el_sistema;2022;2;157787;Castilla y León;0.0127;34;1392;0.14367816091954022;;
palencia;interferencia_en_los_datos_y_en_el_sistema;2023;0;158063;Castilla y León;0.0;34;1438;0.0;;-100.0
palencia;interferencia_en_los_datos_y_en_el_sistema;2024;6;158702;Castilla y León;0.0378;34;1640;0.3658536585365854;;inf
palmas;acceso__e_interceptacion_ilicita;2022;151;1145843;Canarias;0.1318;35;8054;1.8748447976160914;;
palmas;acceso__e_interceptacion_ilicita;2023;266;1159890;Canarias;0.2293;35;10343;2.5717876824905734;;76.15894039735099
palmas;acceso__e_interceptacion_ilicita;2024;268;1171547;Canarias;0.2288;35;9514;2.8169014084507045;;0.7518796992481258
palmas;amenazas_y_coacciones;2022;616;1145843;Canarias;0.5376;35;8054;7.648373479016637;;
palmas;amenazas_y_coacciones;2023;513;1159890;Canarias;0.4423;35;10343;4.959876244803248;;-16.720779220779225
palmas;amenazas_y_coacciones;2024;396;1171547;Canarias;0.338;35;9514;4.162287155770444;;-22.807017543859654
palmas;contra_el_honor;2022;51;1145843;Canarias;0.0445;35;8054;0.6332257263471567;;
palmas;contra_el_honor;2023;45;1159890;Canarias;0.0388;35;10343;0.4350768635792323;;-11.764705882352944
palmas;contra_el_honor;2024;47;1171547;Canarias;0.0401;35;9514;0.49400882909396676;;4.444444444444451
palmas;contra_la_propiedad_industrial/intelectual;2022;1;1145843;Canarias;0.0009;35;8054;0.012416190712689347;;
palmas;contra_la_propiedad_industrial/intelectual;2023;1;1159890;Canarias;0.0009;35;10343;0.009668374746205162;;0.0
palmas;contra_la_propiedad_industrial/intelectual;2024;3;1171547;Canarias;0.0026;35;9514;0.03153247845280639;;200.0
palmas;delitos_sexuales;2022;56;1145843;Canarias;0.0489;35;8054;0.6953066799106034;;
palmas;delitos_sexuales;2023;60;1159890;Canarias;0.0517;35;10343;0.5801024847723097;;7.14285714285714
palmas;delitos_sexuales;2024;37;1171547;Canarias;0.0316;35;9514;0.3889005675846121;;-38.33333333333333
palmas;falsificacion_informatica;2022;288;1145843;Canarias;0.2513;35;8054;3.575862925254532;;
palmas;falsificacion_informatica;2023;277;1159890;Canarias;0.2388;35;10343;2.67813980469883;;-3.819444444444442
palmas;falsificacion_informatica;2024;335;1171547;Canarias;0.2859;35;9514;3.5211267605633805;;20.938628158844775
palmas;fraude_informatico;2022;6853;1145843;Canarias;5.9807;35;8054;85.08815495406009;85.08815495406009;
palmas;fraude_informatico;2023;9152;1159890;Canarias;7.8904;35;10343;88.48496567726966;88.48496567726966;33.54735152487962
palmas;fraude_informatico;2024;8401;1171547;Canarias;7.1709;35;9514;88.30145049400883;88.30145049400883;-8.205856643356647
palmas;interferencia_en_los_datos_y_en_el_sistema;2022;38;1145843;Canarias;0.0332;35;8054;0.47181524708219513;;
palmas;interferencia_en_los_datos_y_en_el_sistema;2023;29;1159890;Canarias;0.025;35;10343;0.28038286763994974;;-23.684210526315784
palmas;interferencia_en_los_datos_y_en_el_sistema;2024;27;1171547;Canarias;0.023;35;9514;0.2837923060752575;;-6.896551724137934
pontevedra;acceso__e_interceptacion_ilicita;2022;114;946710;Galicia;0.1204;36;8035;1.418792781580585;;
pontevedra;acceso__e_interceptacion_ilicita;2023;189;947869;Galicia;0.1994;36;8527;2.216488800281459;;65.78947368421053
pontevedra;acceso__e_interceptacion_ilicita;2024;222;947818;Galicia;0.2342;36;9154;2.425169324885296;;17.460317460317466
pontevedra;amenazas_y_coacciones;2022;475;946710;Galicia;0.5017;36;8035;5.9116365899191035;;
pontevedra;amenazas_y_coacciones;2023;418;947869;Galicia;0.441;36;8527;4.902075759352645;;-12.0
pontevedra;amenazas_y_coacciones;2024;553;947818;Galicia;0.5834;36;9154;6.041074939916976;;32.29665071770336
pontevedra;contra_el_honor;2022;72;946710;Galicia;0.0761;36;8035;0.8960796515245799;;
pontevedra;contra_el_honor;2023;41;947869;Galicia;0.0433;36;8527;0.4808256127594699;;-43.05555555555556
pontevedra;contra_el_honor;2024;68;947818;Galicia;0.0717;36;9154;0.7428446580729736;;65.85365853658536
pontevedra;contra_la_propiedad_industrial/intelectual;2022;0;946710;Galicia;0.0;36;8035;0.0;;
pontevedra;contra_la_propiedad_industrial/intelectual;2023;3;947869;Galicia;0.0032;36;8527;0.035182361909229506;;inf
pontevedra;contra_la_propiedad_industrial/intelectual;2024;2;947818;Galicia;0.0021;36;9154;0.021848372296263928;;-33.333333333333336
pontevedra;delitos_sexuales;2022;25;946710;Galicia;0.0264;36;8035;0.3111387678904792;;
pontevedra;delitos_sexuales;2023;36;947869;Galicia;0.038;36;8527;0.422188342910754;;43.99999999999999
pontevedra;delitos_sexuales;2024;35;947818;Galicia;0.0369;36;9154;0.38234651518461876;;-2.777777777777779
pontevedra;falsificacion_informatica;2022;261;946710;Galicia;0.2757;36;8035;3.248288736776602;;
pontevedra;falsificacion_informatica;2023;397;947869;Galicia;0.4188;36;8527;4.655799225988038;;52.10727969348659
pontevedra;falsificacion_informatica;2024;485;947818;Galicia;0.5117;36;9154;5.298230281844003;;22.166246851385395
pontevedra;fraude_informatico;2022;7034;946710;Galicia;7.4299;36;8035;87.54200373366523;87.54200373366523;
pontevedra;fraude_informatico;2023;7379;947869;Galicia;7.7848;36;8527;86.53688284273484;86.53688284273484;4.9047483650838775
pontevedra;fraude_informatico;2024;7701;947818;Galicia;8.125;36;9154;84.12715752676425;84.12715752676425;4.363734923431362
pontevedra;interferencia_en_los_datos_y_en_el_sistema;2022;54;946710;Galicia;0.057;36;8035;0.6720597386434349;;
pontevedra;interferencia_en_los_datos_y_en_el_sistema;2023;64;947869;Galicia;0.0675;36;8527;0.7505570540635628;;18.518518518518512
pontevedra;interferencia_en_los_datos_y_en_el_sistema;2024;88;947818;Galicia;0.0928;36;9154;0.9613283810356128;;37.5
rioja;acceso__e_interceptacion_ilicita;2022;81;322282;La Rioja;0.2513;26;2433;3.3292231812577064;;
rioja;acceso__e_interceptacion_ilicita;2023;111;324184;La Rioja;0.3424;26;2364;4.695431472081219;;37.037037037037045
rioja;acceso__e_interceptacion_ilicita;2024;140;326803;La Rioja;0.4284;26;2312;6.055363321799308;;26.126126126126124
rioja;amenazas_y_coacciones;2022;124;322282;La Rioja;0.3848;26;2433;5.09658857377723;;
rioja;amenazas_y_coacciones;2023;132;324184;La Rioja;0.4072;26;2364;5.583756345177665;;6.451612903225801
rioja;amenazas_y_coacciones;2024;161;326803;La Rioja;0.4927;26;2312;6.963667820069204;;21.969696969696972
rioja;contra_el_honor;2022;1;322282;La Rioja;0.0031;26;2433;0.04110152075626798;;
rioja;contra_el_honor;2023;9;324184;La Rioja;0.0278;26;2364;0.3807106598984772;;800.0
rioja;contra_el_honor;2024;10;326803;La Rioja;0.0306;26;2312;0.43252595155709345;;11.111111111111116
rioja;contra_la_propiedad_industrial/intelectual;2022;1;322282;La Rioja;0.0031;26;2433;0.04110152075626798;;
rioja;contra_la_propiedad_industrial/intelectual;2023;1;324184;La Rioja;0.0031;26;2364;0.04230118443316413;;0.0
rioja;contra_la_propiedad_industrial/intelectual;2024;2;326803;La Rioja;0.0061;26;2312;0.08650519031141869;;100.0
rioja;delitos_sexuales;2022;8;322282;La Rioja;0.0248;26;2433;0.32881216605014385;;
rioja;delitos_sexuales;2023;11;324184;La Rioja;0.0339;26;2364;0.4653130287648054;;37.5
rioja;delitos_sexuales;2024;6;326803;La Rioja;0.0184;26;2312;0.25951557093425603;;-45.45454545454546
rioja;falsificacion_informatica;2022;60;322282;La Rioja;0.1862;26;2433;2.466091245376079;;
rioja;falsificacion_informatica;2023;68;324184;La Rioja;0.2098;26;2364;2.8764805414551606;;13.33333333333333
rioja;falsificacion_informatica;2024;120;326803;La Rioja;0.3672;26;2312;5.190311418685121;;76.47058823529412
rioja;fraude_informatico;2022;2152;322282;La Rioja;6.6774;26;2433;88.4504726674887;88.4504726674887;
rioja;fraude_informatico;2023;2021;324184;La Rioja;6.2341;26;2364;85.4906937394247;85.4906937394247;-6.087360594795543
rioja;fraude_informatico;2024;1868;326803;La Rioja;5.716;26;2312;80.79584775086505;80.79584775086505;-7.570509648688772
rioja;interferencia_en_los_datos_y_en_el_sistema;2022;6;322282;La Rioja;0.0186;26;2433;0.2466091245376079;;
rioja;interferencia_en_los_datos_y_en_el_sistema;2023;11;324184;La Rioja;0.0339;26;2364;0.4653130287648054;;83.33333333333333
rioja;interferencia_en_los_datos_y_en_el_sistema;2024;5;326803;La Rioja;0.0153;26;2312;0.21626297577854672;;-54.54545454545454
salamanca;acceso__e_interceptacion_ilicita;2022;57;327089;Castilla y León;0.1743;37;3508;1.6248574686431014;;
salamanca;acceso__e_interceptacion_ilicita;2023;99;327552;Castilla y León;0.3022;37;3801;2.6045777426992895;;73.6842105263158
salamanca;acceso__e_interceptacion_ilicita;2024;151;328446;Castilla y León;0.4597;37;3808;3.965336134453781;;52.52525252525253
salamanca;amenazas_y_coacciones;2022;157;327089;Castilla y León;0.48;37;3508;4.475484606613455;;
salamanca;amenazas_y_coacciones;2023;173;327552;Castilla y León;0.5282;37;3801;4.551433833201789;;10.191082802547768
salamanca;amenazas_y_coacciones;2024;151;328446;Castilla y León;0.4597;37;3808;3.965336134453781;;-12.71676300578035
salamanca;contra_el_honor;2022;4;327089;Castilla y León;0.0122;37;3508;0.11402508551881414;;
salamanca;contra_el_honor;2023;9;327552;Castilla y León;0.0275;37;3801;0.23677979479084454;;125.0
salamanca;contra_el_honor;2024;10;328446;Castilla y León;0.0304;37;3808;0.26260504201680673;;11.111111111111116
salamanca;contra_la_propiedad_industrial/intelectual;2022;1;327089;Castilla y León;0.0031;37;3508;0.028506271379703536;;
salamanca;contra_la_propiedad_industrial/intelectual;2023;0;327552;Castilla y León;0.0;37;3801;0.0;;-100.0
salamanca;contra_la_propiedad_industrial/intelectual;2024;2;328446;Castilla y León;0.0061;37;3808;0.052521008403361345;;inf
salamanca;delitos_sexuales;2022;7;327089;Castilla y León;0.0214;37;3508;0.19954389965792474;;
salamanca;delitos_sexuales;2023;13;327552;Castilla y León;0.0397;37;3801;0.342015259142331;;85.71428571428572
salamanca;delitos_sexuales;2024;9;328446;Castilla y León;0.0274;37;3808;0.23634453781512604;;-30.76923076923077
salamanca;falsificacion_informatica;2022;242;327089;Castilla y León;0.7399;37;3508;6.8985176738882545;;
salamanca;falsificacion_informatica;2023;267;327552;Castilla y León;0.8151;37;3801;7.02446724546172;;10.330578512396693
salamanca;falsificacion_informatica;2024;286;328446;Castilla y León;0.8708;37;3808;7.510504201680672;;7.116104868913853
salamanca;fraude_informatico;2022;3002;327089;Castilla y León;9.1779;37;3508;85.57582668187001;85.57582668187001;
salamanca;fraude_informatico;2023;3221;327552;Castilla y León;9.8336;37;3801;84.74085766903447;84.74085766903447;7.295136575616246
salamanca;fraude_informatico;2024;3167;328446;Castilla y León;9.6424;37;3808;83.1670168067227;83.1670168067227;-1.6764979819931747
salamanca;interferencia_en_los_datos_y_en_el_sistema;2022;38;327089;Castilla y León;0.1162;37;3508;1.0832383124287344;;
salamanca;interferencia_en_los_datos_y_en_el_sistema;2023;19;327552;Castilla y León;0.058;37;3801;0.4998684556695606;;-50.0
salamanca;interferencia_en_los_datos_y_en_el_sistema;2024;32;328446;Castilla y León;0.0974;37;3808;0.8403361344537815;;68.42105263157893
santa_cruz_de_tenerife;acceso__e_interceptacion_ilicita;2022;101;1067173;Canarias;0.0946;38;5630;1.7939609236234457;;
santa_cruz_de_tenerife;acceso__e_interceptacion_ilicita;2023;97;1078864;Canarias;0.0899;38;7328;1.3236899563318776;;-3.960396039603964
santa_cruz_de_tenerife;acceso__e_interceptacion_ilicita;2024;150;1087319;Canarias;0.138;38;7243;2.0709650697224906;;54.639175257731964
santa_cruz_de_tenerife;amenazas_y_coacciones;2022;412;1067173;Canarias;0.3861;38;5630;7.317939609236235;;
santa_cruz_de_tenerife;amenazas_y_coacciones;2023;358;1078864;Canarias;0.3318;38;7328;4.885371179039302;;-13.10679611650486
santa_cruz_de_tenerife;amenazas_y_coacciones;2024;370;1087319;Canarias;0.3403;38;7243;5.108380505315477;;3.3519553072625774
santa_cruz_de_tenerife;contra_el_honor;2022;21;1067173;Canarias;0.0197;38;5630;0.37300177619893427;;
santa_cruz_de_tenerife;contra_el_honor;2023;18;1078864;Canarias;0.0167;38;7328;0.24563318777292578;;-14.28571428571429
santa_cruz_de_tenerife;contra_el_honor;2024;13;1087319;Canarias;0.012;38;7243;0.1794836393759492;;-27.77777777777778
santa_cruz_de_tenerife;contra_la_propiedad_industrial/intelectual;2022;1;1067173;Canarias;0.0009;38;5630;0.017761989342806393;;
santa_cruz_de_tenerife;contra_la_propiedad_industrial/intelectual;2023;3;1078864;Canarias;0.0028;38;7328;0.04093886462882096;;200.0
santa_cruz_de_tenerife;contra_la_propiedad_industrial/intelectual;2024;2;1087319;Canarias;0.0018;38;7243;0.027612867596299873;;-33.333333333333336
santa_cruz_de_tenerife;delitos_sexuales;2022;41;1067173;Canarias;0.0384;38;5630;0.7282415630550622;;
santa_cruz_de_tenerife;delitos_sexuales;2023;32;1078864;Canarias;0.0297;38;7328;0.43668122270742354;;-21.95121951219512
santa_cruz_de_tenerife;delitos_sexuales;2024;33;1087319;Canarias;0.0303;38;7243;0.45561231533894797;;3.125
santa_cruz_de_tenerife;falsificacion_informatica;2022;185;1067173;Canarias;0.1734;38;5630;3.285968028419183;;
santa_cruz_de_tenerife;falsificacion_informatica;2023;194;1078864;Canarias;0.1798;38;7328;2.647379912663755;;4.86486486486486
santa_cruz_de_tenerife;falsificacion_informatica;2024;285;1087319;Canarias;0.2621;38;7243;3.9348336324727327;;46.90721649484537
santa_cruz_de_tenerife;fraude_informatico;2022;4846;1067173;Canarias;4.541;38;5630;86.07460035523978;86.07460035523978;
santa_cruz_de_tenerife;fraude_informatico;2023;6600;1078864;Canarias;6.1175;38;7328;90.06550218340611;90.06550218340611;36.1947998349154
santa_cruz_de_tenerife;fraude_informatico;2024;6363;1087319;Canarias;5.852;38;7243;87.85033825762805;87.85033825762805;-3.590909090909089
santa_cruz_de_tenerife;interferencia_en_los_datos_y_en_el_sistema;2022;23;1067173;Canarias;0.0216;38;5630;0.4085257548845471;;
santa_cruz_de_tenerife;interferencia_en_los_datos_y_en_el_sistema;2023;26;1078864;Canarias;0.0241;38;7328;0.3548034934497817;;13.043478260869556
santa_cruz_de_tenerife;interferencia_en_los_datos_y_en_el_sistema;2024;27;1087319;Canarias;0.0248;38;7243;0.3727737125500483;;3.8461538461538547
segovia;acceso__e_interceptacion_ilicita;2022;14;155332;Castilla y León;0.0901;40;1300;1.0769230769230769;;
segovia;acceso__e_interceptacion_ilicita;2023;17;156620;Castilla y León;0.1085;40;1855;0.9164420485175202;;21.42857142857142
segovia;acceso__e_interceptacion_ilicita;2024;19;158251;Castilla y León;0.1201;40;1905;0.9973753280839894;;11.764705882352944
segovia;amenazas_y_coacciones;2022;69;155332;Castilla y León;0.4442;40;1300;5.3076923076923075;;
segovia;amenazas_y_coacciones;2023;81;156620;Castilla y León;0.5172;40;1855;4.366576819407008;;17.391304347826097
segovia;amenazas_y_coacciones;2024;71;158251;Castilla y León;0.4487;40;1905;3.727034120734908;;-12.345679012345679
segovia;contra_el_honor;2022;8;155332;Castilla y León;0.0515;40;1300;0.6153846153846154;;
segovia;contra_el_honor;2023;18;156620;Castilla y León;0.1149;40;1855;0.9703504043126685;;125.0
segovia;contra_el_honor;2024;5;158251;Castilla y León;0.0316;40;1905;0.26246719160104987;;-72.22222222222221
segovia;contra_la_propiedad_industrial/intelectual;2022;0;155332;Castilla y León;0.0;40;1300;0.0;;
segovia;contra_la_propiedad_industrial/intelectual;2023;0;156620;Castilla y León;0.0;40;1855;0.0;;
segovia;contra_la_propiedad_industrial/intelectual;2024;0;158251;Castilla y León;0.0;40;1905;0.0;;
segovia;delitos_sexuales;2022;3;155332;Castilla y León;0.0193;40;1300;0.23076923076923078;;
segovia;delitos_sexuales;2023;7;156620;Castilla y León;0.0447;40;1855;0.37735849056603776;;133.33333333333334
segovia;delitos_sexuales;2024;4;158251;Castilla y León;0.0253;40;1905;0.2099737532808399;;-42.85714285714286
segovia;falsificacion_informatica;2022;95;155332;Castilla y León;0.6116;40;1300;7.307692307692308;;
segovia;falsificacion_informatica;2023;76;156620;Castilla y León;0.4853;40;1855;4.097035040431267;;-19.999999999999996
segovia;falsificacion_informatica;2024;73;158251;Castilla y León;0.4613;40;1905;3.832020997375328;;-3.9473684210526327
segovia;fraude_informatico;2022;1110;155332;Castilla y León;7.146;40;1300;85.38461538461539;85.38461538461539;
segovia;fraude_informatico;2023;1655;156620;Castilla y León;10.567;40;1855;89.21832884097036;89.21832884097036;49.09909909909911
segovia;fraude_informatico;2024;1731;158251;Castilla y León;10.9383;40;1905;90.86614173228347;90.86614173228347;4.592145015105742
segovia;interferencia_en_los_datos_y_en_el_sistema;2022;1;155332;Castilla y León;0.0064;40;1300;0.07692307692307693;;
segovia;interferencia_en_los_datos_y_en_el_sistema;2023;1;156620;Castilla y León;0.0064;40;1855;0.05390835579514825;;0.0
segovia;interferencia_en_los_datos_y_en_el_sistema;2024;2;158251;Castilla y León;0.0126;40;1905;0.10498687664041995;;100.0
sevilla;acceso__e_interceptacion_ilicita;2022;314;1959394;Andalucía;0.1603;41;14590;2.1521590130226183;;
sevilla;acceso__e_interceptacion_ilicita;2023;453;1968624;Andalucía;0.2301;41;18961;2.3891144981804757;;44.26751592356688
sevilla;acceso__e_interceptacion_ilicita;2024;602;1977664;Andalucía;0.3044;41;19368;3.108219743907476;;32.891832229580565
sevilla;amenazas_y_coacciones;2022;879;1959394;Andalucía;0.4486;41;14590;6.024674434544208;;
sevilla;amenazas_y_coacciones;2023;909;1968624;Andalucía;0.4617;41;18961;4.794050946680027;;3.412969283276457
sevilla;amenazas_y_coacciones;2024;1071;1977664;Andalucía;0.5415;41;19368;5.529739776951673;;17.821782178217816
sevilla;contra_el_honor;2022;95;1959394;Andalucía;0.0485;41;14590;0.6511309115832763;;
sevilla;contra_el_honor;2023;86;1968624;Andalucía;0.0437;41;18961;0.45356257581351195;;-9.473684210526311
sevilla;contra_el_honor;2024;89;1977664;Andalucía;0.045;41;19368;0.4595208591491119;;3.488372093023262
sevilla;contra_la_propiedad_industrial/intelectual;2022;8;1959394;Andalucía;0.0041;41;14590;0.054832076764907464;;
sevilla;contra_la_propiedad_industrial/intelectual;2023;4;1968624;Andalucía;0.002;41;18961;0.021095933758767997;;-50.0
sevilla;contra_la_propiedad_industrial/intelectual;2024;4;1977664;Andalucía;0.002;41;19368;0.020652622883106157;;0.0
sevilla;delitos_sexuales;2022;136;1959394;Andalucía;0.0694;41;14590;0.9321453050034271;;
sevilla;delitos_sexuales;2023;131;1968624;Andalucía;0.0665;41;18961;0.6908918305996519;;-3.676470588235292
sevilla;delitos_sexuales;2024;81;1977664;Andalucía;0.041;41;19368;0.4182156133828996;;-38.167938931297705
sevilla;falsificacion_informatica;2022;241;1959394;Andalucía;0.123;41;14590;1.6518163125428376;;
sevilla;falsificacion_informatica;2023;249;1968624;Andalucía;0.1265;41;18961;1.313221876483308;;3.319502074688807
sevilla;falsificacion_informatica;2024;412;1977664;Andalucía;0.2083;41;19368;2.127220156959934;;65.46184738955823
sevilla;fraude_informatico;2022;12850;1959394;Andalucía;6.5582;41;14590;88.07402330363261;88.07402330363261;
sevilla;fraude_informatico;2023;17022;1968624;Andalucía;8.6466;41;18961;89.77374611043722;89.77374611043722;32.466926070038916
sevilla;fraude_informatico;2024;16998;1977664;Andalucía;8.595;41;19368;87.7633209417596;87.7633209417596;-0.14099400775466897
sevilla;interferencia_en_los_datos_y_en_el_sistema;2022;67;1959394;Andalucía;0.0342;41;14590;0.4592186429061001;;
sevilla;interferencia_en_los_datos_y_en_el_sistema;2023;107;1968624;Andalucía;0.0544;41;18961;0.564316228047044;;59.70149253731343
sevilla;interferencia_en_los_datos_y_en_el_sistema;2024;111;1977664;Andalucía;0.0561;41;19368;0.5731102850061958;;3.738317757009346
soria;acceso__e_interceptacion_ilicita;2022;10;89528;Castilla y León;0.1117;42;1043;0.9587727708533078;;
soria;acceso__e_interceptacion_ilicita;2023;12;90073;Castilla y León;0.1332;42;1227;0.9779951100244498;;19.999999999999996
soria;acceso__e_interceptacion_ilicita;2024;9;90183;Castilla y León;0.0998;42;1008;0.8928571428571428;;-25.0
soria;amenazas_y_coacciones;2022;44;89528;Castilla y León;0.4915;42;1043;4.218600191754554;;
soria;amenazas_y_coacciones;2023;41;90073;Castilla y León;0.4552;42;1227;3.341483292583537;;-6.818181818181824
soria;amenazas_y_coacciones;2024;39;90183;Castilla y León;0.4325;42;1008;3.869047619047619;;-4.878048780487809
soria;contra_el_honor;2022;1;89528;Castilla y León;0.0112;42;1043;0.09587727708533077;;
soria;contra_el_honor;2023;2;90073;Castilla y León;0.0222;42;1227;0.16299918500407498;;100.0
soria;contra_el_honor;2024;6;90183;Castilla y León;0.0665;42;1008;0.5952380952380952;;200.0
soria;contra_la_propiedad_industrial/intelectual;2022;0;89528;Castilla y León;0.0;42;1043;0.0;;
soria;contra_la_propiedad_industrial/intelectual;2023;1;90073;Castilla y León;0.0111;42;1227;0.08149959250203749;;inf
soria;contra_la_propiedad_industrial/intelectual;2024;0;90183;Castilla y León;0.0;42;1008;0.0;;-100.0
soria;delitos_sexuales;2022;3;89528;Castilla y León;0.0335;42;1043;0.28763183125599234;;
soria;delitos_sexuales;2023;2;90073;Castilla y León;0.0222;42;1227;0.16299918500407498;;-33.333333333333336
soria;delitos_sexuales;2024;1;90183;Castilla y León;0.0111;42;1008;0.0992063492063492;;-50.0
soria;falsificacion_informatica;2022;19;89528;Castilla y León;0.2122;42;1043;1.821668264621285;;
soria;falsificacion_informatica;2023;43;90073;Castilla y León;0.4774;42;1227;3.5044824775876124;;126.3157894736842
soria;falsificacion_informatica;2024;54;90183;Castilla y León;0.5988;42;1008;5.357142857142857;;25.581395348837212
soria;fraude_informatico;2022;961;89528;Castilla y León;10.7341;42;1043;92.13806327900288;92.13806327900288;
soria;fraude_informatico;2023;1120;90073;Castilla y León;12.4344;42;1227;91.27954360228199;91.27954360228199;16.545265348595215
soria;fraude_informatico;2024;893;90183;Castilla y León;9.9021;42;1008;88.59126984126983;88.59126984126983;-20.26785714285714
soria;interferencia_en_los_datos_y_en_el_sistema;2022;5;89528;Castilla y León;0.0558;42;1043;0.4793863854266539;;
soria;interferencia_en_los_datos_y_en_el_sistema;2023;6;90073;Castilla y León;0.0666;42;1227;0.4889975550122249;;19.999999999999996
soria;interferencia_en_los_datos_y_en_el_sistema;2024;6;90183;Castilla y León;0.0665;42;1008;0.5952380952380952;;0.0
tarragona;acceso__e_interceptacion_ilicita;2022;87;848592;Cataluña;0.1025;43;6175;1.408906882591093;;
tarragona;acceso__e_interceptacion_ilicita;2023;75;861744;Cataluña;0.087;43;7829;0.9579767530974581;;-13.793103448275868
tarragona;acceso__e_interceptacion_ilicita;2024;64;875530;Cataluña;0.0731;43;7849;0.8153904956045356;;-14.66666666666666
tarragona;amenazas_y_coacciones;2022;76;848592;Cataluña;0.0896;43;6175;1.2307692307692308;;
tarragona;amenazas_y_coacciones;2023;67;861744;Cataluña;0.0777;43;7829;0.8557925661003959;;-11.842105263157897
tarragona;amenazas_y_coacciones;2024;88;875530;Cataluña;0.1005;43;7849;1.1211619314562364;;31.343283582089555
tarragona;contra_el_honor;2022;0;848592;Cataluña;0.0;43;6175;0.0;;
tarragona;contra_el_honor;2023;1;861744;Cataluña;0.0012;43;7829;0.012773023374632776;;inf
tarragona;contra_el_honor;2024;1;875530;Cataluña;0.0011;43;7849;0.012740476493820868;;0.0
tarragona;contra_la_propiedad_industrial/intelectual;2022;4;848592;Cataluña;0.0047;43;6175;0.06477732793522267;;
tarragona;contra_la_propiedad_industrial/intelectual;2023;0;861744;Cataluña;0.0;43;7829;0.0;;-100.0
tarragona;contra_la_propiedad_industrial/intelectual;2024;1;875530;Cataluña;0.0011;43;7849;0.012740476493820868;;inf
tarragona;delitos_sexuales;2022;16;848592;Cataluña;0.0189;43;6175;0.2591093117408907;;
tarragona;delitos_sexuales;2023;16;861744;Cataluña;0.0186;43;7829;0.2043683739941244;;0.0
tarragona;delitos_sexuales;2024;17;875530;Cataluña;0.0194;43;7849;0.2165881003949548;;6.25
tarragona;falsificacion_informatica;2022;81;848592;Cataluña;0.0955;43;6175;1.311740890688259;;
tarragona;falsificacion_informatica;2023;77;861744;Cataluña;0.0894;43;7829;0.9835227998467237;;-4.938271604938271
tarragona;falsificacion_informatica;2024;520;875530;Cataluña;0.5939;43;7849;6.625047776786852;;575.3246753246752
tarragona;fraude_informatico;2022;5906;848592;Cataluña;6.9598;43;6175;95.64372469635629;95.64372469635629;
tarragona;fraude_informatico;2023;7586;861744;Cataluña;8.8031;43;7829;96.89615531996424;96.89615531996424;28.445648493057906
tarragona;fraude_informatico;2024;7152;875530;Cataluña;8.1688;43;7849;91.11988788380685;91.11988788380685;-5.721065119957814
tarragona;interferencia_en_los_datos_y_en_el_sistema;2022;5;848592;Cataluña;0.0059;43;6175;0.08097165991902834;;
tarragona;interferencia_en_los_datos_y_en_el_sistema;2023;7;861744;Cataluña;0.0081;43;7829;0.08941116362242943;;39.99999999999999
tarragona;interferencia_en_los_datos_y_en_el_sistema;2024;6;875530;Cataluña;0.0069;43;7849;0.07644285896292521;;-14.28571428571429
teruel;acceso__e_interceptacion_ilicita;2022;4;135046;Aragón;0.0296;44;854;0.468384074941452;;
teruel;acceso__e_interceptacion_ilicita;2023;10;135309;Aragón;0.0739;44;1289;0.7757951900698216;;150.0
teruel;acceso__e_interceptacion_ilicita;2024;10;136091;Aragón;0.0735;44;1295;0.7722007722007722;;0.0
teruel;amenazas_y_coacciones;2022;43;135046;Aragón;0.3184;44;854;5.035128805620609;;
teruel;amenazas_y_coacciones;2023;74;135309;Aragón;0.5469;44;1289;5.740884406516679;;72.09302325581395
teruel;amenazas_y_coacciones;2024;75;136091;Aragón;0.5511;44;1295;5.7915057915057915;;1.3513513513513598
teruel;contra_el_honor;2022;2;135046;Aragón;0.0148;44;854;0.234192037470726;;
teruel;contra_el_honor;2023;3;135309;Aragón;0.0222;44;1289;0.23273855702094648;;50.0
teruel;contra_el_honor;2024;4;136091;Aragón;0.0294;44;1295;0.3088803088803089;;33.33333333333333
teruel;contra_la_propiedad_industrial/intelectual;2022;1;135046;Aragón;0.0074;44;854;0.117096018735363;;
teruel;contra_la_propiedad_industrial/intelectual;2023;0;135309;Aragón;0.0;44;1289;0.0;;-100.0
teruel;contra_la_propiedad_industrial/intelectual;2024;1;136091;Aragón;0.0073;44;1295;0.07722007722007722;;inf
teruel;delitos_sexuales;2022;5;135046;Aragón;0.037;44;854;0.5854800936768151;;
teruel;delitos_sexuales;2023;1;135309;Aragón;0.0074;44;1289;0.07757951900698215;;-80.0
teruel;delitos_sexuales;2024;4;136091;Aragón;0.0294;44;1295;0.3088803088803089;;300.0
teruel;falsificacion_informatica;2022;22;135046;Aragón;0.1629;44;854;2.576112412177986;;
teruel;falsificacion_informatica;2023;41;135309;Aragón;0.303;44;1289;3.180760279286268;;86.36363636363636
teruel;falsificacion_informatica;2024;66;136091;Aragón;0.485;44;1295;5.096525096525097;;60.97560975609757
teruel;fraude_informatico;2022;775;135046;Aragón;5.7388;44;854;90.74941451990632;90.74941451990632;
teruel;fraude_informatico;2023;1154;135309;Aragón;8.5286;44;1289;89.52676493405741;89.52676493405741;48.90322580645161
teruel;fraude_informatico;2024;1129;136091;Aragón;8.2959;44;1295;87.18146718146717;87.18146718146717;-2.166377816291165
teruel;interferencia_en_los_datos_y_en_el_sistema;2022;2;135046;Aragón;0.0148;44;854;0.234192037470726;;
teruel;interferencia_en_los_datos_y_en_el_sistema;2023;6;135309;Aragón;0.0443;44;1289;0.46547711404189296;;200.0
teruel;interferencia_en_los_datos_y_en_el_sistema;2024;6;136091;Aragón;0.0441;44;1295;0.4633204633204633;;0.0
toledo;acceso__e_interceptacion_ilicita;2022;36;731112;Castilla-La Mancha;0.0492;45;5717;0.6297008920762638;;
toledo;acceso__e_interceptacion_ilicita;2023;48;743165;Castilla-La Mancha;0.0646;45;7192;0.6674082313681869;;33.33333333333333
toledo;acceso__e_interceptacion_ilicita;2024;123;755081;Castilla-La Mancha;0.1629;45;6763;1.8187195031790626;;156.25
toledo;amenazas_y_coacciones;2022;430;731112;Castilla-La Mancha;0.5881;45;5717;7.521427322022039;;
toledo;amenazas_y_coacciones;2023;406;743165;Castilla-La Mancha;0.5463;45;7192;5.64516129032258;;-5.581395348837215
toledo;amenazas_y_coacciones;2024;333;755081;Castilla-La Mancha;0.441;45;6763;4.9238503622652665;;-17.98029556650246
toledo;contra_el_honor;2022;20;731112;Castilla-La Mancha;0.0274;45;5717;0.34983382893125764;;
toledo;contra_el_honor;2023;39;743165;Castilla-La Mancha;0.0525;45;7192;0.5422691879866518;;95.0
toledo;contra_el_honor;2024;27;755081;Castilla-La Mancha;0.0358;45;6763;0.3992311104539406;;-30.76923076923077
toledo;contra_la_propiedad_industrial/intelectual;2022;0;731112;Castilla-La Mancha;0.0;45;5717;0.0;;
toledo;contra_la_propiedad_industrial/intelectual;2023;0;743165;Castilla-La Mancha;0.0;45;7192;0.0;;
toledo;contra_la_propiedad_industrial/intelectual;2024;2;755081;Castilla-La Mancha;0.0026;45;6763;0.02957267484844004;;inf
toledo;delitos_sexuales;2022;31;731112;Castilla-La Mancha;0.0424;45;5717;0.5422424348434494;;
toledo;delitos_sexuales;2023;20;743165;Castilla-La Mancha;0.0269;45;7192;0.27808676307007785;;-35.483870967741936
toledo;delitos_sexuales;2024;25;755081;Castilla-La Mancha;0.0331;45;6763;0.3696584356055005;;25.0
toledo;falsificacion_informatica;2022;390;731112;Castilla-La Mancha;0.5334;45;5717;6.821759664159524;;
toledo;falsificacion_informatica;2023;378;743165;Castilla-La Mancha;0.5086;45;7192;5.2558398220244715;;-3.076923076923077
toledo;falsificacion_informatica;2024;387;755081;Castilla-La Mancha;0.5125;45;6763;5.7223125831731485;;2.3809523809523725
toledo;fraude_informatico;2022;4800;731112;Castilla-La Mancha;6.5653;45;5717;83.96011894350184;83.96011894350184;
toledo;fraude_informatico;2023;6284;743165;Castilla-La Mancha;8.4557;45;7192;87.37486095661846;87.37486095661846;30.916666666666657
toledo;fraude_informatico;2024;5848;755081;Castilla-La Mancha;7.7449;45;6763;86.47050125683869;86.47050125683869;-6.938255887969447
toledo;interferencia_en_los_datos_y_en_el_sistema;2022;10;731112;Castilla-La Mancha;0.0137;45;5717;0.17491691446562882;;
toledo;interferencia_en_los_datos_y_en_el_sistema;2023;17;743165;Castilla-La Mancha;0.0229;45;7192;0.2363737486095662;;70.0
toledo;interferencia_en_los_datos_y_en_el_sistema;2024;18;755081;Castilla-La Mancha;0.0238;45;6763;0.2661540736359604;;5.882352941176472
valencia;acceso__e_interceptacion_ilicita;2022;277;2656841;C. Valenciana;0.1043;46;18354;1.5092078021139805;;
valencia;acceso__e_interceptacion_ilicita;2023;401;2710808;C. Valenciana;0.1479;46;25192;1.5917751667195934;;44.7653429602888
valencia;acceso__e_interceptacion_ilicita;2024;485;2763996;C. Valenciana;0.1755;46;24461;1.9827480479130042;;20.94763092269327
valencia;amenazas_y_coacciones;2022;1053;2656841;C. Valenciana;0.3963;46;18354;5.737169009480223;;
valencia;amenazas_y_coacciones;2023;1030;2710808;C. Valenciana;0.38;46;25192;4.088599555414417;;-2.1842355175688555
valencia;amenazas_y_coacciones;2024;929;2763996;C. Valenciana;0.3361;46;24461;3.7978823433220223;;-9.805825242718447
valencia;contra_el_honor;2022;84;2656841;C. Valenciana;0.0316;46;18354;0.4576659038901602;;
valencia;contra_el_honor;2023;73;2710808;C. Valenciana;0.0269;46;25192;0.2897745315973325;;-13.095238095238093
valencia;contra_el_honor;2024;60;2763996;C. Valenciana;0.0217;46;24461;0.24528841829851603;;-17.808219178082197
valencia;contra_la_propiedad_industrial/intelectual;2022;4;2656841;C. Valenciana;0.0015;46;18354;0.021793614470960006;;
valencia;contra_la_propiedad_industrial/intelectual;2023;7;2710808;C. Valenciana;0.0026;46;25192;0.027786598920292158;;75.0
valencia;contra_la_propiedad_industrial/intelectual;2024;20;2763996;C. Valenciana;0.0072;46;24461;0.08176280609950533;;185.71428571428572
valencia;delitos_sexuales;2022;72;2656841;C. Valenciana;0.0271;46;18354;0.3922850604772802;;
valencia;delitos_sexuales;2023;81;2710808;C. Valenciana;0.0299;46;25192;0.321530644649095;;12.5
valencia;delitos_sexuales;2024;102;2763996;C. Valenciana;0.0369;46;24461;0.4169903111074772;;25.92592592592593
valencia;falsificacion_informatica;2022;1105;2656841;C. Valenciana;0.4159;46;18354;6.0204859976027025;;
valencia;falsificacion_informatica;2023;1482;2710808;C. Valenciana;0.5467;46;25192;5.882819942838997;;34.11764705882352
valencia;falsificacion_informatica;2024;1229;2763996;C. Valenciana;0.4446;46;24461;5.024324434814602;;-17.07152496626181
valencia;fraude_informatico;2022;15623;2656841;C. Valenciana;5.8803;46;18354;85.12040971995205;85.12040971995205;
valencia;fraude_informatico;2023;21967;2710808;C. Valenciana;8.1035;46;25192;87.19831692600826;87.19831692600826;40.60679767010178
valencia;fraude_informatico;2024;21457;2763996;C. Valenciana;7.763;46;24461;87.7192265238543;87.7192265238543;-2.321664314653804
valencia;interferencia_en_los_datos_y_en_el_sistema;2022;136;2656841;C. Valenciana;0.0512;46;18354;0.7409828920126403;;
valencia;interferencia_en_los_datos_y_en_el_sistema;2023;151;2710808;C. Valenciana;0.0557;46;25192;0.5993966338520165;;11.029411764705888
valencia;interferencia_en_los_datos_y_en_el_sistema;2024;179;2763996;C. Valenciana;0.0648;46;24461;0.7317771145905727;;18.5430463576159
valladolid;acceso__e_interceptacion_ilicita;2022;119;521333;Castilla y León;0.2283;47;5284;2.2520817562452686;;
valladolid;acceso__e_interceptacion_ilicita;2023;91;525116;Castilla y León;0.1733;47;6059;1.5018980029707873;;-23.529411764705888
valladolid;acceso__e_interceptacion_ilicita;2024;142;528644;Castilla y León;0.2686;47;6073;2.3382183434875676;;56.043956043956044
valladolid;amenazas_y_coacciones;2022;180;521333;Castilla y León;0.3453;47;5284;3.4065102195306585;;
valladolid;amenazas_y_coacciones;2023;224;525116;Castilla y León;0.4266;47;6059;3.696979699620399;;24.444444444444446
valladolid;amenazas_y_coacciones;2024;226;528644;Castilla y León;0.4275;47;6073;3.7213897579450026;;0.8928571428571397
valladolid;contra_el_honor;2022;12;521333;Castilla y León;0.023;47;5284;0.22710068130204392;;
valladolid;contra_el_honor;2023;16;525116;Castilla y León;0.0305;47;6059;0.26406997854431424;;33.33333333333333
valladolid;contra_el_honor;2024;14;528644;Castilla y León;0.0265;47;6073;0.23052856907623911;;-12.5
valladolid;contra_la_propiedad_industrial/intelectual;2022;1;521333;Castilla y León;0.0019;47;5284;0.018925056775170326;;
valladolid;contra_la_propiedad_industrial/intelectual;2023;3;525116;Castilla y León;0.0057;47;6059;0.04951312097705893;;200.0
valladolid;contra_la_propiedad_industrial/intelectual;2024;1;528644;Castilla y León;0.0019;47;6073;0.016466326362588508;;-66.66666666666667
valladolid;delitos_sexuales;2022;23;521333;Castilla y León;0.0441;47;5284;0.43527630582891746;;
valladolid;delitos_sexuales;2023;17;525116;Castilla y León;0.0324;47;6059;0.2805743522033339;;-26.086956521739136
valladolid;delitos_sexuales;2024;13;528644;Castilla y León;0.0246;47;6073;0.2140622427136506;;-23.529411764705888
valladolid;falsificacion_informatica;2022;126;521333;Castilla y León;0.2417;47;5284;2.384557153671461;;
valladolid;falsificacion_informatica;2023;239;525116;Castilla y León;0.4551;47;6059;3.944545304505694;;89.68253968253967
valladolid;falsificacion_informatica;2024;271;528644;Castilla y León;0.5126;47;6073;4.462374444261485;;13.389121338912124
valladolid;fraude_informatico;2022;4775;521333;Castilla y León;9.1592;47;5284;90.3671461014383;90.3671461014383;
valladolid;fraude_informatico;2023;5393;525116;Castilla y León;10.2701;47;6059;89.00808714309292;89.00808714309292;12.942408376963343
valladolid;fraude_informatico;2024;5339;528644;Castilla y León;10.0994;47;6073;87.91371644986003;87.91371644986003;-1.0012979788614818
valladolid;interferencia_en_los_datos_y_en_el_sistema;2022;48;521333;Castilla y León;0.0921;47;5284;0.9084027252081757;;
valladolid;interferencia_en_los_datos_y_en_el_sistema;2023;76;525116;Castilla y León;0.1447;47;6059;1.2543323980854928;;58.33333333333333
valladolid;interferencia_en_los_datos_y_en_el_sistema;2024;67;528644;Castilla y León;0.1267;47;6073;1.10324386629343;;-11.842105263157897
zamora;acceso__e_interceptacion_ilicita;2022;22;166927;Castilla y León;0.1318;49;978;2.2494887525562373;;
zamora;acceso__e_interceptacion_ilicita;2023;14;166253;Castilla y León;0.0842;49;1413;0.9907997169143666;;-36.36363636363637
zamora;acceso__e_interceptacion_ilicita;2024;23;165564;Castilla y León;0.1389;49;1372;1.6763848396501457;;64.28571428571428
zamora;amenazas_y_coacciones;2022;45;166927;Castilla y León;0.2696;49;978;4.601226993865031;;
zamora;amenazas_y_coacciones;2023;67;166253;Castilla y León;0.403;49;1413;4.7416843595187546;;48.88888888888889
zamora;amenazas_y_coacciones;2024;66;165564;Castilla y León;0.3986;49;1372;4.810495626822157;;-1.4925373134328401
zamora;contra_el_honor;2022;4;166927;Castilla y León;0.024;49;978;0.408997955010225;;
zamora;contra_el_honor;2023;4;166253;Castilla y León;0.0241;49;1413;0.28308563340410475;;0.0
zamora;contra_el_honor;2024;5;165564;Castilla y León;0.0302;49;1372;0.36443148688046645;;25.0
zamora;contra_la_propiedad_industrial/intelectual;2022;0;166927;Castilla y León;0.0;49;978;0.0;;
zamora;contra_la_propiedad_industrial/intelectual;2023;0;166253;Castilla y León;0.0;49;1413;0.0;;
zamora;contra_la_propiedad_industrial/intelectual;2024;0;165564;Castilla y León;0.0;49;1372;0.0;;
zamora;delitos_sexuales;2022;9;166927;Castilla y León;0.0539;49;978;0.9202453987730062;;
zamora;delitos_sexuales;2023;3;166253;Castilla y León;0.018;49;1413;0.21231422505307856;;-66.66666666666667
zamora;delitos_sexuales;2024;4;165564;Castilla y León;0.0242;49;1372;0.2915451895043732;;33.33333333333333
zamora;falsificacion_informatica;2022;16;166927;Castilla y León;0.0959;49;978;1.6359918200409;;
zamora;falsificacion_informatica;2023;61;166253;Castilla y León;0.3669;49;1413;4.3170559094125975;;281.25
zamora;falsificacion_informatica;2024;57;165564;Castilla y León;0.3443;49;1372;4.154518950437318;;-6.5573770491803245
zamora;fraude_informatico;2022;874;166927;Castilla y León;5.2358;49;978;89.36605316973414;89.36605316973414;
zamora;fraude_informatico;2023;1262;166253;Castilla y León;7.5908;49;1413;89.31351733899504;89.31351733899504;44.39359267734553
zamora;fraude_informatico;2024;1212;165564;Castilla y León;7.3204;49;1372;88.33819241982506;88.33819241982506;-3.961965134706813
zamora;interferencia_en_los_datos_y_en_el_sistema;2022;8;166927;Castilla y León;0.0479;49;978;0.81799591002045;;
zamora;interferencia_en_los_datos_y_en_el_sistema;2023;2;166253;Castilla y León;0.012;49;1413;0.14154281670205238;;-75.0
zamora;interferencia_en_los_datos_y_en_el_sistema;2024;5;165564;Castilla y León;0.0302;49;1372;0.36443148688046645;;150.0
zaragoza;acceso__e_interceptacion_ilicita;2022;69;979365;Aragón;0.0705;50;7227;0.9547530095475302;;
zaragoza;acceso__e_interceptacion_ilicita;2023;115;987763;Aragón;0.1164;50;8783;1.3093476033246043;;66.66666666666667
zaragoza;acceso__e_interceptacion_ilicita;2024;198;998443;Aragón;0.1983;50;8907;2.2229706972044463;;72.17391304347827
zaragoza;amenazas_y_coacciones;2022;366;979365;Aragón;0.3737;50;7227;5.06434205064342;;
zaragoza;amenazas_y_coacciones;2023;435;987763;Aragón;0.4404;50;8783;4.9527496299669815;;18.852459016393453
zaragoza;amenazas_y_coacciones;2024;381;998443;Aragón;0.3816;50;8907;4.277534523408555;;-12.413793103448278
zaragoza;contra_el_honor;2022;20;979365;Aragón;0.0204;50;7227;0.2767400027674;;
zaragoza;contra_el_honor;2023;27;987763;Aragón;0.0273;50;8783;0.3074120459979506;;35.00000000000001
zaragoza;contra_el_honor;2024;17;998443;Aragón;0.017;50;8907;0.1908611204670484;;-37.03703703703704
zaragoza;contra_la_propiedad_industrial/intelectual;2022;1;979365;Aragón;0.001;50;7227;0.01383700013837;;
zaragoza;contra_la_propiedad_industrial/intelectual;2023;2;987763;Aragón;0.002;50;8783;0.022771262666514858;;100.0
zaragoza;contra_la_propiedad_industrial/intelectual;2024;8;998443;Aragón;0.008;50;8907;0.0898169978668463;;300.0
zaragoza;delitos_sexuales;2022;36;979365;Aragón;0.0368;50;7227;0.49813200498132004;;
zaragoza;delitos_sexuales;2023;39;987763;Aragón;0.0395;50;8783;0.4440396219970397;;8.333333333333325
zaragoza;delitos_sexuales;2024;24;998443;Aragón;0.024;50;8907;0.2694509936005389;;-38.46153846153846
zaragoza;falsificacion_informatica;2022;141;979365;Aragón;0.144;50;7227;1.9510170195101701;;
zaragoza;falsificacion_informatica;2023;261;987763;Aragón;0.2642;50;8783;2.971649777980189;;85.10638297872339
zaragoza;falsificacion_informatica;2024;311;998443;Aragón;0.3115;50;8907;3.49163579207365;;19.15708812260537
zaragoza;fraude_informatico;2022;6568;979365;Aragón;6.7064;50;7227;90.88141690881417;90.88141690881417;
zaragoza;fraude_informatico;2023;7861;987763;Aragón;7.9584;50;8783;89.50244791073665;89.50244791073665;19.6863580998782
zaragoza;fraude_informatico;2024;7946;998443;Aragón;7.9584;50;8907;89.21073313124509;89.21073313124509;1.0812873680193347
zaragoza;interferencia_en_los_datos_y_en_el_sistema;2022;26;979365;Aragón;0.0265;50;7227;0.35976200359762006;;
zaragoza;interferencia_en_los_datos_y_en_el_sistema;2023;43;987763;Aragón;0.0435;50;8783;0.48958214733006944;;65.38461538461537
zaragoza;interferencia_en_los_datos_y_en_el_sistema;2024;22;998443;Aragón;0.022;50;8907;0.24699674413382733;;-48.837209302325576
