Provincias;Grupo penal;periodo;Total
Total Nacional;ACCESO  E INTERCEPTACIÓN ILÍCITA;2024;9.773
Total Nacional;ACCESO  E INTERCEPTACIÓN ILÍCITA;2023;7.367
Total Nacional;ACCESO  E INTERCEPTACIÓN ILÍCITA;2022;5.578
Total Nacional;ACCESO  E INTERCEPTACIÓN ILÍCITA;2021;5.342
Total Nacional;ACCESO  E INTERCEPTACIÓN ILÍCITA;2020;4.653
Total Nacional;ACCESO  E INTERCEPTACIÓN ILÍCITA;2019;4.004
Total Nacional;ACCESO  E INTERCEPTACIÓN ILÍCITA;2018;3.384
Total Nacional;ACCESO  E INTERCEPTACIÓN ILÍCITA;2017;3.150
Total Nacional;ACCESO  E INTERCEPTACIÓN ILÍCITA;2016;3.243
Total Nacional;ACCESO  E INTERCEPTACIÓN ILÍCITA;2015;2.893
Total Nacional;ACCESO  E INTERCEPTACIÓN ILÍCITA;2014;1.851
Total Nacional;ACCESO  E INTERCEPTACIÓN ILÍCITA;2013;1.805
Total Nacional;ACCESO  E INTERCEPTACIÓN ILÍCITA;2012;1.701
Total Nacional;ACCESO  E INTERCEPTACIÓN ILÍCITA;2011;1.492
Total Nacional;AMENAZAS Y COACCIONES;2024;17.738
Total Nacional;AMENAZAS Y COACCIONES;2023;17.472
Total Nacional;AMENAZAS Y COACCIONES;2022;15.982
Total Nacional;AMENAZAS Y COACCIONES;2021;17.319
Total Nacional;AMENAZAS Y COACCIONES;2020;14.066
Total Nacional;AMENAZAS Y COACCIONES;2019;12.782
Total Nacional;AMENAZAS Y COACCIONES;2018;12.800
Total Nacional;AMENAZAS Y COACCIONES;2017;11.812
Total Nacional;AMENAZAS Y COACCIONES;2016;12.036
Total Nacional;AMENAZAS Y COACCIONES;2015;10.607
Total Nacional;AMENAZAS Y COACCIONES;2014;9.559
Total Nacional;AMENAZAS Y COACCIONES;2013;9.064
Total Nacional;AMENAZAS Y COACCIONES;2012;9.207
Total Nacional;AMENAZAS Y COACCIONES;2011;9.839
Total Nacional;CONTRA EL HONOR;2024;1.128
Total Nacional;CONTRA EL HONOR;2023;1.174
Total Nacional;CONTRA EL HONOR;2022;1.191
Total Nacional;CONTRA EL HONOR;2021;1.426
Total Nacional;CONTRA EL HONOR;2020;1.550
Total Nacional;CONTRA EL HONOR;2019;1.422
Total Nacional;CONTRA EL HONOR;2018;1.448
Total Nacional;CONTRA EL HONOR;2017;1.561
Total Nacional;CONTRA EL HONOR;2016;1.546
Total Nacional;CONTRA EL HONOR;2015;2.205
Total Nacional;CONTRA EL HONOR;2014;2.212
Total Nacional;CONTRA EL HONOR;2013;1.963
Total Nacional;CONTRA EL HONOR;2012;1.891
Total Nacional;CONTRA EL HONOR;2011;1.941
Total Nacional;CONTRA LA PROPIEDAD INDUSTRIAL/INTELECTUAL;2024;227
Total Nacional;CONTRA LA PROPIEDAD INDUSTRIAL/INTELECTUAL;2023;117
Total Nacional;CONTRA LA PROPIEDAD INDUSTRIAL/INTELECTUAL;2022;114
Total Nacional;CONTRA LA PROPIEDAD INDUSTRIAL/INTELECTUAL;2021;137
Total Nacional;CONTRA LA PROPIEDAD INDUSTRIAL/INTELECTUAL;2020;125
Total Nacional;CONTRA LA PROPIEDAD INDUSTRIAL/INTELECTUAL;2019;197
Total Nacional;CONTRA LA PROPIEDAD INDUSTRIAL/INTELECTUAL;2018;232
Total Nacional;CONTRA LA PROPIEDAD INDUSTRIAL/INTELECTUAL;2017;121
Total Nacional;CONTRA LA PROPIEDAD INDUSTRIAL/INTELECTUAL;2016;129
Total Nacional;CONTRA LA PROPIEDAD INDUSTRIAL/INTELECTUAL;2015;172
Total Nacional;CONTRA LA PROPIEDAD INDUSTRIAL/INTELECTUAL;2014;183
Total Nacional;CONTRA LA PROPIEDAD INDUSTRIAL/INTELECTUAL;2013;172
Total Nacional;CONTRA LA PROPIEDAD INDUSTRIAL/INTELECTUAL;2012;144
Total Nacional;CONTRA LA PROPIEDAD INDUSTRIAL/INTELECTUAL;2011;222
Total Nacional;DELITOS SEXUALES;2024;1.676
Total Nacional;DELITOS SEXUALES;2023;1.804
Total Nacional;DELITOS SEXUALES;2022;1.646
Total Nacional;DELITOS SEXUALES;2021;1.628
Total Nacional;DELITOS SEXUALES;2020;1.783
Total Nacional;DELITOS SEXUALES;2019;1.774
Total Nacional;DELITOS SEXUALES;2018;1.581
Total Nacional;DELITOS SEXUALES;2017;1.392
Total Nacional;DELITOS SEXUALES;2016;1.231
Total Nacional;DELITOS SEXUALES;2015;1.306
Total Nacional;DELITOS SEXUALES;2014;974
Total Nacional;DELITOS SEXUALES;2013;768
Total Nacional;DELITOS SEXUALES;2012;715
Total Nacional;DELITOS SEXUALES;2011;755
Total Nacional;FALSIFICACIÓN INFORMÁTICA;2024;19.492
Total Nacional;FALSIFICACIÓN INFORMÁTICA;2023;15.137
Total Nacional;FALSIFICACIÓN INFORMÁTICA;2022;12.569
Total Nacional;FALSIFICACIÓN INFORMÁTICA;2021;10.476
Total Nacional;FALSIFICACIÓN INFORMÁTICA;2020;6.289
Total Nacional;FALSIFICACIÓN INFORMÁTICA;2019;4.275
Total Nacional;FALSIFICACIÓN INFORMÁTICA;2018;3.436
Total Nacional;FALSIFICACIÓN INFORMÁTICA;2017;3.280
Total Nacional;FALSIFICACIÓN INFORMÁTICA;2016;3.017
Total Nacional;FALSIFICACIÓN INFORMÁTICA;2015;2.644
Total Nacional;FALSIFICACIÓN INFORMÁTICA;2014;1.874
Total Nacional;FALSIFICACIÓN INFORMÁTICA;2013;1.608
Total Nacional;FALSIFICACIÓN INFORMÁTICA;2012;1.625
Total Nacional;FALSIFICACIÓN INFORMÁTICA;2011;1.860
Total Nacional;FRAUDE INFORMÁTICO;2024;412.850
Total Nacional;FRAUDE INFORMÁTICO;2023;427.448
Total Nacional;FRAUDE INFORMÁTICO;2022;335.995
Total Nacional;FRAUDE INFORMÁTICO;2021;267.011
Total Nacional;FRAUDE INFORMÁTICO;2020;257.907
Total Nacional;FRAUDE INFORMÁTICO;2019;192.375
Total Nacional;FRAUDE INFORMÁTICO;2018;136.656
Total Nacional;FRAUDE INFORMÁTICO;2017;94.792
Total Nacional;FRAUDE INFORMÁTICO;2016;70.178
Total Nacional;FRAUDE INFORMÁTICO;2015;62.038
Total Nacional;FRAUDE INFORMÁTICO;2014;32.842
Total Nacional;FRAUDE INFORMÁTICO;2013;26.664
Total Nacional;FRAUDE INFORMÁTICO;2012;27.231
Total Nacional;FRAUDE INFORMÁTICO;2011;21.075
Total Nacional;INTERFERENCIA EN LOS DATOS Y EN EL SISTEMA;2024;1.917
Total Nacional;INTERFERENCIA EN LOS DATOS Y EN EL SISTEMA;2023;1.741
Total Nacional;INTERFERENCIA EN LOS DATOS Y EN EL SISTEMA;2022;1.662
Total Nacional;INTERFERENCIA EN LOS DATOS Y EN EL SISTEMA;2021;2.138
Total Nacional;INTERFERENCIA EN LOS DATOS Y EN EL SISTEMA;2020;1.590
Total Nacional;INTERFERENCIA EN LOS DATOS Y EN EL SISTEMA;2019;1.473
Total Nacional;INTERFERENCIA EN LOS DATOS Y EN EL SISTEMA;2018;1.192
Total Nacional;INTERFERENCIA EN LOS DATOS Y EN EL SISTEMA;2017;1.291
Total Nacional;INTERFERENCIA EN LOS DATOS Y EN EL SISTEMA;2016;1.336
Total Nacional;INTERFERENCIA EN LOS DATOS Y EN EL SISTEMA;2015;1.193
Total Nacional;INTERFERENCIA EN LOS DATOS Y EN EL SISTEMA;2014;440
Total Nacional;INTERFERENCIA EN LOS DATOS Y EN EL SISTEMA;2013;359
Total Nacional;INTERFERENCIA EN LOS DATOS Y EN EL SISTEMA;2012;298
Total Nacional;INTERFERENCIA EN LOS DATOS Y EN EL SISTEMA;2011;228
Total Nacional;TOTAL grupo penal;2024;464.801
Total Nacional;TOTAL grupo penal;2023;472.260
Total Nacional;TOTAL grupo penal;2022;374.737
Total Nacional;TOTAL grupo penal;2021;305.477
Total Nacional;TOTAL grupo penal;2020;287.963
Total Nacional;TOTAL grupo penal;2019;218.302
Total Nacional;TOTAL grupo penal;2018;160.729
Total Nacional;TOTAL grupo penal;2017;117.399
Total Nacional;TOTAL grupo penal;2016;92.716
Total Nacional;TOTAL grupo penal;2015;83.058
Total Nacional;TOTAL grupo penal;2014;49.935
Total Nacional;TOTAL grupo penal;2013;42.403
Total Nacional;TOTAL grupo penal;2012;42.812
Total Nacional;TOTAL grupo penal;2011;37.412
Araba/Álava;ACCESO  E INTERCEPTACIÓN ILÍCITA;2024;32
Araba/Álava;ACCESO  E INTERCEPTACIÓN ILÍCITA;2023;49
Araba/Álava;ACCESO  E INTERCEPTACIÓN ILÍCITA;2022;38
Araba/Álava;ACCESO  E INTERCEPTACIÓN ILÍCITA;2021;44
Araba/Álava;ACCESO  E INTERCEPTACIÓN ILÍCITA;2020;24
Araba/Álava;ACCESO  E INTERCEPTACIÓN ILÍCITA;2019;28
Araba/Álava;ACCESO  E INTERCEPTACIÓN ILÍCITA;2018;27
Araba/Álava;ACCESO  E INTERCEPTACIÓN ILÍCITA;2017;36
Araba/Álava;ACCESO  E INTERCEPTACIÓN ILÍCITA;2016;7
Araba/Álava;ACCESO  E INTERCEPTACIÓN ILÍCITA;2015;20
Araba/Álava;ACCESO  E INTERCEPTACIÓN ILÍCITA;2014;1
Araba/Álava;ACCESO  E INTERCEPTACIÓN ILÍCITA;2013;2
Araba/Álava;ACCESO  E INTERCEPTACIÓN ILÍCITA;2012;0
Araba/Álava;ACCESO  E INTERCEPTACIÓN ILÍCITA;2011;2
Araba/Álava;AMENAZAS Y COACCIONES;2024;236
Araba/Álava;AMENAZAS Y COACCIONES;2023;232
Araba/Álava;AMENAZAS Y COACCIONES;2022;116
Araba/Álava;AMENAZAS Y COACCIONES;2021;86
Araba/Álava;AMENAZAS Y COACCIONES;2020;62
Araba/Álava;AMENAZAS Y COACCIONES;2019;49
Araba/Álava;AMENAZAS Y COACCIONES;2018;60
Araba/Álava;AMENAZAS Y COACCIONES;2017;33
Araba/Álava;AMENAZAS Y COACCIONES;2016;29
Araba/Álava;AMENAZAS Y COACCIONES;2015;28
Araba/Álava;AMENAZAS Y COACCIONES;2014;2
Araba/Álava;AMENAZAS Y COACCIONES;2013;4
Araba/Álava;AMENAZAS Y COACCIONES;2012;6
Araba/Álava;AMENAZAS Y COACCIONES;2011;1
Araba/Álava;CONTRA EL HONOR;2024;0
Araba/Álava;CONTRA EL HONOR;2023;0
Araba/Álava;CONTRA EL HONOR;2022;1
Araba/Álava;CONTRA EL HONOR;2021;1
Araba/Álava;CONTRA EL HONOR;2020;0
Araba/Álava;CONTRA EL HONOR;2019;0
Araba/Álava;CONTRA EL HONOR;2018;1
Araba/Álava;CONTRA EL HONOR;2017;2
Araba/Álava;CONTRA EL HONOR;2016;1
Araba/Álava;CONTRA EL HONOR;2015;1
Araba/Álava;CONTRA EL HONOR;2014;0
Araba/Álava;CONTRA EL HONOR;2013;3
Araba/Álava;CONTRA EL HONOR;2012;0
Araba/Álava;CONTRA EL HONOR;2011;1
Araba/Álava;CONTRA LA PROPIEDAD INDUSTRIAL/INTELECTUAL;2024;0
Araba/Álava;CONTRA LA PROPIEDAD INDUSTRIAL/INTELECTUAL;2023;2
Araba/Álava;CONTRA LA PROPIEDAD INDUSTRIAL/INTELECTUAL;2022;0
Araba/Álava;CONTRA LA PROPIEDAD INDUSTRIAL/INTELECTUAL;2021;1
Araba/Álava;CONTRA LA PROPIEDAD INDUSTRIAL/INTELECTUAL;2020;0
Araba/Álava;CONTRA LA PROPIEDAD INDUSTRIAL/INTELECTUAL;2019;0
Araba/Álava;CONTRA LA PROPIEDAD INDUSTRIAL/INTELECTUAL;2018;1
Araba/Álava;CONTRA LA PROPIEDAD INDUSTRIAL/INTELECTUAL;2017;0
Araba/Álava;CONTRA LA PROPIEDAD INDUSTRIAL/INTELECTUAL;2016;1
Araba/Álava;CONTRA LA PROPIEDAD INDUSTRIAL/INTELECTUAL;2015;1
Araba/Álava;CONTRA LA PROPIEDAD INDUSTRIAL/INTELECTUAL;2014;0
Araba/Álava;CONTRA LA PROPIEDAD INDUSTRIAL/INTELECTUAL;2013;0
Araba/Álava;CONTRA LA PROPIEDAD INDUSTRIAL/INTELECTUAL;2012;1
Araba/Álava;CONTRA LA PROPIEDAD INDUSTRIAL/INTELECTUAL;2011;1
Araba/Álava;DELITOS SEXUALES;2024;18
Araba/Álava;DELITOS SEXUALES;2023;25
Araba/Álava;DELITOS SEXUALES;2022;5
Araba/Álava;DELITOS SEXUALES;2021;6
Araba/Álava;DELITOS SEXUALES;2020;9
Araba/Álava;DELITOS SEXUALES;2019;7
Araba/Álava;DELITOS SEXUALES;2018;26
Araba/Álava;DELITOS SEXUALES;2017;6
Araba/Álava;DELITOS SEXUALES;2016;6
Araba/Álava;DELITOS SEXUALES;2015;10
Araba/Álava;DELITOS SEXUALES;2014;5
Araba/Álava;DELITOS SEXUALES;2013;0
Araba/Álava;DELITOS SEXUALES;2012;4
Araba/Álava;DELITOS SEXUALES;2011;3
Araba/Álava;FALSIFICACIÓN INFORMÁTICA;2024;197
Araba/Álava;FALSIFICACIÓN INFORMÁTICA;2023;201
Araba/Álava;FALSIFICACIÓN INFORMÁTICA;2022;205
Araba/Álava;FALSIFICACIÓN INFORMÁTICA;2021;142
Araba/Álava;FALSIFICACIÓN INFORMÁTICA;2020;93
Araba/Álava;FALSIFICACIÓN INFORMÁTICA;2019;72
Araba/Álava;FALSIFICACIÓN INFORMÁTICA;2018;59
Araba/Álava;FALSIFICACIÓN INFORMÁTICA;2017;50
Araba/Álava;FALSIFICACIÓN INFORMÁTICA;2016;49
Araba/Álava;FALSIFICACIÓN INFORMÁTICA;2015;31
Araba/Álava;FALSIFICACIÓN INFORMÁTICA;2014;1
Araba/Álava;FALSIFICACIÓN INFORMÁTICA;2013;4
Araba/Álava;FALSIFICACIÓN INFORMÁTICA;2012;3
Araba/Álava;FALSIFICACIÓN INFORMÁTICA;2011;4
Araba/Álava;FRAUDE INFORMÁTICO;2024;3.953
Araba/Álava;FRAUDE INFORMÁTICO;2023;4.139
Araba/Álava;FRAUDE INFORMÁTICO;2022;3.186
Araba/Álava;FRAUDE INFORMÁTICO;2021;2.333
Araba/Álava;FRAUDE INFORMÁTICO;2020;2.721
Araba/Álava;FRAUDE INFORMÁTICO;2019;2.443
Araba/Álava;FRAUDE INFORMÁTICO;2018;2.128
Araba/Álava;FRAUDE INFORMÁTICO;2017;1.456
Araba/Álava;FRAUDE INFORMÁTICO;2016;1.112
Araba/Álava;FRAUDE INFORMÁTICO;2015;916
Araba/Álava;FRAUDE INFORMÁTICO;2014;29
Araba/Álava;FRAUDE INFORMÁTICO;2013;56
Araba/Álava;FRAUDE INFORMÁTICO;2012;35
Araba/Álava;FRAUDE INFORMÁTICO;2011;17
Araba/Álava;INTERFERENCIA EN LOS DATOS Y EN EL SISTEMA;2024;4
Araba/Álava;INTERFERENCIA EN LOS DATOS Y EN EL SISTEMA;2023;5
Araba/Álava;INTERFERENCIA EN LOS DATOS Y EN EL SISTEMA;2022;10
Araba/Álava;INTERFERENCIA EN LOS DATOS Y EN EL SISTEMA;2021;11
Araba/Álava;INTERFERENCIA EN LOS DATOS Y EN EL SISTEMA;2020;10
Araba/Álava;INTERFERENCIA EN LOS DATOS Y EN EL SISTEMA;2019;20
Araba/Álava;INTERFERENCIA EN LOS DATOS Y EN EL SISTEMA;2018;13
Araba/Álava;INTERFERENCIA EN LOS DATOS Y EN EL SISTEMA;2017;12
Araba/Álava;INTERFERENCIA EN LOS DATOS Y EN EL SISTEMA;2016;15
Araba/Álava;INTERFERENCIA EN LOS DATOS Y EN EL SISTEMA;2015;24
Araba/Álava;INTERFERENCIA EN LOS DATOS Y EN EL SISTEMA;2014;0
Araba/Álava;INTERFERENCIA EN LOS DATOS Y EN EL SISTEMA;2013;1
Araba/Álava;INTERFERENCIA EN LOS DATOS Y EN EL SISTEMA;2012;2
Araba/Álava;INTERFERENCIA EN LOS DATOS Y EN EL SISTEMA;2011;2
Araba/Álava;TOTAL grupo penal;2024;4.440
Araba/Álava;TOTAL grupo penal;2023;4.653
Araba/Álava;TOTAL grupo penal;2022;3.561
Araba/Álava;TOTAL grupo penal;2021;2.624
Araba/Álava;TOTAL grupo penal;2020;2.919
Araba/Álava;TOTAL grupo penal;2019;2.619
Araba/Álava;TOTAL grupo penal;2018;2.315
Araba/Álava;TOTAL grupo penal;2017;1.595
Araba/Álava;TOTAL grupo penal;2016;1.220
Araba/Álava;TOTAL grupo penal;2015;1.031
Araba/Álava;TOTAL grupo penal;2014;38
Araba/Álava;TOTAL grupo penal;2013;70
Araba/Álava;TOTAL grupo penal;2012;51
Araba/Álava;TOTAL grupo penal;2011;31
Albacete;ACCESO  E INTERCEPTACIÓN ILÍCITA;2024;84
Albacete;ACCESO  E INTERCEPTACIÓN ILÍCITA;2023;47
Albacete;ACCESO  E INTERCEPTACIÓN ILÍCITA;2022;57
Albacete;ACCESO  E INTERCEPTACIÓN ILÍCITA;2021;41
Albacete;ACCESO  E INTERCEPTACIÓN ILÍCITA;2020;23
Albacete;ACCESO  E INTERCEPTACIÓN ILÍCITA;2019;19
Albacete;ACCESO  E INTERCEPTACIÓN ILÍCITA;2018;23
Albacete;ACCESO  E INTERCEPTACIÓN ILÍCITA;2017;17
Albacete;ACCESO  E INTERCEPTACIÓN ILÍCITA;2016;8
Albacete;ACCESO  E INTERCEPTACIÓN ILÍCITA;2015;13
Albacete;ACCESO  E INTERCEPTACIÓN ILÍCITA;2014;15
Albacete;ACCESO  E INTERCEPTACIÓN ILÍCITA;2013;10
Albacete;ACCESO  E INTERCEPTACIÓN ILÍCITA;2012;6
Albacete;ACCESO  E INTERCEPTACIÓN ILÍCITA;2011;8
Albacete;AMENAZAS Y COACCIONES;2024;151
Albacete;AMENAZAS Y COACCIONES;2023;158
Albacete;AMENAZAS Y COACCIONES;2022;144
Albacete;AMENAZAS Y COACCIONES;2021;148
Albacete;AMENAZAS Y COACCIONES;2020;81
Albacete;AMENAZAS Y COACCIONES;2019;115
Albacete;AMENAZAS Y COACCIONES;2018;91
Albacete;AMENAZAS Y COACCIONES;2017;85
Albacete;AMENAZAS Y COACCIONES;2016;103
Albacete;AMENAZAS Y COACCIONES;2015;84
Albacete;AMENAZAS Y COACCIONES;2014;83
Albacete;AMENAZAS Y COACCIONES;2013;111
Albacete;AMENAZAS Y COACCIONES;2012;82
Albacete;AMENAZAS Y COACCIONES;2011;90
Albacete;CONTRA EL HONOR;2024;17
Albacete;CONTRA EL HONOR;2023;16
Albacete;CONTRA EL HONOR;2022;15
Albacete;CONTRA EL HONOR;2021;19
Albacete;CONTRA EL HONOR;2020;18
Albacete;CONTRA EL HONOR;2019;14
Albacete;CONTRA EL HONOR;2018;17
Albacete;CONTRA EL HONOR;2017;25
Albacete;CONTRA EL HONOR;2016;27
Albacete;CONTRA EL HONOR;2015;37
Albacete;CONTRA EL HONOR;2014;37
Albacete;CONTRA EL HONOR;2013;35
Albacete;CONTRA EL HONOR;2012;29
Albacete;CONTRA EL HONOR;2011;30
Albacete;CONTRA LA PROPIEDAD INDUSTRIAL/INTELECTUAL;2024;9
Albacete;CONTRA LA PROPIEDAD INDUSTRIAL/INTELECTUAL;2023;3
Albacete;CONTRA LA PROPIEDAD INDUSTRIAL/INTELECTUAL;2022;5
Albacete;CONTRA LA PROPIEDAD INDUSTRIAL/INTELECTUAL;2021;1
Albacete;CONTRA LA PROPIEDAD INDUSTRIAL/INTELECTUAL;2020;1
Albacete;CONTRA LA PROPIEDAD INDUSTRIAL/INTELECTUAL;2019;1
Albacete;CONTRA LA PROPIEDAD INDUSTRIAL/INTELECTUAL;2018;1
Albacete;CONTRA LA PROPIEDAD INDUSTRIAL/INTELECTUAL;2017;2
Albacete;CONTRA LA PROPIEDAD INDUSTRIAL/INTELECTUAL;2016;1
Albacete;CONTRA LA PROPIEDAD INDUSTRIAL/INTELECTUAL;2015;1
Albacete;CONTRA LA PROPIEDAD INDUSTRIAL/INTELECTUAL;2014;0
Albacete;CONTRA LA PROPIEDAD INDUSTRIAL/INTELECTUAL;2013;0
Albacete;CONTRA LA PROPIEDAD INDUSTRIAL/INTELECTUAL;2012;1
Albacete;CONTRA LA PROPIEDAD INDUSTRIAL/INTELECTUAL;2011;0
Albacete;DELITOS SEXUALES;2024;12
Albacete;DELITOS SEXUALES;2023;16
Albacete;DELITOS SEXUALES;2022;16
Albacete;DELITOS SEXUALES;2021;13
Albacete;DELITOS SEXUALES;2020;9
Albacete;DELITOS SEXUALES;2019;18
Albacete;DELITOS SEXUALES;2018;18
Albacete;DELITOS SEXUALES;2017;7
Albacete;DELITOS SEXUALES;2016;4
Albacete;DELITOS SEXUALES;2015;11
Albacete;DELITOS SEXUALES;2014;3
Albacete;DELITOS SEXUALES;2013;4
Albacete;DELITOS SEXUALES;2012;3
Albacete;DELITOS SEXUALES;2011;3
Albacete;FALSIFICACIÓN INFORMÁTICA;2024;143
Albacete;FALSIFICACIÓN INFORMÁTICA;2023;111
Albacete;FALSIFICACIÓN INFORMÁTICA;2022;78
Albacete;FALSIFICACIÓN INFORMÁTICA;2021;76
Albacete;FALSIFICACIÓN INFORMÁTICA;2020;72
Albacete;FALSIFICACIÓN INFORMÁTICA;2019;40
Albacete;FALSIFICACIÓN INFORMÁTICA;2018;44
Albacete;FALSIFICACIÓN INFORMÁTICA;2017;28
Albacete;FALSIFICACIÓN INFORMÁTICA;2016;31
Albacete;FALSIFICACIÓN INFORMÁTICA;2015;23
Albacete;FALSIFICACIÓN INFORMÁTICA;2014;21
Albacete;FALSIFICACIÓN INFORMÁTICA;2013;25
Albacete;FALSIFICACIÓN INFORMÁTICA;2012;30
Albacete;FALSIFICACIÓN INFORMÁTICA;2011;54
Albacete;FRAUDE INFORMÁTICO;2024;3.012
Albacete;FRAUDE INFORMÁTICO;2023;3.229
Albacete;FRAUDE INFORMÁTICO;2022;2.966
Albacete;FRAUDE INFORMÁTICO;2021;2.164
Albacete;FRAUDE INFORMÁTICO;2020;2.117
Albacete;FRAUDE INFORMÁTICO;2019;1.727
Albacete;FRAUDE INFORMÁTICO;2018;1.210
Albacete;FRAUDE INFORMÁTICO;2017;539
Albacete;FRAUDE INFORMÁTICO;2016;331
Albacete;FRAUDE INFORMÁTICO;2015;345
Albacete;FRAUDE INFORMÁTICO;2014;270
Albacete;FRAUDE INFORMÁTICO;2013;246
Albacete;FRAUDE INFORMÁTICO;2012;190
Albacete;FRAUDE INFORMÁTICO;2011;174
Albacete;INTERFERENCIA EN LOS DATOS Y EN EL SISTEMA;2024;64
Albacete;INTERFERENCIA EN LOS DATOS Y EN EL SISTEMA;2023;36
Albacete;INTERFERENCIA EN LOS DATOS Y EN EL SISTEMA;2022;27
Albacete;INTERFERENCIA EN LOS DATOS Y EN EL SISTEMA;2021;30
Albacete;INTERFERENCIA EN LOS DATOS Y EN EL SISTEMA;2020;18
Albacete;INTERFERENCIA EN LOS DATOS Y EN EL SISTEMA;2019;16
Albacete;INTERFERENCIA EN LOS DATOS Y EN EL SISTEMA;2018;8
Albacete;INTERFERENCIA EN LOS DATOS Y EN EL SISTEMA;2017;12
Albacete;INTERFERENCIA EN LOS DATOS Y EN EL SISTEMA;2016;6
Albacete;INTERFERENCIA EN LOS DATOS Y EN EL SISTEMA;2015;1
Albacete;INTERFERENCIA EN LOS DATOS Y EN EL SISTEMA;2014;4
Albacete;INTERFERENCIA EN LOS DATOS Y EN EL SISTEMA;2013;2
Albacete;INTERFERENCIA EN LOS DATOS Y EN EL SISTEMA;2012;1
Albacete;INTERFERENCIA EN LOS DATOS Y EN EL SISTEMA;2011;2
Albacete;TOTAL grupo penal;2024;3.492
Albacete;TOTAL grupo penal;2023;3.616
Albacete;TOTAL grupo penal;2022;3.308
Albacete;TOTAL grupo penal;2021;2.492
Albacete;TOTAL grupo penal;2020;2.339
Albacete;TOTAL grupo penal;2019;1.950
Albacete;TOTAL grupo penal;2018;1.412
Albacete;TOTAL grupo penal;2017;715
Albacete;TOTAL grupo penal;2016;511
Albacete;TOTAL grupo penal;2015;515
Albacete;TOTAL grupo penal;2014;433
Albacete;TOTAL grupo penal;2013;433
Albacete;TOTAL grupo penal;2012;342
Albacete;TOTAL grupo penal;2011;361
Alicante/Alacant;ACCESO  E INTERCEPTACIÓN ILÍCITA;2024;405
Alicante/Alacant;ACCESO  E INTERCEPTACIÓN ILÍCITA;2023;318
Alicante/Alacant;ACCESO  E INTERCEPTACIÓN ILÍCITA;2022;198
Alicante/Alacant;ACCESO  E INTERCEPTACIÓN ILÍCITA;2021;163
Alicante/Alacant;ACCESO  E INTERCEPTACIÓN ILÍCITA;2020;180
Alicante/Alacant;ACCESO  E INTERCEPTACIÓN ILÍCITA;2019;159
Alicante/Alacant;ACCESO  E INTERCEPTACIÓN ILÍCITA;2018;138
Alicante/Alacant;ACCESO  E INTERCEPTACIÓN ILÍCITA;2017;114
Alicante/Alacant;ACCESO  E INTERCEPTACIÓN ILÍCITA;2016;109
Alicante/Alacant;ACCESO  E INTERCEPTACIÓN ILÍCITA;2015;121
Alicante/Alacant;ACCESO  E INTERCEPTACIÓN ILÍCITA;2014;94
Alicante/Alacant;ACCESO  E INTERCEPTACIÓN ILÍCITA;2013;80
Alicante/Alacant;ACCESO  E INTERCEPTACIÓN ILÍCITA;2012;79
Alicante/Alacant;ACCESO  E INTERCEPTACIÓN ILÍCITA;2011;56
Alicante/Alacant;AMENAZAS Y COACCIONES;2024;890
Alicante/Alacant;AMENAZAS Y COACCIONES;2023;853
Alicante/Alacant;AMENAZAS Y COACCIONES;2022;713
Alicante/Alacant;AMENAZAS Y COACCIONES;2021;785
Alicante/Alacant;AMENAZAS Y COACCIONES;2020;629
Alicante/Alacant;AMENAZAS Y COACCIONES;2019;538
Alicante/Alacant;AMENAZAS Y COACCIONES;2018;624
Alicante/Alacant;AMENAZAS Y COACCIONES;2017;644
Alicante/Alacant;AMENAZAS Y COACCIONES;2016;583
Alicante/Alacant;AMENAZAS Y COACCIONES;2015;523
Alicante/Alacant;AMENAZAS Y COACCIONES;2014;503
Alicante/Alacant;AMENAZAS Y COACCIONES;2013;417
Alicante/Alacant;AMENAZAS Y COACCIONES;2012;468
Alicante/Alacant;AMENAZAS Y COACCIONES;2011;467
Alicante/Alacant;CONTRA EL HONOR;2024;38
Alicante/Alacant;CONTRA EL HONOR;2023;41
Alicante/Alacant;CONTRA EL HONOR;2022;45
Alicante/Alacant;CONTRA EL HONOR;2021;52
Alicante/Alacant;CONTRA EL HONOR;2020;66
Alicante/Alacant;CONTRA EL HONOR;2019;63
Alicante/Alacant;CONTRA EL HONOR;2018;62
Alicante/Alacant;CONTRA EL HONOR;2017;65
Alicante/Alacant;CONTRA EL HONOR;2016;75
Alicante/Alacant;CONTRA EL HONOR;2015;133
Alicante/Alacant;CONTRA EL HONOR;2014;134
Alicante/Alacant;CONTRA EL HONOR;2013;102
Alicante/Alacant;CONTRA EL HONOR;2012;123
Alicante/Alacant;CONTRA EL HONOR;2011;117
Alicante/Alacant;CONTRA LA PROPIEDAD INDUSTRIAL/INTELECTUAL;2024;20
Alicante/Alacant;CONTRA LA PROPIEDAD INDUSTRIAL/INTELECTUAL;2023;10
Alicante/Alacant;CONTRA LA PROPIEDAD INDUSTRIAL/INTELECTUAL;2022;7
Alicante/Alacant;CONTRA LA PROPIEDAD INDUSTRIAL/INTELECTUAL;2021;6
Alicante/Alacant;CONTRA LA PROPIEDAD INDUSTRIAL/INTELECTUAL;2020;11
Alicante/Alacant;CONTRA LA PROPIEDAD INDUSTRIAL/INTELECTUAL;2019;15
Alicante/Alacant;CONTRA LA PROPIEDAD INDUSTRIAL/INTELECTUAL;2018;10
Alicante/Alacant;CONTRA LA PROPIEDAD INDUSTRIAL/INTELECTUAL;2017;6
Alicante/Alacant;CONTRA LA PROPIEDAD INDUSTRIAL/INTELECTUAL;2016;9
Alicante/Alacant;CONTRA LA PROPIEDAD INDUSTRIAL/INTELECTUAL;2015;5
Alicante/Alacant;CONTRA LA PROPIEDAD INDUSTRIAL/INTELECTUAL;2014;4
Alicante/Alacant;CONTRA LA PROPIEDAD INDUSTRIAL/INTELECTUAL;2013;4
Alicante/Alacant;CONTRA LA PROPIEDAD INDUSTRIAL/INTELECTUAL;2012;9
Alicante/Alacant;CONTRA LA PROPIEDAD INDUSTRIAL/INTELECTUAL;2011;9
Alicante/Alacant;DELITOS SEXUALES;2024;85
Alicante/Alacant;DELITOS SEXUALES;2023;84
Alicante/Alacant;DELITOS SEXUALES;2022;95
Alicante/Alacant;DELITOS SEXUALES;2021;80
Alicante/Alacant;DELITOS SEXUALES;2020;74
Alicante/Alacant;DELITOS SEXUALES;2019;91
Alicante/Alacant;DELITOS SEXUALES;2018;81
Alicante/Alacant;DELITOS SEXUALES;2017;69
Alicante/Alacant;DELITOS SEXUALES;2016;50
Alicante/Alacant;DELITOS SEXUALES;2015;68
Alicante/Alacant;DELITOS SEXUALES;2014;59
Alicante/Alacant;DELITOS SEXUALES;2013;49
Alicante/Alacant;DELITOS SEXUALES;2012;40
Alicante/Alacant;DELITOS SEXUALES;2011;54
Alicante/Alacant;FALSIFICACIÓN INFORMÁTICA;2024;945
Alicante/Alacant;FALSIFICACIÓN INFORMÁTICA;2023;763
Alicante/Alacant;FALSIFICACIÓN INFORMÁTICA;2022;628
Alicante/Alacant;FALSIFICACIÓN INFORMÁTICA;2021;539
Alicante/Alacant;FALSIFICACIÓN INFORMÁTICA;2020;352
Alicante/Alacant;FALSIFICACIÓN INFORMÁTICA;2019;207
Alicante/Alacant;FALSIFICACIÓN INFORMÁTICA;2018;149
Alicante/Alacant;FALSIFICACIÓN INFORMÁTICA;2017;143
Alicante/Alacant;FALSIFICACIÓN INFORMÁTICA;2016;158
Alicante/Alacant;FALSIFICACIÓN INFORMÁTICA;2015;122
Alicante/Alacant;FALSIFICACIÓN INFORMÁTICA;2014;100
Alicante/Alacant;FALSIFICACIÓN INFORMÁTICA;2013;78
Alicante/Alacant;FALSIFICACIÓN INFORMÁTICA;2012;118
Alicante/Alacant;FALSIFICACIÓN INFORMÁTICA;2011;142
Alicante/Alacant;FRAUDE INFORMÁTICO;2024;15.484
Alicante/Alacant;FRAUDE INFORMÁTICO;2023;15.789
Alicante/Alacant;FRAUDE INFORMÁTICO;2022;11.280
Alicante/Alacant;FRAUDE INFORMÁTICO;2021;8.371
Alicante/Alacant;FRAUDE INFORMÁTICO;2020;7.562
Alicante/Alacant;FRAUDE INFORMÁTICO;2019;5.137
Alicante/Alacant;FRAUDE INFORMÁTICO;2018;3.632
Alicante/Alacant;FRAUDE INFORMÁTICO;2017;2.660
Alicante/Alacant;FRAUDE INFORMÁTICO;2016;2.219
Alicante/Alacant;FRAUDE INFORMÁTICO;2015;1.795
Alicante/Alacant;FRAUDE INFORMÁTICO;2014;1.455
Alicante/Alacant;FRAUDE INFORMÁTICO;2013;1.077
Alicante/Alacant;FRAUDE INFORMÁTICO;2012;1.209
Alicante/Alacant;FRAUDE INFORMÁTICO;2011;1.054
Alicante/Alacant;INTERFERENCIA EN LOS DATOS Y EN EL SISTEMA;2024;46
Alicante/Alacant;INTERFERENCIA EN LOS DATOS Y EN EL SISTEMA;2023;52
Alicante/Alacant;INTERFERENCIA EN LOS DATOS Y EN EL SISTEMA;2022;109
Alicante/Alacant;INTERFERENCIA EN LOS DATOS Y EN EL SISTEMA;2021;137
Alicante/Alacant;INTERFERENCIA EN LOS DATOS Y EN EL SISTEMA;2020;82
Alicante/Alacant;INTERFERENCIA EN LOS DATOS Y EN EL SISTEMA;2019;51
Alicante/Alacant;INTERFERENCIA EN LOS DATOS Y EN EL SISTEMA;2018;36
Alicante/Alacant;INTERFERENCIA EN LOS DATOS Y EN EL SISTEMA;2017;36
Alicante/Alacant;INTERFERENCIA EN LOS DATOS Y EN EL SISTEMA;2016;37
Alicante/Alacant;INTERFERENCIA EN LOS DATOS Y EN EL SISTEMA;2015;35
Alicante/Alacant;INTERFERENCIA EN LOS DATOS Y EN EL SISTEMA;2014;21
Alicante/Alacant;INTERFERENCIA EN LOS DATOS Y EN EL SISTEMA;2013;16
Alicante/Alacant;INTERFERENCIA EN LOS DATOS Y EN EL SISTEMA;2012;17
Alicante/Alacant;INTERFERENCIA EN LOS DATOS Y EN EL SISTEMA;2011;14
Alicante/Alacant;TOTAL grupo penal;2024;17.913
Alicante/Alacant;TOTAL grupo penal;2023;17.910
Alicante/Alacant;TOTAL grupo penal;2022;13.075
Alicante/Alacant;TOTAL grupo penal;2021;10.133
Alicante/Alacant;TOTAL grupo penal;2020;8.956
Alicante/Alacant;TOTAL grupo penal;2019;6.261
Alicante/Alacant;TOTAL grupo penal;2018;4.732
Alicante/Alacant;TOTAL grupo penal;2017;3.737
Alicante/Alacant;TOTAL grupo penal;2016;3.240
Alicante/Alacant;TOTAL grupo penal;2015;2.802
Alicante/Alacant;TOTAL grupo penal;2014;2.370
Alicante/Alacant;TOTAL grupo penal;2013;1.823
Alicante/Alacant;TOTAL grupo penal;2012;2.063
Alicante/Alacant;TOTAL grupo penal;2011;1.913
Almería;ACCESO  E INTERCEPTACIÓN ILÍCITA;2024;140
Almería;ACCESO  E INTERCEPTACIÓN ILÍCITA;2023;87
Almería;ACCESO  E INTERCEPTACIÓN ILÍCITA;2022;39
Almería;ACCESO  E INTERCEPTACIÓN ILÍCITA;2021;38
Almería;ACCESO  E INTERCEPTACIÓN ILÍCITA;2020;28
Almería;ACCESO  E INTERCEPTACIÓN ILÍCITA;2019;28
Almería;ACCESO  E INTERCEPTACIÓN ILÍCITA;2018;25
Almería;ACCESO  E INTERCEPTACIÓN ILÍCITA;2017;31
Almería;ACCESO  E INTERCEPTACIÓN ILÍCITA;2016;26
Almería;ACCESO  E INTERCEPTACIÓN ILÍCITA;2015;30
Almería;ACCESO  E INTERCEPTACIÓN ILÍCITA;2014;32
Almería;ACCESO  E INTERCEPTACIÓN ILÍCITA;2013;26
Almería;ACCESO  E INTERCEPTACIÓN ILÍCITA;2012;17
Almería;ACCESO  E INTERCEPTACIÓN ILÍCITA;2011;17
Almería;AMENAZAS Y COACCIONES;2024;284
Almería;AMENAZAS Y COACCIONES;2023;243
Almería;AMENAZAS Y COACCIONES;2022;207
Almería;AMENAZAS Y COACCIONES;2021;223
Almería;AMENAZAS Y COACCIONES;2020;221
Almería;AMENAZAS Y COACCIONES;2019;189
Almería;AMENAZAS Y COACCIONES;2018;190
Almería;AMENAZAS Y COACCIONES;2017;177
Almería;AMENAZAS Y COACCIONES;2016;235
Almería;AMENAZAS Y COACCIONES;2015;211
Almería;AMENAZAS Y COACCIONES;2014;210
Almería;AMENAZAS Y COACCIONES;2013;153
Almería;AMENAZAS Y COACCIONES;2012;185
Almería;AMENAZAS Y COACCIONES;2011;233
Almería;CONTRA EL HONOR;2024;19
Almería;CONTRA EL HONOR;2023;8
Almería;CONTRA EL HONOR;2022;11
Almería;CONTRA EL HONOR;2021;8
Almería;CONTRA EL HONOR;2020;12
Almería;CONTRA EL HONOR;2019;23
Almería;CONTRA EL HONOR;2018;16
Almería;CONTRA EL HONOR;2017;26
Almería;CONTRA EL HONOR;2016;28
Almería;CONTRA EL HONOR;2015;33
Almería;CONTRA EL HONOR;2014;33
Almería;CONTRA EL HONOR;2013;23
Almería;CONTRA EL HONOR;2012;19
Almería;CONTRA EL HONOR;2011;32
Almería;CONTRA LA PROPIEDAD INDUSTRIAL/INTELECTUAL;2024;3
Almería;CONTRA LA PROPIEDAD INDUSTRIAL/INTELECTUAL;2023;1
Almería;CONTRA LA PROPIEDAD INDUSTRIAL/INTELECTUAL;2022;0
Almería;CONTRA LA PROPIEDAD INDUSTRIAL/INTELECTUAL;2021;0
Almería;CONTRA LA PROPIEDAD INDUSTRIAL/INTELECTUAL;2020;1
Almería;CONTRA LA PROPIEDAD INDUSTRIAL/INTELECTUAL;2019;2
Almería;CONTRA LA PROPIEDAD INDUSTRIAL/INTELECTUAL;2018;0
Almería;CONTRA LA PROPIEDAD INDUSTRIAL/INTELECTUAL;2017;0
Almería;CONTRA LA PROPIEDAD INDUSTRIAL/INTELECTUAL;2016;1
Almería;CONTRA LA PROPIEDAD INDUSTRIAL/INTELECTUAL;2015;3
Almería;CONTRA LA PROPIEDAD INDUSTRIAL/INTELECTUAL;2014;0
Almería;CONTRA LA PROPIEDAD INDUSTRIAL/INTELECTUAL;2013;2
Almería;CONTRA LA PROPIEDAD INDUSTRIAL/INTELECTUAL;2012;2
Almería;CONTRA LA PROPIEDAD INDUSTRIAL/INTELECTUAL;2011;4
Almería;DELITOS SEXUALES;2024;25
Almería;DELITOS SEXUALES;2023;51
Almería;DELITOS SEXUALES;2022;48
Almería;DELITOS SEXUALES;2021;26
Almería;DELITOS SEXUALES;2020;29
Almería;DELITOS SEXUALES;2019;25
Almería;DELITOS SEXUALES;2018;14
Almería;DELITOS SEXUALES;2017;29
Almería;DELITOS SEXUALES;2016;20
Almería;DELITOS SEXUALES;2015;19
Almería;DELITOS SEXUALES;2014;18
Almería;DELITOS SEXUALES;2013;9
Almería;DELITOS SEXUALES;2012;3
Almería;DELITOS SEXUALES;2011;9
Almería;FALSIFICACIÓN INFORMÁTICA;2024;214
Almería;FALSIFICACIÓN INFORMÁTICA;2023;155
Almería;FALSIFICACIÓN INFORMÁTICA;2022;127
Almería;FALSIFICACIÓN INFORMÁTICA;2021;72
Almería;FALSIFICACIÓN INFORMÁTICA;2020;63
Almería;FALSIFICACIÓN INFORMÁTICA;2019;66
Almería;FALSIFICACIÓN INFORMÁTICA;2018;68
Almería;FALSIFICACIÓN INFORMÁTICA;2017;57
Almería;FALSIFICACIÓN INFORMÁTICA;2016;60
Almería;FALSIFICACIÓN INFORMÁTICA;2015;72
Almería;FALSIFICACIÓN INFORMÁTICA;2014;67
Almería;FALSIFICACIÓN INFORMÁTICA;2013;23
Almería;FALSIFICACIÓN INFORMÁTICA;2012;25
Almería;FALSIFICACIÓN INFORMÁTICA;2011;22
Almería;FRAUDE INFORMÁTICO;2024;5.226
Almería;FRAUDE INFORMÁTICO;2023;4.414
Almería;FRAUDE INFORMÁTICO;2022;3.041
Almería;FRAUDE INFORMÁTICO;2021;2.281
Almería;FRAUDE INFORMÁTICO;2020;1.864
Almería;FRAUDE INFORMÁTICO;2019;1.418
Almería;FRAUDE INFORMÁTICO;2018;1.314
Almería;FRAUDE INFORMÁTICO;2017;985
Almería;FRAUDE INFORMÁTICO;2016;870
Almería;FRAUDE INFORMÁTICO;2015;447
Almería;FRAUDE INFORMÁTICO;2014;373
Almería;FRAUDE INFORMÁTICO;2013;334
Almería;FRAUDE INFORMÁTICO;2012;272
Almería;FRAUDE INFORMÁTICO;2011;248
Almería;INTERFERENCIA EN LOS DATOS Y EN EL SISTEMA;2024;13
Almería;INTERFERENCIA EN LOS DATOS Y EN EL SISTEMA;2023;18
Almería;INTERFERENCIA EN LOS DATOS Y EN EL SISTEMA;2022;10
Almería;INTERFERENCIA EN LOS DATOS Y EN EL SISTEMA;2021;11
Almería;INTERFERENCIA EN LOS DATOS Y EN EL SISTEMA;2020;12
Almería;INTERFERENCIA EN LOS DATOS Y EN EL SISTEMA;2019;18
Almería;INTERFERENCIA EN LOS DATOS Y EN EL SISTEMA;2018;11
Almería;INTERFERENCIA EN LOS DATOS Y EN EL SISTEMA;2017;11
Almería;INTERFERENCIA EN LOS DATOS Y EN EL SISTEMA;2016;9
Almería;INTERFERENCIA EN LOS DATOS Y EN EL SISTEMA;2015;8
Almería;INTERFERENCIA EN LOS DATOS Y EN EL SISTEMA;2014;7
Almería;INTERFERENCIA EN LOS DATOS Y EN EL SISTEMA;2013;11
Almería;INTERFERENCIA EN LOS DATOS Y EN EL SISTEMA;2012;6
Almería;INTERFERENCIA EN LOS DATOS Y EN EL SISTEMA;2011;6
Almería;TOTAL grupo penal;2024;5.924
Almería;TOTAL grupo penal;2023;4.977
Almería;TOTAL grupo penal;2022;3.483
Almería;TOTAL grupo penal;2021;2.659
Almería;TOTAL grupo penal;2020;2.230
Almería;TOTAL grupo penal;2019;1.769
Almería;TOTAL grupo penal;2018;1.638
Almería;TOTAL grupo penal;2017;1.316
Almería;TOTAL grupo penal;2016;1.249
Almería;TOTAL grupo penal;2015;823
Almería;TOTAL grupo penal;2014;740
Almería;TOTAL grupo penal;2013;581
Almería;TOTAL grupo penal;2012;529
Almería;TOTAL grupo penal;2011;571
Ávila;ACCESO  E INTERCEPTACIÓN ILÍCITA;2024;16
Ávila;ACCESO  E INTERCEPTACIÓN ILÍCITA;2023;10
Ávila;ACCESO  E INTERCEPTACIÓN ILÍCITA;2022;7
Ávila;ACCESO  E INTERCEPTACIÓN ILÍCITA;2021;19
Ávila;ACCESO  E INTERCEPTACIÓN ILÍCITA;2020;6
Ávila;ACCESO  E INTERCEPTACIÓN ILÍCITA;2019;8
Ávila;ACCESO  E INTERCEPTACIÓN ILÍCITA;2018;7
Ávila;ACCESO  E INTERCEPTACIÓN ILÍCITA;2017;4
Ávila;ACCESO  E INTERCEPTACIÓN ILÍCITA;2016;15
Ávila;ACCESO  E INTERCEPTACIÓN ILÍCITA;2015;2
Ávila;ACCESO  E INTERCEPTACIÓN ILÍCITA;2014;5
Ávila;ACCESO  E INTERCEPTACIÓN ILÍCITA;2013;4
Ávila;ACCESO  E INTERCEPTACIÓN ILÍCITA;2012;4
Ávila;ACCESO  E INTERCEPTACIÓN ILÍCITA;2011;3
Ávila;AMENAZAS Y COACCIONES;2024;45
Ávila;AMENAZAS Y COACCIONES;2023;49
Ávila;AMENAZAS Y COACCIONES;2022;48
Ávila;AMENAZAS Y COACCIONES;2021;72
Ávila;AMENAZAS Y COACCIONES;2020;42
Ávila;AMENAZAS Y COACCIONES;2019;68
Ávila;AMENAZAS Y COACCIONES;2018;85
Ávila;AMENAZAS Y COACCIONES;2017;68
Ávila;AMENAZAS Y COACCIONES;2016;62
Ávila;AMENAZAS Y COACCIONES;2015;50
Ávila;AMENAZAS Y COACCIONES;2014;61
Ávila;AMENAZAS Y COACCIONES;2013;54
Ávila;AMENAZAS Y COACCIONES;2012;65
Ávila;AMENAZAS Y COACCIONES;2011;80
Ávila;CONTRA EL HONOR;2024;8
Ávila;CONTRA EL HONOR;2023;7
Ávila;CONTRA EL HONOR;2022;4
Ávila;CONTRA EL HONOR;2021;11
Ávila;CONTRA EL HONOR;2020;14
Ávila;CONTRA EL HONOR;2019;9
Ávila;CONTRA EL HONOR;2018;14
Ávila;CONTRA EL HONOR;2017;14
Ávila;CONTRA EL HONOR;2016;10
Ávila;CONTRA EL HONOR;2015;10
Ávila;CONTRA EL HONOR;2014;20
Ávila;CONTRA EL HONOR;2013;21
Ávila;CONTRA EL HONOR;2012;27
Ávila;CONTRA EL HONOR;2011;24
Ávila;CONTRA LA PROPIEDAD INDUSTRIAL/INTELECTUAL;2024;0
Ávila;CONTRA LA PROPIEDAD INDUSTRIAL/INTELECTUAL;2023;0
Ávila;CONTRA LA PROPIEDAD INDUSTRIAL/INTELECTUAL;2022;0
Ávila;CONTRA LA PROPIEDAD INDUSTRIAL/INTELECTUAL;2021;3
Ávila;CONTRA LA PROPIEDAD INDUSTRIAL/INTELECTUAL;2020;1
Ávila;CONTRA LA PROPIEDAD INDUSTRIAL/INTELECTUAL;2019;1
Ávila;CONTRA LA PROPIEDAD INDUSTRIAL/INTELECTUAL;2018;0
Ávila;CONTRA LA PROPIEDAD INDUSTRIAL/INTELECTUAL;2017;0
Ávila;CONTRA LA PROPIEDAD INDUSTRIAL/INTELECTUAL;2016;0
Ávila;CONTRA LA PROPIEDAD INDUSTRIAL/INTELECTUAL;2015;1
Ávila;CONTRA LA PROPIEDAD INDUSTRIAL/INTELECTUAL;2014;1
Ávila;CONTRA LA PROPIEDAD INDUSTRIAL/INTELECTUAL;2013;0
Ávila;CONTRA LA PROPIEDAD INDUSTRIAL/INTELECTUAL;2012;0
Ávila;CONTRA LA PROPIEDAD INDUSTRIAL/INTELECTUAL;2011;0
Ávila;DELITOS SEXUALES;2024;5
Ávila;DELITOS SEXUALES;2023;5
Ávila;DELITOS SEXUALES;2022;8
Ávila;DELITOS SEXUALES;2021;7
Ávila;DELITOS SEXUALES;2020;5
Ávila;DELITOS SEXUALES;2019;6
Ávila;DELITOS SEXUALES;2018;4
Ávila;DELITOS SEXUALES;2017;4
Ávila;DELITOS SEXUALES;2016;2
Ávila;DELITOS SEXUALES;2015;11
Ávila;DELITOS SEXUALES;2014;6
Ávila;DELITOS SEXUALES;2013;4
Ávila;DELITOS SEXUALES;2012;2
Ávila;DELITOS SEXUALES;2011;8
Ávila;FALSIFICACIÓN INFORMÁTICA;2024;72
Ávila;FALSIFICACIÓN INFORMÁTICA;2023;80
Ávila;FALSIFICACIÓN INFORMÁTICA;2022;54
Ávila;FALSIFICACIÓN INFORMÁTICA;2021;54
Ávila;FALSIFICACIÓN INFORMÁTICA;2020;26
Ávila;FALSIFICACIÓN INFORMÁTICA;2019;32
Ávila;FALSIFICACIÓN INFORMÁTICA;2018;31
Ávila;FALSIFICACIÓN INFORMÁTICA;2017;28
Ávila;FALSIFICACIÓN INFORMÁTICA;2016;21
Ávila;FALSIFICACIÓN INFORMÁTICA;2015;19
Ávila;FALSIFICACIÓN INFORMÁTICA;2014;10
Ávila;FALSIFICACIÓN INFORMÁTICA;2013;9
Ávila;FALSIFICACIÓN INFORMÁTICA;2012;3
Ávila;FALSIFICACIÓN INFORMÁTICA;2011;4
Ávila;FRAUDE INFORMÁTICO;2024;1.626
Ávila;FRAUDE INFORMÁTICO;2023;1.684
Ávila;FRAUDE INFORMÁTICO;2022;1.094
Ávila;FRAUDE INFORMÁTICO;2021;922
Ávila;FRAUDE INFORMÁTICO;2020;831
Ávila;FRAUDE INFORMÁTICO;2019;578
Ávila;FRAUDE INFORMÁTICO;2018;416
Ávila;FRAUDE INFORMÁTICO;2017;322
Ávila;FRAUDE INFORMÁTICO;2016;260
Ávila;FRAUDE INFORMÁTICO;2015;191
Ávila;FRAUDE INFORMÁTICO;2014;130
Ávila;FRAUDE INFORMÁTICO;2013;121
Ávila;FRAUDE INFORMÁTICO;2012;87
Ávila;FRAUDE INFORMÁTICO;2011;60
Ávila;INTERFERENCIA EN LOS DATOS Y EN EL SISTEMA;2024;3
Ávila;INTERFERENCIA EN LOS DATOS Y EN EL SISTEMA;2023;4
Ávila;INTERFERENCIA EN LOS DATOS Y EN EL SISTEMA;2022;3
Ávila;INTERFERENCIA EN LOS DATOS Y EN EL SISTEMA;2021;11
Ávila;INTERFERENCIA EN LOS DATOS Y EN EL SISTEMA;2020;7
Ávila;INTERFERENCIA EN LOS DATOS Y EN EL SISTEMA;2019;5
Ávila;INTERFERENCIA EN LOS DATOS Y EN EL SISTEMA;2018;3
Ávila;INTERFERENCIA EN LOS DATOS Y EN EL SISTEMA;2017;1
Ávila;INTERFERENCIA EN LOS DATOS Y EN EL SISTEMA;2016;4
Ávila;INTERFERENCIA EN LOS DATOS Y EN EL SISTEMA;2015;6
Ávila;INTERFERENCIA EN LOS DATOS Y EN EL SISTEMA;2014;1
Ávila;INTERFERENCIA EN LOS DATOS Y EN EL SISTEMA;2013;3
Ávila;INTERFERENCIA EN LOS DATOS Y EN EL SISTEMA;2012;1
Ávila;INTERFERENCIA EN LOS DATOS Y EN EL SISTEMA;2011;1
Ávila;TOTAL grupo penal;2024;1.775
Ávila;TOTAL grupo penal;2023;1.839
Ávila;TOTAL grupo penal;2022;1.218
Ávila;TOTAL grupo penal;2021;1.099
Ávila;TOTAL grupo penal;2020;932
Ávila;TOTAL grupo penal;2019;707
Ávila;TOTAL grupo penal;2018;560
Ávila;TOTAL grupo penal;2017;441
Ávila;TOTAL grupo penal;2016;374
Ávila;TOTAL grupo penal;2015;290
Ávila;TOTAL grupo penal;2014;234
Ávila;TOTAL grupo penal;2013;216
Ávila;TOTAL grupo penal;2012;189
Ávila;TOTAL grupo penal;2011;180
Badajoz;ACCESO  E INTERCEPTACIÓN ILÍCITA;2024;150
Badajoz;ACCESO  E INTERCEPTACIÓN ILÍCITA;2023;138
Badajoz;ACCESO  E INTERCEPTACIÓN ILÍCITA;2022;73
Badajoz;ACCESO  E INTERCEPTACIÓN ILÍCITA;2021;91
Badajoz;ACCESO  E INTERCEPTACIÓN ILÍCITA;2020;81
Badajoz;ACCESO  E INTERCEPTACIÓN ILÍCITA;2019;68
Badajoz;ACCESO  E INTERCEPTACIÓN ILÍCITA;2018;65
Badajoz;ACCESO  E INTERCEPTACIÓN ILÍCITA;2017;58
Badajoz;ACCESO  E INTERCEPTACIÓN ILÍCITA;2016;55
Badajoz;ACCESO  E INTERCEPTACIÓN ILÍCITA;2015;52
Badajoz;ACCESO  E INTERCEPTACIÓN ILÍCITA;2014;48
Badajoz;ACCESO  E INTERCEPTACIÓN ILÍCITA;2013;41
Badajoz;ACCESO  E INTERCEPTACIÓN ILÍCITA;2012;46
Badajoz;ACCESO  E INTERCEPTACIÓN ILÍCITA;2011;44
Badajoz;AMENAZAS Y COACCIONES;2024;360
Badajoz;AMENAZAS Y COACCIONES;2023;312
Badajoz;AMENAZAS Y COACCIONES;2022;249
Badajoz;AMENAZAS Y COACCIONES;2021;271
Badajoz;AMENAZAS Y COACCIONES;2020;214
Badajoz;AMENAZAS Y COACCIONES;2019;219
Badajoz;AMENAZAS Y COACCIONES;2018;256
Badajoz;AMENAZAS Y COACCIONES;2017;209
Badajoz;AMENAZAS Y COACCIONES;2016;185
Badajoz;AMENAZAS Y COACCIONES;2015;146
Badajoz;AMENAZAS Y COACCIONES;2014;157
Badajoz;AMENAZAS Y COACCIONES;2013;127
Badajoz;AMENAZAS Y COACCIONES;2012;121
Badajoz;AMENAZAS Y COACCIONES;2011;158
Badajoz;CONTRA EL HONOR;2024;41
Badajoz;CONTRA EL HONOR;2023;32
Badajoz;CONTRA EL HONOR;2022;19
Badajoz;CONTRA EL HONOR;2021;25
Badajoz;CONTRA EL HONOR;2020;26
Badajoz;CONTRA EL HONOR;2019;29
Badajoz;CONTRA EL HONOR;2018;32
Badajoz;CONTRA EL HONOR;2017;41
Badajoz;CONTRA EL HONOR;2016;33
Badajoz;CONTRA EL HONOR;2015;41
Badajoz;CONTRA EL HONOR;2014;61
Badajoz;CONTRA EL HONOR;2013;46
Badajoz;CONTRA EL HONOR;2012;57
Badajoz;CONTRA EL HONOR;2011;66
Badajoz;CONTRA LA PROPIEDAD INDUSTRIAL/INTELECTUAL;2024;1
Badajoz;CONTRA LA PROPIEDAD INDUSTRIAL/INTELECTUAL;2023;3
Badajoz;CONTRA LA PROPIEDAD INDUSTRIAL/INTELECTUAL;2022;2
Badajoz;CONTRA LA PROPIEDAD INDUSTRIAL/INTELECTUAL;2021;4
Badajoz;CONTRA LA PROPIEDAD INDUSTRIAL/INTELECTUAL;2020;5
Badajoz;CONTRA LA PROPIEDAD INDUSTRIAL/INTELECTUAL;2019;12
Badajoz;CONTRA LA PROPIEDAD INDUSTRIAL/INTELECTUAL;2018;2
Badajoz;CONTRA LA PROPIEDAD INDUSTRIAL/INTELECTUAL;2017;1
Badajoz;CONTRA LA PROPIEDAD INDUSTRIAL/INTELECTUAL;2016;1
Badajoz;CONTRA LA PROPIEDAD INDUSTRIAL/INTELECTUAL;2015;1
Badajoz;CONTRA LA PROPIEDAD INDUSTRIAL/INTELECTUAL;2014;1
Badajoz;CONTRA LA PROPIEDAD INDUSTRIAL/INTELECTUAL;2013;1
Badajoz;CONTRA LA PROPIEDAD INDUSTRIAL/INTELECTUAL;2012;4
Badajoz;CONTRA LA PROPIEDAD INDUSTRIAL/INTELECTUAL;2011;1
Badajoz;DELITOS SEXUALES;2024;26
Badajoz;DELITOS SEXUALES;2023;31
Badajoz;DELITOS SEXUALES;2022;21
Badajoz;DELITOS SEXUALES;2021;28
Badajoz;DELITOS SEXUALES;2020;19
Badajoz;DELITOS SEXUALES;2019;13
Badajoz;DELITOS SEXUALES;2018;20
Badajoz;DELITOS SEXUALES;2017;24
Badajoz;DELITOS SEXUALES;2016;16
Badajoz;DELITOS SEXUALES;2015;20
Badajoz;DELITOS SEXUALES;2014;15
Badajoz;DELITOS SEXUALES;2013;9
Badajoz;DELITOS SEXUALES;2012;8
Badajoz;DELITOS SEXUALES;2011;15
Badajoz;FALSIFICACIÓN INFORMÁTICA;2024;500
Badajoz;FALSIFICACIÓN INFORMÁTICA;2023;338
Badajoz;FALSIFICACIÓN INFORMÁTICA;2022;280
Badajoz;FALSIFICACIÓN INFORMÁTICA;2021;245
Badajoz;FALSIFICACIÓN INFORMÁTICA;2020;153
Badajoz;FALSIFICACIÓN INFORMÁTICA;2019;128
Badajoz;FALSIFICACIÓN INFORMÁTICA;2018;102
Badajoz;FALSIFICACIÓN INFORMÁTICA;2017;80
Badajoz;FALSIFICACIÓN INFORMÁTICA;2016;57
Badajoz;FALSIFICACIÓN INFORMÁTICA;2015;49
Badajoz;FALSIFICACIÓN INFORMÁTICA;2014;60
Badajoz;FALSIFICACIÓN INFORMÁTICA;2013;49
Badajoz;FALSIFICACIÓN INFORMÁTICA;2012;64
Badajoz;FALSIFICACIÓN INFORMÁTICA;2011;45
Badajoz;FRAUDE INFORMÁTICO;2024;4.669
Badajoz;FRAUDE INFORMÁTICO;2023;4.809
Badajoz;FRAUDE INFORMÁTICO;2022;4.423
Badajoz;FRAUDE INFORMÁTICO;2021;3.328
Badajoz;FRAUDE INFORMÁTICO;2020;2.685
Badajoz;FRAUDE INFORMÁTICO;2019;1.509
Badajoz;FRAUDE INFORMÁTICO;2018;1.214
Badajoz;FRAUDE INFORMÁTICO;2017;815
Badajoz;FRAUDE INFORMÁTICO;2016;625
Badajoz;FRAUDE INFORMÁTICO;2015;392
Badajoz;FRAUDE INFORMÁTICO;2014;343
Badajoz;FRAUDE INFORMÁTICO;2013;249
Badajoz;FRAUDE INFORMÁTICO;2012;287
Badajoz;FRAUDE INFORMÁTICO;2011;204
Badajoz;INTERFERENCIA EN LOS DATOS Y EN EL SISTEMA;2024;17
Badajoz;INTERFERENCIA EN LOS DATOS Y EN EL SISTEMA;2023;20
Badajoz;INTERFERENCIA EN LOS DATOS Y EN EL SISTEMA;2022;20
Badajoz;INTERFERENCIA EN LOS DATOS Y EN EL SISTEMA;2021;21
Badajoz;INTERFERENCIA EN LOS DATOS Y EN EL SISTEMA;2020;18
Badajoz;INTERFERENCIA EN LOS DATOS Y EN EL SISTEMA;2019;13
Badajoz;INTERFERENCIA EN LOS DATOS Y EN EL SISTEMA;2018;12
Badajoz;INTERFERENCIA EN LOS DATOS Y EN EL SISTEMA;2017;21
Badajoz;INTERFERENCIA EN LOS DATOS Y EN EL SISTEMA;2016;13
Badajoz;INTERFERENCIA EN LOS DATOS Y EN EL SISTEMA;2015;8
Badajoz;INTERFERENCIA EN LOS DATOS Y EN EL SISTEMA;2014;6
Badajoz;INTERFERENCIA EN LOS DATOS Y EN EL SISTEMA;2013;7
Badajoz;INTERFERENCIA EN LOS DATOS Y EN EL SISTEMA;2012;5
Badajoz;INTERFERENCIA EN LOS DATOS Y EN EL SISTEMA;2011;6
Badajoz;TOTAL grupo penal;2024;5.764
Badajoz;TOTAL grupo penal;2023;5.683
Badajoz;TOTAL grupo penal;2022;5.087
Badajoz;TOTAL grupo penal;2021;4.013
Badajoz;TOTAL grupo penal;2020;3.201
Badajoz;TOTAL grupo penal;2019;1.991
Badajoz;TOTAL grupo penal;2018;1.703
Badajoz;TOTAL grupo penal;2017;1.249
Badajoz;TOTAL grupo penal;2016;985
Badajoz;TOTAL grupo penal;2015;709
Badajoz;TOTAL grupo penal;2014;691
Badajoz;TOTAL grupo penal;2013;529
Badajoz;TOTAL grupo penal;2012;592
Badajoz;TOTAL grupo penal;2011;539
Balears (Illes);ACCESO  E INTERCEPTACIÓN ILÍCITA;2024;246
Balears (Illes);ACCESO  E INTERCEPTACIÓN ILÍCITA;2023;215
Balears (Illes);ACCESO  E INTERCEPTACIÓN ILÍCITA;2022;240
Balears (Illes);ACCESO  E INTERCEPTACIÓN ILÍCITA;2021;207
Balears (Illes);ACCESO  E INTERCEPTACIÓN ILÍCITA;2020;156
Balears (Illes);ACCESO  E INTERCEPTACIÓN ILÍCITA;2019;128
Balears (Illes);ACCESO  E INTERCEPTACIÓN ILÍCITA;2018;103
Balears (Illes);ACCESO  E INTERCEPTACIÓN ILÍCITA;2017;82
Balears (Illes);ACCESO  E INTERCEPTACIÓN ILÍCITA;2016;96
Balears (Illes);ACCESO  E INTERCEPTACIÓN ILÍCITA;2015;103
Balears (Illes);ACCESO  E INTERCEPTACIÓN ILÍCITA;2014;82
Balears (Illes);ACCESO  E INTERCEPTACIÓN ILÍCITA;2013;79
Balears (Illes);ACCESO  E INTERCEPTACIÓN ILÍCITA;2012;63
Balears (Illes);ACCESO  E INTERCEPTACIÓN ILÍCITA;2011;77
Balears (Illes);AMENAZAS Y COACCIONES;2024;659
Balears (Illes);AMENAZAS Y COACCIONES;2023;573
Balears (Illes);AMENAZAS Y COACCIONES;2022;567
Balears (Illes);AMENAZAS Y COACCIONES;2021;631
Balears (Illes);AMENAZAS Y COACCIONES;2020;465
Balears (Illes);AMENAZAS Y COACCIONES;2019;448
Balears (Illes);AMENAZAS Y COACCIONES;2018;459
Balears (Illes);AMENAZAS Y COACCIONES;2017;449
Balears (Illes);AMENAZAS Y COACCIONES;2016;454
Balears (Illes);AMENAZAS Y COACCIONES;2015;457
Balears (Illes);AMENAZAS Y COACCIONES;2014;359
Balears (Illes);AMENAZAS Y COACCIONES;2013;311
Balears (Illes);AMENAZAS Y COACCIONES;2012;270
Balears (Illes);AMENAZAS Y COACCIONES;2011;324
Balears (Illes);CONTRA EL HONOR;2024;25
Balears (Illes);CONTRA EL HONOR;2023;28
Balears (Illes);CONTRA EL HONOR;2022;29
Balears (Illes);CONTRA EL HONOR;2021;26
Balears (Illes);CONTRA EL HONOR;2020;34
Balears (Illes);CONTRA EL HONOR;2019;43
Balears (Illes);CONTRA EL HONOR;2018;35
Balears (Illes);CONTRA EL HONOR;2017;17
Balears (Illes);CONTRA EL HONOR;2016;34
Balears (Illes);CONTRA EL HONOR;2015;50
Balears (Illes);CONTRA EL HONOR;2014;68
Balears (Illes);CONTRA EL HONOR;2013;47
Balears (Illes);CONTRA EL HONOR;2012;34
Balears (Illes);CONTRA EL HONOR;2011;36
Balears (Illes);CONTRA LA PROPIEDAD INDUSTRIAL/INTELECTUAL;2024;1
Balears (Illes);CONTRA LA PROPIEDAD INDUSTRIAL/INTELECTUAL;2023;4
Balears (Illes);CONTRA LA PROPIEDAD INDUSTRIAL/INTELECTUAL;2022;1
Balears (Illes);CONTRA LA PROPIEDAD INDUSTRIAL/INTELECTUAL;2021;2
Balears (Illes);CONTRA LA PROPIEDAD INDUSTRIAL/INTELECTUAL;2020;5
Balears (Illes);CONTRA LA PROPIEDAD INDUSTRIAL/INTELECTUAL;2019;3
Balears (Illes);CONTRA LA PROPIEDAD INDUSTRIAL/INTELECTUAL;2018;7
Balears (Illes);CONTRA LA PROPIEDAD INDUSTRIAL/INTELECTUAL;2017;1
Balears (Illes);CONTRA LA PROPIEDAD INDUSTRIAL/INTELECTUAL;2016;13
Balears (Illes);CONTRA LA PROPIEDAD INDUSTRIAL/INTELECTUAL;2015;9
Balears (Illes);CONTRA LA PROPIEDAD INDUSTRIAL/INTELECTUAL;2014;4
Balears (Illes);CONTRA LA PROPIEDAD INDUSTRIAL/INTELECTUAL;2013;5
Balears (Illes);CONTRA LA PROPIEDAD INDUSTRIAL/INTELECTUAL;2012;2
Balears (Illes);CONTRA LA PROPIEDAD INDUSTRIAL/INTELECTUAL;2011;6
Balears (Illes);DELITOS SEXUALES;2024;57
Balears (Illes);DELITOS SEXUALES;2023;60
Balears (Illes);DELITOS SEXUALES;2022;60
Balears (Illes);DELITOS SEXUALES;2021;63
Balears (Illes);DELITOS SEXUALES;2020;52
Balears (Illes);DELITOS SEXUALES;2019;43
Balears (Illes);DELITOS SEXUALES;2018;53
Balears (Illes);DELITOS SEXUALES;2017;61
Balears (Illes);DELITOS SEXUALES;2016;70
Balears (Illes);DELITOS SEXUALES;2015;36
Balears (Illes);DELITOS SEXUALES;2014;50
Balears (Illes);DELITOS SEXUALES;2013;44
Balears (Illes);DELITOS SEXUALES;2012;36
Balears (Illes);DELITOS SEXUALES;2011;34
Balears (Illes);FALSIFICACIÓN INFORMÁTICA;2024;433
Balears (Illes);FALSIFICACIÓN INFORMÁTICA;2023;258
Balears (Illes);FALSIFICACIÓN INFORMÁTICA;2022;313
Balears (Illes);FALSIFICACIÓN INFORMÁTICA;2021;295
Balears (Illes);FALSIFICACIÓN INFORMÁTICA;2020;169
Balears (Illes);FALSIFICACIÓN INFORMÁTICA;2019;108
Balears (Illes);FALSIFICACIÓN INFORMÁTICA;2018;90
Balears (Illes);FALSIFICACIÓN INFORMÁTICA;2017;80
Balears (Illes);FALSIFICACIÓN INFORMÁTICA;2016;76
Balears (Illes);FALSIFICACIÓN INFORMÁTICA;2015;80
Balears (Illes);FALSIFICACIÓN INFORMÁTICA;2014;61
Balears (Illes);FALSIFICACIÓN INFORMÁTICA;2013;63
Balears (Illes);FALSIFICACIÓN INFORMÁTICA;2012;45
Balears (Illes);FALSIFICACIÓN INFORMÁTICA;2011;45
Balears (Illes);FRAUDE INFORMÁTICO;2024;11.491
Balears (Illes);FRAUDE INFORMÁTICO;2023;10.299
Balears (Illes);FRAUDE INFORMÁTICO;2022;7.452
Balears (Illes);FRAUDE INFORMÁTICO;2021;7.005
Balears (Illes);FRAUDE INFORMÁTICO;2020;10.879
Balears (Illes);FRAUDE INFORMÁTICO;2019;7.702
Balears (Illes);FRAUDE INFORMÁTICO;2018;5.491
Balears (Illes);FRAUDE INFORMÁTICO;2017;3.156
Balears (Illes);FRAUDE INFORMÁTICO;2016;2.113
Balears (Illes);FRAUDE INFORMÁTICO;2015;2.264
Balears (Illes);FRAUDE INFORMÁTICO;2014;1.304
Balears (Illes);FRAUDE INFORMÁTICO;2013;1.049
Balears (Illes);FRAUDE INFORMÁTICO;2012;956
Balears (Illes);FRAUDE INFORMÁTICO;2011;749
Balears (Illes);INTERFERENCIA EN LOS DATOS Y EN EL SISTEMA;2024;41
Balears (Illes);INTERFERENCIA EN LOS DATOS Y EN EL SISTEMA;2023;48
Balears (Illes);INTERFERENCIA EN LOS DATOS Y EN EL SISTEMA;2022;39
Balears (Illes);INTERFERENCIA EN LOS DATOS Y EN EL SISTEMA;2021;65
Balears (Illes);INTERFERENCIA EN LOS DATOS Y EN EL SISTEMA;2020;40
Balears (Illes);INTERFERENCIA EN LOS DATOS Y EN EL SISTEMA;2019;33
Balears (Illes);INTERFERENCIA EN LOS DATOS Y EN EL SISTEMA;2018;39
Balears (Illes);INTERFERENCIA EN LOS DATOS Y EN EL SISTEMA;2017;30
Balears (Illes);INTERFERENCIA EN LOS DATOS Y EN EL SISTEMA;2016;36
Balears (Illes);INTERFERENCIA EN LOS DATOS Y EN EL SISTEMA;2015;26
Balears (Illes);INTERFERENCIA EN LOS DATOS Y EN EL SISTEMA;2014;15
Balears (Illes);INTERFERENCIA EN LOS DATOS Y EN EL SISTEMA;2013;10
Balears (Illes);INTERFERENCIA EN LOS DATOS Y EN EL SISTEMA;2012;14
Balears (Illes);INTERFERENCIA EN LOS DATOS Y EN EL SISTEMA;2011;3
Balears (Illes);TOTAL grupo penal;2024;12.953
Balears (Illes);TOTAL grupo penal;2023;11.485
Balears (Illes);TOTAL grupo penal;2022;8.701
Balears (Illes);TOTAL grupo penal;2021;8.294
Balears (Illes);TOTAL grupo penal;2020;11.800
Balears (Illes);TOTAL grupo penal;2019;8.508
Balears (Illes);TOTAL grupo penal;2018;6.277
Balears (Illes);TOTAL grupo penal;2017;3.876
Balears (Illes);TOTAL grupo penal;2016;2.892
Balears (Illes);TOTAL grupo penal;2015;3.025
Balears (Illes);TOTAL grupo penal;2014;1.943
Balears (Illes);TOTAL grupo penal;2013;1.608
Balears (Illes);TOTAL grupo penal;2012;1.420
Balears (Illes);TOTAL grupo penal;2011;1.274
Barcelona;ACCESO  E INTERCEPTACIÓN ILÍCITA;2024;567
Barcelona;ACCESO  E INTERCEPTACIÓN ILÍCITA;2023;541
Barcelona;ACCESO  E INTERCEPTACIÓN ILÍCITA;2022;513
Barcelona;ACCESO  E INTERCEPTACIÓN ILÍCITA;2021;596
Barcelona;ACCESO  E INTERCEPTACIÓN ILÍCITA;2020;466
Barcelona;ACCESO  E INTERCEPTACIÓN ILÍCITA;2019;355
Barcelona;ACCESO  E INTERCEPTACIÓN ILÍCITA;2018;319
Barcelona;ACCESO  E INTERCEPTACIÓN ILÍCITA;2017;357
Barcelona;ACCESO  E INTERCEPTACIÓN ILÍCITA;2016;360
Barcelona;ACCESO  E INTERCEPTACIÓN ILÍCITA;2015;268
Barcelona;ACCESO  E INTERCEPTACIÓN ILÍCITA;2014;15
Barcelona;ACCESO  E INTERCEPTACIÓN ILÍCITA;2013;8
Barcelona;ACCESO  E INTERCEPTACIÓN ILÍCITA;2012;16
Barcelona;ACCESO  E INTERCEPTACIÓN ILÍCITA;2011;9
Barcelona;AMENAZAS Y COACCIONES;2024;636
Barcelona;AMENAZAS Y COACCIONES;2023;476
Barcelona;AMENAZAS Y COACCIONES;2022;495
Barcelona;AMENAZAS Y COACCIONES;2021;583
Barcelona;AMENAZAS Y COACCIONES;2020;417
Barcelona;AMENAZAS Y COACCIONES;2019;343
Barcelona;AMENAZAS Y COACCIONES;2018;370
Barcelona;AMENAZAS Y COACCIONES;2017;238
Barcelona;AMENAZAS Y COACCIONES;2016;233
Barcelona;AMENAZAS Y COACCIONES;2015;204
Barcelona;AMENAZAS Y COACCIONES;2014;27
Barcelona;AMENAZAS Y COACCIONES;2013;22
Barcelona;AMENAZAS Y COACCIONES;2012;23
Barcelona;AMENAZAS Y COACCIONES;2011;16
Barcelona;CONTRA EL HONOR;2024;14
Barcelona;CONTRA EL HONOR;2023;8
Barcelona;CONTRA EL HONOR;2022;9
Barcelona;CONTRA EL HONOR;2021;26
Barcelona;CONTRA EL HONOR;2020;17
Barcelona;CONTRA EL HONOR;2019;13
Barcelona;CONTRA EL HONOR;2018;22
Barcelona;CONTRA EL HONOR;2017;20
Barcelona;CONTRA EL HONOR;2016;17
Barcelona;CONTRA EL HONOR;2015;53
Barcelona;CONTRA EL HONOR;2014;8
Barcelona;CONTRA EL HONOR;2013;11
Barcelona;CONTRA EL HONOR;2012;13
Barcelona;CONTRA EL HONOR;2011;10
Barcelona;CONTRA LA PROPIEDAD INDUSTRIAL/INTELECTUAL;2024;22
Barcelona;CONTRA LA PROPIEDAD INDUSTRIAL/INTELECTUAL;2023;7
Barcelona;CONTRA LA PROPIEDAD INDUSTRIAL/INTELECTUAL;2022;9
Barcelona;CONTRA LA PROPIEDAD INDUSTRIAL/INTELECTUAL;2021;10
Barcelona;CONTRA LA PROPIEDAD INDUSTRIAL/INTELECTUAL;2020;5
Barcelona;CONTRA LA PROPIEDAD INDUSTRIAL/INTELECTUAL;2019;12
Barcelona;CONTRA LA PROPIEDAD INDUSTRIAL/INTELECTUAL;2018;29
Barcelona;CONTRA LA PROPIEDAD INDUSTRIAL/INTELECTUAL;2017;20
Barcelona;CONTRA LA PROPIEDAD INDUSTRIAL/INTELECTUAL;2016;20
Barcelona;CONTRA LA PROPIEDAD INDUSTRIAL/INTELECTUAL;2015;30
Barcelona;CONTRA LA PROPIEDAD INDUSTRIAL/INTELECTUAL;2014;56
Barcelona;CONTRA LA PROPIEDAD INDUSTRIAL/INTELECTUAL;2013;31
Barcelona;CONTRA LA PROPIEDAD INDUSTRIAL/INTELECTUAL;2012;16
Barcelona;CONTRA LA PROPIEDAD INDUSTRIAL/INTELECTUAL;2011;22
Barcelona;DELITOS SEXUALES;2024;142
Barcelona;DELITOS SEXUALES;2023;108
Barcelona;DELITOS SEXUALES;2022;143
Barcelona;DELITOS SEXUALES;2021;125
Barcelona;DELITOS SEXUALES;2020;133
Barcelona;DELITOS SEXUALES;2019;173
Barcelona;DELITOS SEXUALES;2018;170
Barcelona;DELITOS SEXUALES;2017;90
Barcelona;DELITOS SEXUALES;2016;95
Barcelona;DELITOS SEXUALES;2015;133
Barcelona;DELITOS SEXUALES;2014;73
Barcelona;DELITOS SEXUALES;2013;36
Barcelona;DELITOS SEXUALES;2012;61
Barcelona;DELITOS SEXUALES;2011;62
Barcelona;FALSIFICACIÓN INFORMÁTICA;2024;1.195
Barcelona;FALSIFICACIÓN INFORMÁTICA;2023;254
Barcelona;FALSIFICACIÓN INFORMÁTICA;2022;252
Barcelona;FALSIFICACIÓN INFORMÁTICA;2021;213
Barcelona;FALSIFICACIÓN INFORMÁTICA;2020;141
Barcelona;FALSIFICACIÓN INFORMÁTICA;2019;84
Barcelona;FALSIFICACIÓN INFORMÁTICA;2018;64
Barcelona;FALSIFICACIÓN INFORMÁTICA;2017;67
Barcelona;FALSIFICACIÓN INFORMÁTICA;2016;73
Barcelona;FALSIFICACIÓN INFORMÁTICA;2015;62
Barcelona;FALSIFICACIÓN INFORMÁTICA;2014;31
Barcelona;FALSIFICACIÓN INFORMÁTICA;2013;38
Barcelona;FALSIFICACIÓN INFORMÁTICA;2012;31
Barcelona;FALSIFICACIÓN INFORMÁTICA;2011;31
Barcelona;FRAUDE INFORMÁTICO;2024;53.332
Barcelona;FRAUDE INFORMÁTICO;2023;53.494
Barcelona;FRAUDE INFORMÁTICO;2022;45.021
Barcelona;FRAUDE INFORMÁTICO;2021;34.349
Barcelona;FRAUDE INFORMÁTICO;2020;34.413
Barcelona;FRAUDE INFORMÁTICO;2019;29.508
Barcelona;FRAUDE INFORMÁTICO;2018;26.670
Barcelona;FRAUDE INFORMÁTICO;2017;19.204
Barcelona;FRAUDE INFORMÁTICO;2016;13.071
Barcelona;FRAUDE INFORMÁTICO;2015;11.206
Barcelona;FRAUDE INFORMÁTICO;2014;440
Barcelona;FRAUDE INFORMÁTICO;2013;432
Barcelona;FRAUDE INFORMÁTICO;2012;413
Barcelona;FRAUDE INFORMÁTICO;2011;356
Barcelona;INTERFERENCIA EN LOS DATOS Y EN EL SISTEMA;2024;57
Barcelona;INTERFERENCIA EN LOS DATOS Y EN EL SISTEMA;2023;71
Barcelona;INTERFERENCIA EN LOS DATOS Y EN EL SISTEMA;2022;71
Barcelona;INTERFERENCIA EN LOS DATOS Y EN EL SISTEMA;2021;106
Barcelona;INTERFERENCIA EN LOS DATOS Y EN EL SISTEMA;2020;116
Barcelona;INTERFERENCIA EN LOS DATOS Y EN EL SISTEMA;2019;107
Barcelona;INTERFERENCIA EN LOS DATOS Y EN EL SISTEMA;2018;83
Barcelona;INTERFERENCIA EN LOS DATOS Y EN EL SISTEMA;2017;91
Barcelona;INTERFERENCIA EN LOS DATOS Y EN EL SISTEMA;2016;109
Barcelona;INTERFERENCIA EN LOS DATOS Y EN EL SISTEMA;2015;125
Barcelona;INTERFERENCIA EN LOS DATOS Y EN EL SISTEMA;2014;2
Barcelona;INTERFERENCIA EN LOS DATOS Y EN EL SISTEMA;2013;7
Barcelona;INTERFERENCIA EN LOS DATOS Y EN EL SISTEMA;2012;6
Barcelona;INTERFERENCIA EN LOS DATOS Y EN EL SISTEMA;2011;1
Barcelona;TOTAL grupo penal;2024;55.965
Barcelona;TOTAL grupo penal;2023;54.959
Barcelona;TOTAL grupo penal;2022;46.513
Barcelona;TOTAL grupo penal;2021;36.008
Barcelona;TOTAL grupo penal;2020;35.708
Barcelona;TOTAL grupo penal;2019;30.595
Barcelona;TOTAL grupo penal;2018;27.727
Barcelona;TOTAL grupo penal;2017;20.087
Barcelona;TOTAL grupo penal;2016;13.978
Barcelona;TOTAL grupo penal;2015;12.081
Barcelona;TOTAL grupo penal;2014;652
Barcelona;TOTAL grupo penal;2013;585
Barcelona;TOTAL grupo penal;2012;579
Barcelona;TOTAL grupo penal;2011;507
Burgos;ACCESO  E INTERCEPTACIÓN ILÍCITA;2024;62
Burgos;ACCESO  E INTERCEPTACIÓN ILÍCITA;2023;38
Burgos;ACCESO  E INTERCEPTACIÓN ILÍCITA;2022;34
Burgos;ACCESO  E INTERCEPTACIÓN ILÍCITA;2021;20
Burgos;ACCESO  E INTERCEPTACIÓN ILÍCITA;2020;28
Burgos;ACCESO  E INTERCEPTACIÓN ILÍCITA;2019;22
Burgos;ACCESO  E INTERCEPTACIÓN ILÍCITA;2018;20
Burgos;ACCESO  E INTERCEPTACIÓN ILÍCITA;2017;10
Burgos;ACCESO  E INTERCEPTACIÓN ILÍCITA;2016;15
Burgos;ACCESO  E INTERCEPTACIÓN ILÍCITA;2015;10
Burgos;ACCESO  E INTERCEPTACIÓN ILÍCITA;2014;7
Burgos;ACCESO  E INTERCEPTACIÓN ILÍCITA;2013;12
Burgos;ACCESO  E INTERCEPTACIÓN ILÍCITA;2012;6
Burgos;ACCESO  E INTERCEPTACIÓN ILÍCITA;2011;2
Burgos;AMENAZAS Y COACCIONES;2024;134
Burgos;AMENAZAS Y COACCIONES;2023;128
Burgos;AMENAZAS Y COACCIONES;2022;139
Burgos;AMENAZAS Y COACCIONES;2021;160
Burgos;AMENAZAS Y COACCIONES;2020;112
Burgos;AMENAZAS Y COACCIONES;2019;104
Burgos;AMENAZAS Y COACCIONES;2018;113
Burgos;AMENAZAS Y COACCIONES;2017;105
Burgos;AMENAZAS Y COACCIONES;2016;84
Burgos;AMENAZAS Y COACCIONES;2015;64
Burgos;AMENAZAS Y COACCIONES;2014;55
Burgos;AMENAZAS Y COACCIONES;2013;68
Burgos;AMENAZAS Y COACCIONES;2012;83
Burgos;AMENAZAS Y COACCIONES;2011;77
Burgos;CONTRA EL HONOR;2024;3
Burgos;CONTRA EL HONOR;2023;4
Burgos;CONTRA EL HONOR;2022;6
Burgos;CONTRA EL HONOR;2021;7
Burgos;CONTRA EL HONOR;2020;10
Burgos;CONTRA EL HONOR;2019;15
Burgos;CONTRA EL HONOR;2018;16
Burgos;CONTRA EL HONOR;2017;12
Burgos;CONTRA EL HONOR;2016;18
Burgos;CONTRA EL HONOR;2015;14
Burgos;CONTRA EL HONOR;2014;15
Burgos;CONTRA EL HONOR;2013;22
Burgos;CONTRA EL HONOR;2012;15
Burgos;CONTRA EL HONOR;2011;19
Burgos;CONTRA LA PROPIEDAD INDUSTRIAL/INTELECTUAL;2024;0
Burgos;CONTRA LA PROPIEDAD INDUSTRIAL/INTELECTUAL;2023;1
Burgos;CONTRA LA PROPIEDAD INDUSTRIAL/INTELECTUAL;2022;0
Burgos;CONTRA LA PROPIEDAD INDUSTRIAL/INTELECTUAL;2021;1
Burgos;CONTRA LA PROPIEDAD INDUSTRIAL/INTELECTUAL;2020;4
Burgos;CONTRA LA PROPIEDAD INDUSTRIAL/INTELECTUAL;2019;0
Burgos;CONTRA LA PROPIEDAD INDUSTRIAL/INTELECTUAL;2018;10
Burgos;CONTRA LA PROPIEDAD INDUSTRIAL/INTELECTUAL;2017;1
Burgos;CONTRA LA PROPIEDAD INDUSTRIAL/INTELECTUAL;2016;1
Burgos;CONTRA LA PROPIEDAD INDUSTRIAL/INTELECTUAL;2015;4
Burgos;CONTRA LA PROPIEDAD INDUSTRIAL/INTELECTUAL;2014;0
Burgos;CONTRA LA PROPIEDAD INDUSTRIAL/INTELECTUAL;2013;0
Burgos;CONTRA LA PROPIEDAD INDUSTRIAL/INTELECTUAL;2012;0
Burgos;CONTRA LA PROPIEDAD INDUSTRIAL/INTELECTUAL;2011;0
Burgos;DELITOS SEXUALES;2024;12
Burgos;DELITOS SEXUALES;2023;7
Burgos;DELITOS SEXUALES;2022;7
Burgos;DELITOS SEXUALES;2021;9
Burgos;DELITOS SEXUALES;2020;10
Burgos;DELITOS SEXUALES;2019;7
Burgos;DELITOS SEXUALES;2018;12
Burgos;DELITOS SEXUALES;2017;9
Burgos;DELITOS SEXUALES;2016;11
Burgos;DELITOS SEXUALES;2015;6
Burgos;DELITOS SEXUALES;2014;4
Burgos;DELITOS SEXUALES;2013;5
Burgos;DELITOS SEXUALES;2012;10
Burgos;DELITOS SEXUALES;2011;2
Burgos;FALSIFICACIÓN INFORMÁTICA;2024;129
Burgos;FALSIFICACIÓN INFORMÁTICA;2023;156
Burgos;FALSIFICACIÓN INFORMÁTICA;2022;115
Burgos;FALSIFICACIÓN INFORMÁTICA;2021;88
Burgos;FALSIFICACIÓN INFORMÁTICA;2020;51
Burgos;FALSIFICACIÓN INFORMÁTICA;2019;22
Burgos;FALSIFICACIÓN INFORMÁTICA;2018;33
Burgos;FALSIFICACIÓN INFORMÁTICA;2017;27
Burgos;FALSIFICACIÓN INFORMÁTICA;2016;14
Burgos;FALSIFICACIÓN INFORMÁTICA;2015;9
Burgos;FALSIFICACIÓN INFORMÁTICA;2014;6
Burgos;FALSIFICACIÓN INFORMÁTICA;2013;6
Burgos;FALSIFICACIÓN INFORMÁTICA;2012;6
Burgos;FALSIFICACIÓN INFORMÁTICA;2011;4
Burgos;FRAUDE INFORMÁTICO;2024;3.000
Burgos;FRAUDE INFORMÁTICO;2023;3.205
Burgos;FRAUDE INFORMÁTICO;2022;2.505
Burgos;FRAUDE INFORMÁTICO;2021;2.082
Burgos;FRAUDE INFORMÁTICO;2020;2.117
Burgos;FRAUDE INFORMÁTICO;2019;1.380
Burgos;FRAUDE INFORMÁTICO;2018;727
Burgos;FRAUDE INFORMÁTICO;2017;397
Burgos;FRAUDE INFORMÁTICO;2016;212
Burgos;FRAUDE INFORMÁTICO;2015;181
Burgos;FRAUDE INFORMÁTICO;2014;156
Burgos;FRAUDE INFORMÁTICO;2013;159
Burgos;FRAUDE INFORMÁTICO;2012;137
Burgos;FRAUDE INFORMÁTICO;2011;105
Burgos;INTERFERENCIA EN LOS DATOS Y EN EL SISTEMA;2024;15
Burgos;INTERFERENCIA EN LOS DATOS Y EN EL SISTEMA;2023;21
Burgos;INTERFERENCIA EN LOS DATOS Y EN EL SISTEMA;2022;16
Burgos;INTERFERENCIA EN LOS DATOS Y EN EL SISTEMA;2021;41
Burgos;INTERFERENCIA EN LOS DATOS Y EN EL SISTEMA;2020;13
Burgos;INTERFERENCIA EN LOS DATOS Y EN EL SISTEMA;2019;9
Burgos;INTERFERENCIA EN LOS DATOS Y EN EL SISTEMA;2018;12
Burgos;INTERFERENCIA EN LOS DATOS Y EN EL SISTEMA;2017;8
Burgos;INTERFERENCIA EN LOS DATOS Y EN EL SISTEMA;2016;19
Burgos;INTERFERENCIA EN LOS DATOS Y EN EL SISTEMA;2015;4
Burgos;INTERFERENCIA EN LOS DATOS Y EN EL SISTEMA;2014;2
Burgos;INTERFERENCIA EN LOS DATOS Y EN EL SISTEMA;2013;0
Burgos;INTERFERENCIA EN LOS DATOS Y EN EL SISTEMA;2012;0
Burgos;INTERFERENCIA EN LOS DATOS Y EN EL SISTEMA;2011;1
Burgos;TOTAL grupo penal;2024;3.355
Burgos;TOTAL grupo penal;2023;3.560
Burgos;TOTAL grupo penal;2022;2.822
Burgos;TOTAL grupo penal;2021;2.408
Burgos;TOTAL grupo penal;2020;2.345
Burgos;TOTAL grupo penal;2019;1.559
Burgos;TOTAL grupo penal;2018;943
Burgos;TOTAL grupo penal;2017;569
Burgos;TOTAL grupo penal;2016;374
Burgos;TOTAL grupo penal;2015;292
Burgos;TOTAL grupo penal;2014;245
Burgos;TOTAL grupo penal;2013;272
Burgos;TOTAL grupo penal;2012;257
Burgos;TOTAL grupo penal;2011;210
Cáceres;ACCESO  E INTERCEPTACIÓN ILÍCITA;2024;83
Cáceres;ACCESO  E INTERCEPTACIÓN ILÍCITA;2023;41
Cáceres;ACCESO  E INTERCEPTACIÓN ILÍCITA;2022;41
Cáceres;ACCESO  E INTERCEPTACIÓN ILÍCITA;2021;18
Cáceres;ACCESO  E INTERCEPTACIÓN ILÍCITA;2020;23
Cáceres;ACCESO  E INTERCEPTACIÓN ILÍCITA;2019;11
Cáceres;ACCESO  E INTERCEPTACIÓN ILÍCITA;2018;9
Cáceres;ACCESO  E INTERCEPTACIÓN ILÍCITA;2017;8
Cáceres;ACCESO  E INTERCEPTACIÓN ILÍCITA;2016;6
Cáceres;ACCESO  E INTERCEPTACIÓN ILÍCITA;2015;16
Cáceres;ACCESO  E INTERCEPTACIÓN ILÍCITA;2014;6
Cáceres;ACCESO  E INTERCEPTACIÓN ILÍCITA;2013;9
Cáceres;ACCESO  E INTERCEPTACIÓN ILÍCITA;2012;11
Cáceres;ACCESO  E INTERCEPTACIÓN ILÍCITA;2011;11
Cáceres;AMENAZAS Y COACCIONES;2024;158
Cáceres;AMENAZAS Y COACCIONES;2023;132
Cáceres;AMENAZAS Y COACCIONES;2022;111
Cáceres;AMENAZAS Y COACCIONES;2021;123
Cáceres;AMENAZAS Y COACCIONES;2020;89
Cáceres;AMENAZAS Y COACCIONES;2019;76
Cáceres;AMENAZAS Y COACCIONES;2018;60
Cáceres;AMENAZAS Y COACCIONES;2017;65
Cáceres;AMENAZAS Y COACCIONES;2016;69
Cáceres;AMENAZAS Y COACCIONES;2015;53
Cáceres;AMENAZAS Y COACCIONES;2014;39
Cáceres;AMENAZAS Y COACCIONES;2013;52
Cáceres;AMENAZAS Y COACCIONES;2012;43
Cáceres;AMENAZAS Y COACCIONES;2011;46
Cáceres;CONTRA EL HONOR;2024;30
Cáceres;CONTRA EL HONOR;2023;13
Cáceres;CONTRA EL HONOR;2022;24
Cáceres;CONTRA EL HONOR;2021;19
Cáceres;CONTRA EL HONOR;2020;17
Cáceres;CONTRA EL HONOR;2019;22
Cáceres;CONTRA EL HONOR;2018;19
Cáceres;CONTRA EL HONOR;2017;18
Cáceres;CONTRA EL HONOR;2016;11
Cáceres;CONTRA EL HONOR;2015;16
Cáceres;CONTRA EL HONOR;2014;22
Cáceres;CONTRA EL HONOR;2013;11
Cáceres;CONTRA EL HONOR;2012;18
Cáceres;CONTRA EL HONOR;2011;21
Cáceres;CONTRA LA PROPIEDAD INDUSTRIAL/INTELECTUAL;2024;1
Cáceres;CONTRA LA PROPIEDAD INDUSTRIAL/INTELECTUAL;2023;0
Cáceres;CONTRA LA PROPIEDAD INDUSTRIAL/INTELECTUAL;2022;0
Cáceres;CONTRA LA PROPIEDAD INDUSTRIAL/INTELECTUAL;2021;3
Cáceres;CONTRA LA PROPIEDAD INDUSTRIAL/INTELECTUAL;2020;0
Cáceres;CONTRA LA PROPIEDAD INDUSTRIAL/INTELECTUAL;2019;0
Cáceres;CONTRA LA PROPIEDAD INDUSTRIAL/INTELECTUAL;2018;12
Cáceres;CONTRA LA PROPIEDAD INDUSTRIAL/INTELECTUAL;2017;1
Cáceres;CONTRA LA PROPIEDAD INDUSTRIAL/INTELECTUAL;2016;0
Cáceres;CONTRA LA PROPIEDAD INDUSTRIAL/INTELECTUAL;2015;1
Cáceres;CONTRA LA PROPIEDAD INDUSTRIAL/INTELECTUAL;2014;1
Cáceres;CONTRA LA PROPIEDAD INDUSTRIAL/INTELECTUAL;2013;2
Cáceres;CONTRA LA PROPIEDAD INDUSTRIAL/INTELECTUAL;2012;2
Cáceres;CONTRA LA PROPIEDAD INDUSTRIAL/INTELECTUAL;2011;3
Cáceres;DELITOS SEXUALES;2024;10
Cáceres;DELITOS SEXUALES;2023;18
Cáceres;DELITOS SEXUALES;2022;14
Cáceres;DELITOS SEXUALES;2021;9
Cáceres;DELITOS SEXUALES;2020;7
Cáceres;DELITOS SEXUALES;2019;12
Cáceres;DELITOS SEXUALES;2018;11
Cáceres;DELITOS SEXUALES;2017;9
Cáceres;DELITOS SEXUALES;2016;8
Cáceres;DELITOS SEXUALES;2015;12
Cáceres;DELITOS SEXUALES;2014;16
Cáceres;DELITOS SEXUALES;2013;7
Cáceres;DELITOS SEXUALES;2012;3
Cáceres;DELITOS SEXUALES;2011;3
Cáceres;FALSIFICACIÓN INFORMÁTICA;2024;427
Cáceres;FALSIFICACIÓN INFORMÁTICA;2023;272
Cáceres;FALSIFICACIÓN INFORMÁTICA;2022;92
Cáceres;FALSIFICACIÓN INFORMÁTICA;2021;69
Cáceres;FALSIFICACIÓN INFORMÁTICA;2020;53
Cáceres;FALSIFICACIÓN INFORMÁTICA;2019;30
Cáceres;FALSIFICACIÓN INFORMÁTICA;2018;36
Cáceres;FALSIFICACIÓN INFORMÁTICA;2017;22
Cáceres;FALSIFICACIÓN INFORMÁTICA;2016;19
Cáceres;FALSIFICACIÓN INFORMÁTICA;2015;15
Cáceres;FALSIFICACIÓN INFORMÁTICA;2014;14
Cáceres;FALSIFICACIÓN INFORMÁTICA;2013;10
Cáceres;FALSIFICACIÓN INFORMÁTICA;2012;6
Cáceres;FALSIFICACIÓN INFORMÁTICA;2011;11
Cáceres;FRAUDE INFORMÁTICO;2024;2.381
Cáceres;FRAUDE INFORMÁTICO;2023;2.640
Cáceres;FRAUDE INFORMÁTICO;2022;2.154
Cáceres;FRAUDE INFORMÁTICO;2021;1.266
Cáceres;FRAUDE INFORMÁTICO;2020;1.232
Cáceres;FRAUDE INFORMÁTICO;2019;901
Cáceres;FRAUDE INFORMÁTICO;2018;665
Cáceres;FRAUDE INFORMÁTICO;2017;216
Cáceres;FRAUDE INFORMÁTICO;2016;227
Cáceres;FRAUDE INFORMÁTICO;2015;210
Cáceres;FRAUDE INFORMÁTICO;2014;174
Cáceres;FRAUDE INFORMÁTICO;2013;81
Cáceres;FRAUDE INFORMÁTICO;2012;113
Cáceres;FRAUDE INFORMÁTICO;2011;83
Cáceres;INTERFERENCIA EN LOS DATOS Y EN EL SISTEMA;2024;3
Cáceres;INTERFERENCIA EN LOS DATOS Y EN EL SISTEMA;2023;20
Cáceres;INTERFERENCIA EN LOS DATOS Y EN EL SISTEMA;2022;5
Cáceres;INTERFERENCIA EN LOS DATOS Y EN EL SISTEMA;2021;18
Cáceres;INTERFERENCIA EN LOS DATOS Y EN EL SISTEMA;2020;16
Cáceres;INTERFERENCIA EN LOS DATOS Y EN EL SISTEMA;2019;6
Cáceres;INTERFERENCIA EN LOS DATOS Y EN EL SISTEMA;2018;5
Cáceres;INTERFERENCIA EN LOS DATOS Y EN EL SISTEMA;2017;3
Cáceres;INTERFERENCIA EN LOS DATOS Y EN EL SISTEMA;2016;2
Cáceres;INTERFERENCIA EN LOS DATOS Y EN EL SISTEMA;2015;4
Cáceres;INTERFERENCIA EN LOS DATOS Y EN EL SISTEMA;2014;3
Cáceres;INTERFERENCIA EN LOS DATOS Y EN EL SISTEMA;2013;1
Cáceres;INTERFERENCIA EN LOS DATOS Y EN EL SISTEMA;2012;1
Cáceres;INTERFERENCIA EN LOS DATOS Y EN EL SISTEMA;2011;1
Cáceres;TOTAL grupo penal;2024;3.093
Cáceres;TOTAL grupo penal;2023;3.136
Cáceres;TOTAL grupo penal;2022;2.441
Cáceres;TOTAL grupo penal;2021;1.525
Cáceres;TOTAL grupo penal;2020;1.437
Cáceres;TOTAL grupo penal;2019;1.058
Cáceres;TOTAL grupo penal;2018;817
Cáceres;TOTAL grupo penal;2017;342
Cáceres;TOTAL grupo penal;2016;342
Cáceres;TOTAL grupo penal;2015;327
Cáceres;TOTAL grupo penal;2014;275
Cáceres;TOTAL grupo penal;2013;173
Cáceres;TOTAL grupo penal;2012;197
Cáceres;TOTAL grupo penal;2011;179
Cádiz;ACCESO  E INTERCEPTACIÓN ILÍCITA;2024;368
Cádiz;ACCESO  E INTERCEPTACIÓN ILÍCITA;2023;251
Cádiz;ACCESO  E INTERCEPTACIÓN ILÍCITA;2022;169
Cádiz;ACCESO  E INTERCEPTACIÓN ILÍCITA;2021;114
Cádiz;ACCESO  E INTERCEPTACIÓN ILÍCITA;2020;139
Cádiz;ACCESO  E INTERCEPTACIÓN ILÍCITA;2019;135
Cádiz;ACCESO  E INTERCEPTACIÓN ILÍCITA;2018;136
Cádiz;ACCESO  E INTERCEPTACIÓN ILÍCITA;2017;111
Cádiz;ACCESO  E INTERCEPTACIÓN ILÍCITA;2016;97
Cádiz;ACCESO  E INTERCEPTACIÓN ILÍCITA;2015;85
Cádiz;ACCESO  E INTERCEPTACIÓN ILÍCITA;2014;58
Cádiz;ACCESO  E INTERCEPTACIÓN ILÍCITA;2013;65
Cádiz;ACCESO  E INTERCEPTACIÓN ILÍCITA;2012;58
Cádiz;ACCESO  E INTERCEPTACIÓN ILÍCITA;2011;92
Cádiz;AMENAZAS Y COACCIONES;2024;621
Cádiz;AMENAZAS Y COACCIONES;2023;545
Cádiz;AMENAZAS Y COACCIONES;2022;482
Cádiz;AMENAZAS Y COACCIONES;2021;554
Cádiz;AMENAZAS Y COACCIONES;2020;479
Cádiz;AMENAZAS Y COACCIONES;2019;484
Cádiz;AMENAZAS Y COACCIONES;2018;424
Cádiz;AMENAZAS Y COACCIONES;2017;475
Cádiz;AMENAZAS Y COACCIONES;2016;421
Cádiz;AMENAZAS Y COACCIONES;2015;388
Cádiz;AMENAZAS Y COACCIONES;2014;350
Cádiz;AMENAZAS Y COACCIONES;2013;343
Cádiz;AMENAZAS Y COACCIONES;2012;349
Cádiz;AMENAZAS Y COACCIONES;2011;371
Cádiz;CONTRA EL HONOR;2024;58
Cádiz;CONTRA EL HONOR;2023;55
Cádiz;CONTRA EL HONOR;2022;58
Cádiz;CONTRA EL HONOR;2021;59
Cádiz;CONTRA EL HONOR;2020;63
Cádiz;CONTRA EL HONOR;2019;72
Cádiz;CONTRA EL HONOR;2018;70
Cádiz;CONTRA EL HONOR;2017;98
Cádiz;CONTRA EL HONOR;2016;74
Cádiz;CONTRA EL HONOR;2015;96
Cádiz;CONTRA EL HONOR;2014;92
Cádiz;CONTRA EL HONOR;2013;94
Cádiz;CONTRA EL HONOR;2012;79
Cádiz;CONTRA EL HONOR;2011;84
Cádiz;CONTRA LA PROPIEDAD INDUSTRIAL/INTELECTUAL;2024;4
Cádiz;CONTRA LA PROPIEDAD INDUSTRIAL/INTELECTUAL;2023;2
Cádiz;CONTRA LA PROPIEDAD INDUSTRIAL/INTELECTUAL;2022;3
Cádiz;CONTRA LA PROPIEDAD INDUSTRIAL/INTELECTUAL;2021;1
Cádiz;CONTRA LA PROPIEDAD INDUSTRIAL/INTELECTUAL;2020;2
Cádiz;CONTRA LA PROPIEDAD INDUSTRIAL/INTELECTUAL;2019;1
Cádiz;CONTRA LA PROPIEDAD INDUSTRIAL/INTELECTUAL;2018;3
Cádiz;CONTRA LA PROPIEDAD INDUSTRIAL/INTELECTUAL;2017;4
Cádiz;CONTRA LA PROPIEDAD INDUSTRIAL/INTELECTUAL;2016;3
Cádiz;CONTRA LA PROPIEDAD INDUSTRIAL/INTELECTUAL;2015;4
Cádiz;CONTRA LA PROPIEDAD INDUSTRIAL/INTELECTUAL;2014;3
Cádiz;CONTRA LA PROPIEDAD INDUSTRIAL/INTELECTUAL;2013;1
Cádiz;CONTRA LA PROPIEDAD INDUSTRIAL/INTELECTUAL;2012;1
Cádiz;CONTRA LA PROPIEDAD INDUSTRIAL/INTELECTUAL;2011;3
Cádiz;DELITOS SEXUALES;2024;48
Cádiz;DELITOS SEXUALES;2023;71
Cádiz;DELITOS SEXUALES;2022;66
Cádiz;DELITOS SEXUALES;2021;65
Cádiz;DELITOS SEXUALES;2020;55
Cádiz;DELITOS SEXUALES;2019;50
Cádiz;DELITOS SEXUALES;2018;43
Cádiz;DELITOS SEXUALES;2017;46
Cádiz;DELITOS SEXUALES;2016;51
Cádiz;DELITOS SEXUALES;2015;46
Cádiz;DELITOS SEXUALES;2014;29
Cádiz;DELITOS SEXUALES;2013;19
Cádiz;DELITOS SEXUALES;2012;24
Cádiz;DELITOS SEXUALES;2011;21
Cádiz;FALSIFICACIÓN INFORMÁTICA;2024;678
Cádiz;FALSIFICACIÓN INFORMÁTICA;2023;531
Cádiz;FALSIFICACIÓN INFORMÁTICA;2022;509
Cádiz;FALSIFICACIÓN INFORMÁTICA;2021;365
Cádiz;FALSIFICACIÓN INFORMÁTICA;2020;258
Cádiz;FALSIFICACIÓN INFORMÁTICA;2019;153
Cádiz;FALSIFICACIÓN INFORMÁTICA;2018;130
Cádiz;FALSIFICACIÓN INFORMÁTICA;2017;158
Cádiz;FALSIFICACIÓN INFORMÁTICA;2016;97
Cádiz;FALSIFICACIÓN INFORMÁTICA;2015;101
Cádiz;FALSIFICACIÓN INFORMÁTICA;2014;95
Cádiz;FALSIFICACIÓN INFORMÁTICA;2013;74
Cádiz;FALSIFICACIÓN INFORMÁTICA;2012;65
Cádiz;FALSIFICACIÓN INFORMÁTICA;2011;60
Cádiz;FRAUDE INFORMÁTICO;2024;10.821
Cádiz;FRAUDE INFORMÁTICO;2023;11.370
Cádiz;FRAUDE INFORMÁTICO;2022;8.982
Cádiz;FRAUDE INFORMÁTICO;2021;6.074
Cádiz;FRAUDE INFORMÁTICO;2020;5.158
Cádiz;FRAUDE INFORMÁTICO;2019;3.426
Cádiz;FRAUDE INFORMÁTICO;2018;2.471
Cádiz;FRAUDE INFORMÁTICO;2017;1.423
Cádiz;FRAUDE INFORMÁTICO;2016;1.182
Cádiz;FRAUDE INFORMÁTICO;2015;946
Cádiz;FRAUDE INFORMÁTICO;2014;847
Cádiz;FRAUDE INFORMÁTICO;2013;648
Cádiz;FRAUDE INFORMÁTICO;2012;738
Cádiz;FRAUDE INFORMÁTICO;2011;581
Cádiz;INTERFERENCIA EN LOS DATOS Y EN EL SISTEMA;2024;40
Cádiz;INTERFERENCIA EN LOS DATOS Y EN EL SISTEMA;2023;46
Cádiz;INTERFERENCIA EN LOS DATOS Y EN EL SISTEMA;2022;37
Cádiz;INTERFERENCIA EN LOS DATOS Y EN EL SISTEMA;2021;51
Cádiz;INTERFERENCIA EN LOS DATOS Y EN EL SISTEMA;2020;49
Cádiz;INTERFERENCIA EN LOS DATOS Y EN EL SISTEMA;2019;22
Cádiz;INTERFERENCIA EN LOS DATOS Y EN EL SISTEMA;2018;13
Cádiz;INTERFERENCIA EN LOS DATOS Y EN EL SISTEMA;2017;21
Cádiz;INTERFERENCIA EN LOS DATOS Y EN EL SISTEMA;2016;14
Cádiz;INTERFERENCIA EN LOS DATOS Y EN EL SISTEMA;2015;15
Cádiz;INTERFERENCIA EN LOS DATOS Y EN EL SISTEMA;2014;1
Cádiz;INTERFERENCIA EN LOS DATOS Y EN EL SISTEMA;2013;6
Cádiz;INTERFERENCIA EN LOS DATOS Y EN EL SISTEMA;2012;9
Cádiz;INTERFERENCIA EN LOS DATOS Y EN EL SISTEMA;2011;6
Cádiz;TOTAL grupo penal;2024;12.638
Cádiz;TOTAL grupo penal;2023;12.871
Cádiz;TOTAL grupo penal;2022;10.306
Cádiz;TOTAL grupo penal;2021;7.283
Cádiz;TOTAL grupo penal;2020;6.203
Cádiz;TOTAL grupo penal;2019;4.343
Cádiz;TOTAL grupo penal;2018;3.290
Cádiz;TOTAL grupo penal;2017;2.336
Cádiz;TOTAL grupo penal;2016;1.939
Cádiz;TOTAL grupo penal;2015;1.681
Cádiz;TOTAL grupo penal;2014;1.475
Cádiz;TOTAL grupo penal;2013;1.250
Cádiz;TOTAL grupo penal;2012;1.323
Cádiz;TOTAL grupo penal;2011;1.218
Castellón/Castelló;ACCESO  E INTERCEPTACIÓN ILÍCITA;2024;117
Castellón/Castelló;ACCESO  E INTERCEPTACIÓN ILÍCITA;2023;69
Castellón/Castelló;ACCESO  E INTERCEPTACIÓN ILÍCITA;2022;51
Castellón/Castelló;ACCESO  E INTERCEPTACIÓN ILÍCITA;2021;32
Castellón/Castelló;ACCESO  E INTERCEPTACIÓN ILÍCITA;2020;29
Castellón/Castelló;ACCESO  E INTERCEPTACIÓN ILÍCITA;2019;21
Castellón/Castelló;ACCESO  E INTERCEPTACIÓN ILÍCITA;2018;26
Castellón/Castelló;ACCESO  E INTERCEPTACIÓN ILÍCITA;2017;18
Castellón/Castelló;ACCESO  E INTERCEPTACIÓN ILÍCITA;2016;20
Castellón/Castelló;ACCESO  E INTERCEPTACIÓN ILÍCITA;2015;28
Castellón/Castelló;ACCESO  E INTERCEPTACIÓN ILÍCITA;2014;23
Castellón/Castelló;ACCESO  E INTERCEPTACIÓN ILÍCITA;2013;20
Castellón/Castelló;ACCESO  E INTERCEPTACIÓN ILÍCITA;2012;20
Castellón/Castelló;ACCESO  E INTERCEPTACIÓN ILÍCITA;2011;18
Castellón/Castelló;AMENAZAS Y COACCIONES;2024;190
Castellón/Castelló;AMENAZAS Y COACCIONES;2023;162
Castellón/Castelló;AMENAZAS Y COACCIONES;2022;208
Castellón/Castelló;AMENAZAS Y COACCIONES;2021;242
Castellón/Castelló;AMENAZAS Y COACCIONES;2020;185
Castellón/Castelló;AMENAZAS Y COACCIONES;2019;198
Castellón/Castelló;AMENAZAS Y COACCIONES;2018;175
Castellón/Castelló;AMENAZAS Y COACCIONES;2017;138
Castellón/Castelló;AMENAZAS Y COACCIONES;2016;129
Castellón/Castelló;AMENAZAS Y COACCIONES;2015;126
Castellón/Castelló;AMENAZAS Y COACCIONES;2014;102
Castellón/Castelló;AMENAZAS Y COACCIONES;2013;128
Castellón/Castelló;AMENAZAS Y COACCIONES;2012;121
Castellón/Castelló;AMENAZAS Y COACCIONES;2011;115
Castellón/Castelló;CONTRA EL HONOR;2024;7
Castellón/Castelló;CONTRA EL HONOR;2023;14
Castellón/Castelló;CONTRA EL HONOR;2022;15
Castellón/Castelló;CONTRA EL HONOR;2021;21
Castellón/Castelló;CONTRA EL HONOR;2020;13
Castellón/Castelló;CONTRA EL HONOR;2019;19
Castellón/Castelló;CONTRA EL HONOR;2018;18
Castellón/Castelló;CONTRA EL HONOR;2017;32
Castellón/Castelló;CONTRA EL HONOR;2016;32
Castellón/Castelló;CONTRA EL HONOR;2015;37
Castellón/Castelló;CONTRA EL HONOR;2014;28
Castellón/Castelló;CONTRA EL HONOR;2013;22
Castellón/Castelló;CONTRA EL HONOR;2012;27
Castellón/Castelló;CONTRA EL HONOR;2011;26
Castellón/Castelló;CONTRA LA PROPIEDAD INDUSTRIAL/INTELECTUAL;2024;1
Castellón/Castelló;CONTRA LA PROPIEDAD INDUSTRIAL/INTELECTUAL;2023;0
Castellón/Castelló;CONTRA LA PROPIEDAD INDUSTRIAL/INTELECTUAL;2022;0
Castellón/Castelló;CONTRA LA PROPIEDAD INDUSTRIAL/INTELECTUAL;2021;1
Castellón/Castelló;CONTRA LA PROPIEDAD INDUSTRIAL/INTELECTUAL;2020;0
Castellón/Castelló;CONTRA LA PROPIEDAD INDUSTRIAL/INTELECTUAL;2019;6
Castellón/Castelló;CONTRA LA PROPIEDAD INDUSTRIAL/INTELECTUAL;2018;6
Castellón/Castelló;CONTRA LA PROPIEDAD INDUSTRIAL/INTELECTUAL;2017;5
Castellón/Castelló;CONTRA LA PROPIEDAD INDUSTRIAL/INTELECTUAL;2016;3
Castellón/Castelló;CONTRA LA PROPIEDAD INDUSTRIAL/INTELECTUAL;2015;2
Castellón/Castelló;CONTRA LA PROPIEDAD INDUSTRIAL/INTELECTUAL;2014;4
Castellón/Castelló;CONTRA LA PROPIEDAD INDUSTRIAL/INTELECTUAL;2013;1
Castellón/Castelló;CONTRA LA PROPIEDAD INDUSTRIAL/INTELECTUAL;2012;0
Castellón/Castelló;CONTRA LA PROPIEDAD INDUSTRIAL/INTELECTUAL;2011;2
Castellón/Castelló;DELITOS SEXUALES;2024;12
Castellón/Castelló;DELITOS SEXUALES;2023;25
Castellón/Castelló;DELITOS SEXUALES;2022;26
Castellón/Castelló;DELITOS SEXUALES;2021;37
Castellón/Castelló;DELITOS SEXUALES;2020;26
Castellón/Castelló;DELITOS SEXUALES;2019;15
Castellón/Castelló;DELITOS SEXUALES;2018;19
Castellón/Castelló;DELITOS SEXUALES;2017;18
Castellón/Castelló;DELITOS SEXUALES;2016;41
Castellón/Castelló;DELITOS SEXUALES;2015;14
Castellón/Castelló;DELITOS SEXUALES;2014;18
Castellón/Castelló;DELITOS SEXUALES;2013;11
Castellón/Castelló;DELITOS SEXUALES;2012;12
Castellón/Castelló;DELITOS SEXUALES;2011;10
Castellón/Castelló;FALSIFICACIÓN INFORMÁTICA;2024;212
Castellón/Castelló;FALSIFICACIÓN INFORMÁTICA;2023;121
Castellón/Castelló;FALSIFICACIÓN INFORMÁTICA;2022;127
Castellón/Castelló;FALSIFICACIÓN INFORMÁTICA;2021;128
Castellón/Castelló;FALSIFICACIÓN INFORMÁTICA;2020;114
Castellón/Castelló;FALSIFICACIÓN INFORMÁTICA;2019;47
Castellón/Castelló;FALSIFICACIÓN INFORMÁTICA;2018;48
Castellón/Castelló;FALSIFICACIÓN INFORMÁTICA;2017;65
Castellón/Castelló;FALSIFICACIÓN INFORMÁTICA;2016;47
Castellón/Castelló;FALSIFICACIÓN INFORMÁTICA;2015;25
Castellón/Castelló;FALSIFICACIÓN INFORMÁTICA;2014;22
Castellón/Castelló;FALSIFICACIÓN INFORMÁTICA;2013;33
Castellón/Castelló;FALSIFICACIÓN INFORMÁTICA;2012;21
Castellón/Castelló;FALSIFICACIÓN INFORMÁTICA;2011;33
Castellón/Castelló;FRAUDE INFORMÁTICO;2024;3.782
Castellón/Castelló;FRAUDE INFORMÁTICO;2023;3.557
Castellón/Castelló;FRAUDE INFORMÁTICO;2022;2.137
Castellón/Castelló;FRAUDE INFORMÁTICO;2021;2.211
Castellón/Castelló;FRAUDE INFORMÁTICO;2020;1.869
Castellón/Castelló;FRAUDE INFORMÁTICO;2019;1.333
Castellón/Castelló;FRAUDE INFORMÁTICO;2018;1.166
Castellón/Castelló;FRAUDE INFORMÁTICO;2017;733
Castellón/Castelló;FRAUDE INFORMÁTICO;2016;587
Castellón/Castelló;FRAUDE INFORMÁTICO;2015;521
Castellón/Castelló;FRAUDE INFORMÁTICO;2014;491
Castellón/Castelló;FRAUDE INFORMÁTICO;2013;360
Castellón/Castelló;FRAUDE INFORMÁTICO;2012;369
Castellón/Castelló;FRAUDE INFORMÁTICO;2011;232
Castellón/Castelló;INTERFERENCIA EN LOS DATOS Y EN EL SISTEMA;2024;12
Castellón/Castelló;INTERFERENCIA EN LOS DATOS Y EN EL SISTEMA;2023;10
Castellón/Castelló;INTERFERENCIA EN LOS DATOS Y EN EL SISTEMA;2022;12
Castellón/Castelló;INTERFERENCIA EN LOS DATOS Y EN EL SISTEMA;2021;24
Castellón/Castelló;INTERFERENCIA EN LOS DATOS Y EN EL SISTEMA;2020;15
Castellón/Castelló;INTERFERENCIA EN LOS DATOS Y EN EL SISTEMA;2019;11
Castellón/Castelló;INTERFERENCIA EN LOS DATOS Y EN EL SISTEMA;2018;6
Castellón/Castelló;INTERFERENCIA EN LOS DATOS Y EN EL SISTEMA;2017;16
Castellón/Castelló;INTERFERENCIA EN LOS DATOS Y EN EL SISTEMA;2016;11
Castellón/Castelló;INTERFERENCIA EN LOS DATOS Y EN EL SISTEMA;2015;29
Castellón/Castelló;INTERFERENCIA EN LOS DATOS Y EN EL SISTEMA;2014;4
Castellón/Castelló;INTERFERENCIA EN LOS DATOS Y EN EL SISTEMA;2013;2
Castellón/Castelló;INTERFERENCIA EN LOS DATOS Y EN EL SISTEMA;2012;2
Castellón/Castelló;INTERFERENCIA EN LOS DATOS Y EN EL SISTEMA;2011;2
Castellón/Castelló;TOTAL grupo penal;2024;4.333
Castellón/Castelló;TOTAL grupo penal;2023;3.958
Castellón/Castelló;TOTAL grupo penal;2022;2.576
Castellón/Castelló;TOTAL grupo penal;2021;2.696
Castellón/Castelló;TOTAL grupo penal;2020;2.251
Castellón/Castelló;TOTAL grupo penal;2019;1.650
Castellón/Castelló;TOTAL grupo penal;2018;1.464
Castellón/Castelló;TOTAL grupo penal;2017;1.025
Castellón/Castelló;TOTAL grupo penal;2016;870
Castellón/Castelló;TOTAL grupo penal;2015;782
Castellón/Castelló;TOTAL grupo penal;2014;692
Castellón/Castelló;TOTAL grupo penal;2013;577
Castellón/Castelló;TOTAL grupo penal;2012;572
Castellón/Castelló;TOTAL grupo penal;2011;438
Ciudad Real;ACCESO  E INTERCEPTACIÓN ILÍCITA;2024;29
Ciudad Real;ACCESO  E INTERCEPTACIÓN ILÍCITA;2023;49
Ciudad Real;ACCESO  E INTERCEPTACIÓN ILÍCITA;2022;42
Ciudad Real;ACCESO  E INTERCEPTACIÓN ILÍCITA;2021;18
Ciudad Real;ACCESO  E INTERCEPTACIÓN ILÍCITA;2020;21
Ciudad Real;ACCESO  E INTERCEPTACIÓN ILÍCITA;2019;30
Ciudad Real;ACCESO  E INTERCEPTACIÓN ILÍCITA;2018;18
Ciudad Real;ACCESO  E INTERCEPTACIÓN ILÍCITA;2017;21
Ciudad Real;ACCESO  E INTERCEPTACIÓN ILÍCITA;2016;27
Ciudad Real;ACCESO  E INTERCEPTACIÓN ILÍCITA;2015;31
Ciudad Real;ACCESO  E INTERCEPTACIÓN ILÍCITA;2014;19
Ciudad Real;ACCESO  E INTERCEPTACIÓN ILÍCITA;2013;27
Ciudad Real;ACCESO  E INTERCEPTACIÓN ILÍCITA;2012;28
Ciudad Real;ACCESO  E INTERCEPTACIÓN ILÍCITA;2011;14
Ciudad Real;AMENAZAS Y COACCIONES;2024;124
Ciudad Real;AMENAZAS Y COACCIONES;2023;132
Ciudad Real;AMENAZAS Y COACCIONES;2022;150
Ciudad Real;AMENAZAS Y COACCIONES;2021;172
Ciudad Real;AMENAZAS Y COACCIONES;2020;130
Ciudad Real;AMENAZAS Y COACCIONES;2019;110
Ciudad Real;AMENAZAS Y COACCIONES;2018;115
Ciudad Real;AMENAZAS Y COACCIONES;2017;121
Ciudad Real;AMENAZAS Y COACCIONES;2016;129
Ciudad Real;AMENAZAS Y COACCIONES;2015;125
Ciudad Real;AMENAZAS Y COACCIONES;2014;134
Ciudad Real;AMENAZAS Y COACCIONES;2013;113
Ciudad Real;AMENAZAS Y COACCIONES;2012;122
Ciudad Real;AMENAZAS Y COACCIONES;2011;117
Ciudad Real;CONTRA EL HONOR;2024;10
Ciudad Real;CONTRA EL HONOR;2023;19
Ciudad Real;CONTRA EL HONOR;2022;23
Ciudad Real;CONTRA EL HONOR;2021;16
Ciudad Real;CONTRA EL HONOR;2020;20
Ciudad Real;CONTRA EL HONOR;2019;24
Ciudad Real;CONTRA EL HONOR;2018;16
Ciudad Real;CONTRA EL HONOR;2017;40
Ciudad Real;CONTRA EL HONOR;2016;35
Ciudad Real;CONTRA EL HONOR;2015;50
Ciudad Real;CONTRA EL HONOR;2014;65
Ciudad Real;CONTRA EL HONOR;2013;49
Ciudad Real;CONTRA EL HONOR;2012;37
Ciudad Real;CONTRA EL HONOR;2011;45
Ciudad Real;CONTRA LA PROPIEDAD INDUSTRIAL/INTELECTUAL;2024;0
Ciudad Real;CONTRA LA PROPIEDAD INDUSTRIAL/INTELECTUAL;2023;1
Ciudad Real;CONTRA LA PROPIEDAD INDUSTRIAL/INTELECTUAL;2022;0
Ciudad Real;CONTRA LA PROPIEDAD INDUSTRIAL/INTELECTUAL;2021;2
Ciudad Real;CONTRA LA PROPIEDAD INDUSTRIAL/INTELECTUAL;2020;1
Ciudad Real;CONTRA LA PROPIEDAD INDUSTRIAL/INTELECTUAL;2019;1
Ciudad Real;CONTRA LA PROPIEDAD INDUSTRIAL/INTELECTUAL;2018;7
Ciudad Real;CONTRA LA PROPIEDAD INDUSTRIAL/INTELECTUAL;2017;1
Ciudad Real;CONTRA LA PROPIEDAD INDUSTRIAL/INTELECTUAL;2016;2
Ciudad Real;CONTRA LA PROPIEDAD INDUSTRIAL/INTELECTUAL;2015;1
Ciudad Real;CONTRA LA PROPIEDAD INDUSTRIAL/INTELECTUAL;2014;2
Ciudad Real;CONTRA LA PROPIEDAD INDUSTRIAL/INTELECTUAL;2013;3
Ciudad Real;CONTRA LA PROPIEDAD INDUSTRIAL/INTELECTUAL;2012;1
Ciudad Real;CONTRA LA PROPIEDAD INDUSTRIAL/INTELECTUAL;2011;3
Ciudad Real;DELITOS SEXUALES;2024;4
Ciudad Real;DELITOS SEXUALES;2023;14
Ciudad Real;DELITOS SEXUALES;2022;13
Ciudad Real;DELITOS SEXUALES;2021;8
Ciudad Real;DELITOS SEXUALES;2020;18
Ciudad Real;DELITOS SEXUALES;2019;9
Ciudad Real;DELITOS SEXUALES;2018;13
Ciudad Real;DELITOS SEXUALES;2017;11
Ciudad Real;DELITOS SEXUALES;2016;19
Ciudad Real;DELITOS SEXUALES;2015;14
Ciudad Real;DELITOS SEXUALES;2014;7
Ciudad Real;DELITOS SEXUALES;2013;8
Ciudad Real;DELITOS SEXUALES;2012;8
Ciudad Real;DELITOS SEXUALES;2011;7
Ciudad Real;FALSIFICACIÓN INFORMÁTICA;2024;152
Ciudad Real;FALSIFICACIÓN INFORMÁTICA;2023;128
Ciudad Real;FALSIFICACIÓN INFORMÁTICA;2022;126
Ciudad Real;FALSIFICACIÓN INFORMÁTICA;2021;112
Ciudad Real;FALSIFICACIÓN INFORMÁTICA;2020;88
Ciudad Real;FALSIFICACIÓN INFORMÁTICA;2019;53
Ciudad Real;FALSIFICACIÓN INFORMÁTICA;2018;44
Ciudad Real;FALSIFICACIÓN INFORMÁTICA;2017;46
Ciudad Real;FALSIFICACIÓN INFORMÁTICA;2016;43
Ciudad Real;FALSIFICACIÓN INFORMÁTICA;2015;43
Ciudad Real;FALSIFICACIÓN INFORMÁTICA;2014;38
Ciudad Real;FALSIFICACIÓN INFORMÁTICA;2013;29
Ciudad Real;FALSIFICACIÓN INFORMÁTICA;2012;16
Ciudad Real;FALSIFICACIÓN INFORMÁTICA;2011;22
Ciudad Real;FRAUDE INFORMÁTICO;2024;3.047
Ciudad Real;FRAUDE INFORMÁTICO;2023;3.190
Ciudad Real;FRAUDE INFORMÁTICO;2022;2.880
Ciudad Real;FRAUDE INFORMÁTICO;2021;1.874
Ciudad Real;FRAUDE INFORMÁTICO;2020;1.494
Ciudad Real;FRAUDE INFORMÁTICO;2019;1.069
Ciudad Real;FRAUDE INFORMÁTICO;2018;804
Ciudad Real;FRAUDE INFORMÁTICO;2017;442
Ciudad Real;FRAUDE INFORMÁTICO;2016;362
Ciudad Real;FRAUDE INFORMÁTICO;2015;436
Ciudad Real;FRAUDE INFORMÁTICO;2014;330
Ciudad Real;FRAUDE INFORMÁTICO;2013;254
Ciudad Real;FRAUDE INFORMÁTICO;2012;290
Ciudad Real;FRAUDE INFORMÁTICO;2011;210
Ciudad Real;INTERFERENCIA EN LOS DATOS Y EN EL SISTEMA;2024;15
Ciudad Real;INTERFERENCIA EN LOS DATOS Y EN EL SISTEMA;2023;9
Ciudad Real;INTERFERENCIA EN LOS DATOS Y EN EL SISTEMA;2022;9
Ciudad Real;INTERFERENCIA EN LOS DATOS Y EN EL SISTEMA;2021;8
Ciudad Real;INTERFERENCIA EN LOS DATOS Y EN EL SISTEMA;2020;11
Ciudad Real;INTERFERENCIA EN LOS DATOS Y EN EL SISTEMA;2019;13
Ciudad Real;INTERFERENCIA EN LOS DATOS Y EN EL SISTEMA;2018;4
Ciudad Real;INTERFERENCIA EN LOS DATOS Y EN EL SISTEMA;2017;8
Ciudad Real;INTERFERENCIA EN LOS DATOS Y EN EL SISTEMA;2016;10
Ciudad Real;INTERFERENCIA EN LOS DATOS Y EN EL SISTEMA;2015;6
Ciudad Real;INTERFERENCIA EN LOS DATOS Y EN EL SISTEMA;2014;6
Ciudad Real;INTERFERENCIA EN LOS DATOS Y EN EL SISTEMA;2013;1
Ciudad Real;INTERFERENCIA EN LOS DATOS Y EN EL SISTEMA;2012;3
Ciudad Real;INTERFERENCIA EN LOS DATOS Y EN EL SISTEMA;2011;3
Ciudad Real;TOTAL grupo penal;2024;3.381
Ciudad Real;TOTAL grupo penal;2023;3.542
Ciudad Real;TOTAL grupo penal;2022;3.243
Ciudad Real;TOTAL grupo penal;2021;2.210
Ciudad Real;TOTAL grupo penal;2020;1.783
Ciudad Real;TOTAL grupo penal;2019;1.309
Ciudad Real;TOTAL grupo penal;2018;1.021
Ciudad Real;TOTAL grupo penal;2017;690
Ciudad Real;TOTAL grupo penal;2016;627
Ciudad Real;TOTAL grupo penal;2015;706
Ciudad Real;TOTAL grupo penal;2014;601
Ciudad Real;TOTAL grupo penal;2013;484
Ciudad Real;TOTAL grupo penal;2012;505
Ciudad Real;TOTAL grupo penal;2011;421
Córdoba;ACCESO  E INTERCEPTACIÓN ILÍCITA;2024;225
Córdoba;ACCESO  E INTERCEPTACIÓN ILÍCITA;2023;169
Córdoba;ACCESO  E INTERCEPTACIÓN ILÍCITA;2022;101
Córdoba;ACCESO  E INTERCEPTACIÓN ILÍCITA;2021;137
Córdoba;ACCESO  E INTERCEPTACIÓN ILÍCITA;2020;143
Córdoba;ACCESO  E INTERCEPTACIÓN ILÍCITA;2019;80
Córdoba;ACCESO  E INTERCEPTACIÓN ILÍCITA;2018;82
Córdoba;ACCESO  E INTERCEPTACIÓN ILÍCITA;2017;73
Córdoba;ACCESO  E INTERCEPTACIÓN ILÍCITA;2016;53
Córdoba;ACCESO  E INTERCEPTACIÓN ILÍCITA;2015;63
Córdoba;ACCESO  E INTERCEPTACIÓN ILÍCITA;2014;37
Córdoba;ACCESO  E INTERCEPTACIÓN ILÍCITA;2013;25
Córdoba;ACCESO  E INTERCEPTACIÓN ILÍCITA;2012;18
Córdoba;ACCESO  E INTERCEPTACIÓN ILÍCITA;2011;34
Córdoba;AMENAZAS Y COACCIONES;2024;274
Córdoba;AMENAZAS Y COACCIONES;2023;299
Córdoba;AMENAZAS Y COACCIONES;2022;299
Córdoba;AMENAZAS Y COACCIONES;2021;306
Córdoba;AMENAZAS Y COACCIONES;2020;286
Córdoba;AMENAZAS Y COACCIONES;2019;263
Córdoba;AMENAZAS Y COACCIONES;2018;240
Córdoba;AMENAZAS Y COACCIONES;2017;248
Córdoba;AMENAZAS Y COACCIONES;2016;234
Córdoba;AMENAZAS Y COACCIONES;2015;237
Córdoba;AMENAZAS Y COACCIONES;2014;257
Córdoba;AMENAZAS Y COACCIONES;2013;213
Córdoba;AMENAZAS Y COACCIONES;2012;248
Córdoba;AMENAZAS Y COACCIONES;2011;259
Córdoba;CONTRA EL HONOR;2024;20
Córdoba;CONTRA EL HONOR;2023;39
Córdoba;CONTRA EL HONOR;2022;42
Córdoba;CONTRA EL HONOR;2021;44
Córdoba;CONTRA EL HONOR;2020;33
Córdoba;CONTRA EL HONOR;2019;30
Córdoba;CONTRA EL HONOR;2018;38
Córdoba;CONTRA EL HONOR;2017;36
Córdoba;CONTRA EL HONOR;2016;24
Córdoba;CONTRA EL HONOR;2015;59
Córdoba;CONTRA EL HONOR;2014;53
Córdoba;CONTRA EL HONOR;2013;49
Córdoba;CONTRA EL HONOR;2012;33
Córdoba;CONTRA EL HONOR;2011;65
Córdoba;CONTRA LA PROPIEDAD INDUSTRIAL/INTELECTUAL;2024;3
Córdoba;CONTRA LA PROPIEDAD INDUSTRIAL/INTELECTUAL;2023;0
Córdoba;CONTRA LA PROPIEDAD INDUSTRIAL/INTELECTUAL;2022;4
Córdoba;CONTRA LA PROPIEDAD INDUSTRIAL/INTELECTUAL;2021;6
Córdoba;CONTRA LA PROPIEDAD INDUSTRIAL/INTELECTUAL;2020;2
Córdoba;CONTRA LA PROPIEDAD INDUSTRIAL/INTELECTUAL;2019;2
Córdoba;CONTRA LA PROPIEDAD INDUSTRIAL/INTELECTUAL;2018;6
Córdoba;CONTRA LA PROPIEDAD INDUSTRIAL/INTELECTUAL;2017;1
Córdoba;CONTRA LA PROPIEDAD INDUSTRIAL/INTELECTUAL;2016;4
Córdoba;CONTRA LA PROPIEDAD INDUSTRIAL/INTELECTUAL;2015;1
Córdoba;CONTRA LA PROPIEDAD INDUSTRIAL/INTELECTUAL;2014;3
Córdoba;CONTRA LA PROPIEDAD INDUSTRIAL/INTELECTUAL;2013;0
Córdoba;CONTRA LA PROPIEDAD INDUSTRIAL/INTELECTUAL;2012;2
Córdoba;CONTRA LA PROPIEDAD INDUSTRIAL/INTELECTUAL;2011;1
Córdoba;DELITOS SEXUALES;2024;26
Córdoba;DELITOS SEXUALES;2023;28
Córdoba;DELITOS SEXUALES;2022;29
Córdoba;DELITOS SEXUALES;2021;21
Córdoba;DELITOS SEXUALES;2020;46
Córdoba;DELITOS SEXUALES;2019;32
Córdoba;DELITOS SEXUALES;2018;30
Córdoba;DELITOS SEXUALES;2017;27
Córdoba;DELITOS SEXUALES;2016;19
Córdoba;DELITOS SEXUALES;2015;21
Córdoba;DELITOS SEXUALES;2014;20
Córdoba;DELITOS SEXUALES;2013;13
Córdoba;DELITOS SEXUALES;2012;8
Córdoba;DELITOS SEXUALES;2011;13
Córdoba;FALSIFICACIÓN INFORMÁTICA;2024;401
Córdoba;FALSIFICACIÓN INFORMÁTICA;2023;383
Córdoba;FALSIFICACIÓN INFORMÁTICA;2022;275
Córdoba;FALSIFICACIÓN INFORMÁTICA;2021;230
Córdoba;FALSIFICACIÓN INFORMÁTICA;2020;79
Córdoba;FALSIFICACIÓN INFORMÁTICA;2019;79
Córdoba;FALSIFICACIÓN INFORMÁTICA;2018;81
Córdoba;FALSIFICACIÓN INFORMÁTICA;2017;48
Córdoba;FALSIFICACIÓN INFORMÁTICA;2016;37
Córdoba;FALSIFICACIÓN INFORMÁTICA;2015;36
Córdoba;FALSIFICACIÓN INFORMÁTICA;2014;28
Córdoba;FALSIFICACIÓN INFORMÁTICA;2013;10
Córdoba;FALSIFICACIÓN INFORMÁTICA;2012;8
Córdoba;FALSIFICACIÓN INFORMÁTICA;2011;12
Córdoba;FRAUDE INFORMÁTICO;2024;6.462
Córdoba;FRAUDE INFORMÁTICO;2023;6.732
Córdoba;FRAUDE INFORMÁTICO;2022;4.632
Córdoba;FRAUDE INFORMÁTICO;2021;3.172
Córdoba;FRAUDE INFORMÁTICO;2020;2.886
Córdoba;FRAUDE INFORMÁTICO;2019;1.656
Córdoba;FRAUDE INFORMÁTICO;2018;1.566
Córdoba;FRAUDE INFORMÁTICO;2017;1.196
Córdoba;FRAUDE INFORMÁTICO;2016;944
Córdoba;FRAUDE INFORMÁTICO;2015;797
Córdoba;FRAUDE INFORMÁTICO;2014;610
Córdoba;FRAUDE INFORMÁTICO;2013;460
Córdoba;FRAUDE INFORMÁTICO;2012;391
Córdoba;FRAUDE INFORMÁTICO;2011;367
Córdoba;INTERFERENCIA EN LOS DATOS Y EN EL SISTEMA;2024;34
Córdoba;INTERFERENCIA EN LOS DATOS Y EN EL SISTEMA;2023;20
Córdoba;INTERFERENCIA EN LOS DATOS Y EN EL SISTEMA;2022;32
Córdoba;INTERFERENCIA EN LOS DATOS Y EN EL SISTEMA;2021;37
Córdoba;INTERFERENCIA EN LOS DATOS Y EN EL SISTEMA;2020;15
Córdoba;INTERFERENCIA EN LOS DATOS Y EN EL SISTEMA;2019;38
Córdoba;INTERFERENCIA EN LOS DATOS Y EN EL SISTEMA;2018;25
Córdoba;INTERFERENCIA EN LOS DATOS Y EN EL SISTEMA;2017;27
Córdoba;INTERFERENCIA EN LOS DATOS Y EN EL SISTEMA;2016;20
Córdoba;INTERFERENCIA EN LOS DATOS Y EN EL SISTEMA;2015;19
Córdoba;INTERFERENCIA EN LOS DATOS Y EN EL SISTEMA;2014;9
Córdoba;INTERFERENCIA EN LOS DATOS Y EN EL SISTEMA;2013;2
Córdoba;INTERFERENCIA EN LOS DATOS Y EN EL SISTEMA;2012;5
Córdoba;INTERFERENCIA EN LOS DATOS Y EN EL SISTEMA;2011;1
Córdoba;TOTAL grupo penal;2024;7.445
Córdoba;TOTAL grupo penal;2023;7.670
Córdoba;TOTAL grupo penal;2022;5.414
Córdoba;TOTAL grupo penal;2021;3.953
Córdoba;TOTAL grupo penal;2020;3.490
Córdoba;TOTAL grupo penal;2019;2.180
Córdoba;TOTAL grupo penal;2018;2.068
Córdoba;TOTAL grupo penal;2017;1.656
Córdoba;TOTAL grupo penal;2016;1.335
Córdoba;TOTAL grupo penal;2015;1.233
Córdoba;TOTAL grupo penal;2014;1.017
Córdoba;TOTAL grupo penal;2013;772
Córdoba;TOTAL grupo penal;2012;713
Córdoba;TOTAL grupo penal;2011;752
Coruña (A);ACCESO  E INTERCEPTACIÓN ILÍCITA;2024;318
Coruña (A);ACCESO  E INTERCEPTACIÓN ILÍCITA;2023;199
Coruña (A);ACCESO  E INTERCEPTACIÓN ILÍCITA;2022;155
Coruña (A);ACCESO  E INTERCEPTACIÓN ILÍCITA;2021;139
Coruña (A);ACCESO  E INTERCEPTACIÓN ILÍCITA;2020;111
Coruña (A);ACCESO  E INTERCEPTACIÓN ILÍCITA;2019;81
Coruña (A);ACCESO  E INTERCEPTACIÓN ILÍCITA;2018;79
Coruña (A);ACCESO  E INTERCEPTACIÓN ILÍCITA;2017;86
Coruña (A);ACCESO  E INTERCEPTACIÓN ILÍCITA;2016;67
Coruña (A);ACCESO  E INTERCEPTACIÓN ILÍCITA;2015;59
Coruña (A);ACCESO  E INTERCEPTACIÓN ILÍCITA;2014;56
Coruña (A);ACCESO  E INTERCEPTACIÓN ILÍCITA;2013;48
Coruña (A);ACCESO  E INTERCEPTACIÓN ILÍCITA;2012;43
Coruña (A);ACCESO  E INTERCEPTACIÓN ILÍCITA;2011;36
Coruña (A);AMENAZAS Y COACCIONES;2024;495
Coruña (A);AMENAZAS Y COACCIONES;2023;470
Coruña (A);AMENAZAS Y COACCIONES;2022;475
Coruña (A);AMENAZAS Y COACCIONES;2021;560
Coruña (A);AMENAZAS Y COACCIONES;2020;409
Coruña (A);AMENAZAS Y COACCIONES;2019;334
Coruña (A);AMENAZAS Y COACCIONES;2018;432
Coruña (A);AMENAZAS Y COACCIONES;2017;408
Coruña (A);AMENAZAS Y COACCIONES;2016;380
Coruña (A);AMENAZAS Y COACCIONES;2015;338
Coruña (A);AMENAZAS Y COACCIONES;2014;314
Coruña (A);AMENAZAS Y COACCIONES;2013;308
Coruña (A);AMENAZAS Y COACCIONES;2012;340
Coruña (A);AMENAZAS Y COACCIONES;2011;295
Coruña (A);CONTRA EL HONOR;2024;66
Coruña (A);CONTRA EL HONOR;2023;64
Coruña (A);CONTRA EL HONOR;2022;46
Coruña (A);CONTRA EL HONOR;2021;56
Coruña (A);CONTRA EL HONOR;2020;72
Coruña (A);CONTRA EL HONOR;2019;49
Coruña (A);CONTRA EL HONOR;2018;66
Coruña (A);CONTRA EL HONOR;2017;63
Coruña (A);CONTRA EL HONOR;2016;48
Coruña (A);CONTRA EL HONOR;2015;87
Coruña (A);CONTRA EL HONOR;2014;74
Coruña (A);CONTRA EL HONOR;2013;45
Coruña (A);CONTRA EL HONOR;2012;63
Coruña (A);CONTRA EL HONOR;2011;64
Coruña (A);CONTRA LA PROPIEDAD INDUSTRIAL/INTELECTUAL;2024;3
Coruña (A);CONTRA LA PROPIEDAD INDUSTRIAL/INTELECTUAL;2023;0
Coruña (A);CONTRA LA PROPIEDAD INDUSTRIAL/INTELECTUAL;2022;3
Coruña (A);CONTRA LA PROPIEDAD INDUSTRIAL/INTELECTUAL;2021;6
Coruña (A);CONTRA LA PROPIEDAD INDUSTRIAL/INTELECTUAL;2020;3
Coruña (A);CONTRA LA PROPIEDAD INDUSTRIAL/INTELECTUAL;2019;4
Coruña (A);CONTRA LA PROPIEDAD INDUSTRIAL/INTELECTUAL;2018;6
Coruña (A);CONTRA LA PROPIEDAD INDUSTRIAL/INTELECTUAL;2017;3
Coruña (A);CONTRA LA PROPIEDAD INDUSTRIAL/INTELECTUAL;2016;2
Coruña (A);CONTRA LA PROPIEDAD INDUSTRIAL/INTELECTUAL;2015;7
Coruña (A);CONTRA LA PROPIEDAD INDUSTRIAL/INTELECTUAL;2014;3
Coruña (A);CONTRA LA PROPIEDAD INDUSTRIAL/INTELECTUAL;2013;3
Coruña (A);CONTRA LA PROPIEDAD INDUSTRIAL/INTELECTUAL;2012;2
Coruña (A);CONTRA LA PROPIEDAD INDUSTRIAL/INTELECTUAL;2011;2
Coruña (A);DELITOS SEXUALES;2024;39
Coruña (A);DELITOS SEXUALES;2023;48
Coruña (A);DELITOS SEXUALES;2022;29
Coruña (A);DELITOS SEXUALES;2021;42
Coruña (A);DELITOS SEXUALES;2020;36
Coruña (A);DELITOS SEXUALES;2019;43
Coruña (A);DELITOS SEXUALES;2018;40
Coruña (A);DELITOS SEXUALES;2017;29
Coruña (A);DELITOS SEXUALES;2016;40
Coruña (A);DELITOS SEXUALES;2015;28
Coruña (A);DELITOS SEXUALES;2014;19
Coruña (A);DELITOS SEXUALES;2013;23
Coruña (A);DELITOS SEXUALES;2012;15
Coruña (A);DELITOS SEXUALES;2011;17
Coruña (A);FALSIFICACIÓN INFORMÁTICA;2024;559
Coruña (A);FALSIFICACIÓN INFORMÁTICA;2023;438
Coruña (A);FALSIFICACIÓN INFORMÁTICA;2022;259
Coruña (A);FALSIFICACIÓN INFORMÁTICA;2021;247
Coruña (A);FALSIFICACIÓN INFORMÁTICA;2020;177
Coruña (A);FALSIFICACIÓN INFORMÁTICA;2019;130
Coruña (A);FALSIFICACIÓN INFORMÁTICA;2018;105
Coruña (A);FALSIFICACIÓN INFORMÁTICA;2017;106
Coruña (A);FALSIFICACIÓN INFORMÁTICA;2016;77
Coruña (A);FALSIFICACIÓN INFORMÁTICA;2015;58
Coruña (A);FALSIFICACIÓN INFORMÁTICA;2014;50
Coruña (A);FALSIFICACIÓN INFORMÁTICA;2013;36
Coruña (A);FALSIFICACIÓN INFORMÁTICA;2012;47
Coruña (A);FALSIFICACIÓN INFORMÁTICA;2011;46
Coruña (A);FRAUDE INFORMÁTICO;2024;8.452
Coruña (A);FRAUDE INFORMÁTICO;2023;7.639
Coruña (A);FRAUDE INFORMÁTICO;2022;7.434
Coruña (A);FRAUDE INFORMÁTICO;2021;7.768
Coruña (A);FRAUDE INFORMÁTICO;2020;5.443
Coruña (A);FRAUDE INFORMÁTICO;2019;4.931
Coruña (A);FRAUDE INFORMÁTICO;2018;4.055
Coruña (A);FRAUDE INFORMÁTICO;2017;2.795
Coruña (A);FRAUDE INFORMÁTICO;2016;1.718
Coruña (A);FRAUDE INFORMÁTICO;2015;1.456
Coruña (A);FRAUDE INFORMÁTICO;2014;922
Coruña (A);FRAUDE INFORMÁTICO;2013;710
Coruña (A);FRAUDE INFORMÁTICO;2012;726
Coruña (A);FRAUDE INFORMÁTICO;2011;504
Coruña (A);INTERFERENCIA EN LOS DATOS Y EN EL SISTEMA;2024;45
Coruña (A);INTERFERENCIA EN LOS DATOS Y EN EL SISTEMA;2023;46
Coruña (A);INTERFERENCIA EN LOS DATOS Y EN EL SISTEMA;2022;36
Coruña (A);INTERFERENCIA EN LOS DATOS Y EN EL SISTEMA;2021;70
Coruña (A);INTERFERENCIA EN LOS DATOS Y EN EL SISTEMA;2020;53
Coruña (A);INTERFERENCIA EN LOS DATOS Y EN EL SISTEMA;2019;45
Coruña (A);INTERFERENCIA EN LOS DATOS Y EN EL SISTEMA;2018;41
Coruña (A);INTERFERENCIA EN LOS DATOS Y EN EL SISTEMA;2017;31
Coruña (A);INTERFERENCIA EN LOS DATOS Y EN EL SISTEMA;2016;41
Coruña (A);INTERFERENCIA EN LOS DATOS Y EN EL SISTEMA;2015;36
Coruña (A);INTERFERENCIA EN LOS DATOS Y EN EL SISTEMA;2014;13
Coruña (A);INTERFERENCIA EN LOS DATOS Y EN EL SISTEMA;2013;11
Coruña (A);INTERFERENCIA EN LOS DATOS Y EN EL SISTEMA;2012;5
Coruña (A);INTERFERENCIA EN LOS DATOS Y EN EL SISTEMA;2011;2
Coruña (A);TOTAL grupo penal;2024;9.977
Coruña (A);TOTAL grupo penal;2023;8.904
Coruña (A);TOTAL grupo penal;2022;8.437
Coruña (A);TOTAL grupo penal;2021;8.888
Coruña (A);TOTAL grupo penal;2020;6.304
Coruña (A);TOTAL grupo penal;2019;5.617
Coruña (A);TOTAL grupo penal;2018;4.824
Coruña (A);TOTAL grupo penal;2017;3.521
Coruña (A);TOTAL grupo penal;2016;2.373
Coruña (A);TOTAL grupo penal;2015;2.069
Coruña (A);TOTAL grupo penal;2014;1.451
Coruña (A);TOTAL grupo penal;2013;1.184
Coruña (A);TOTAL grupo penal;2012;1.241
Coruña (A);TOTAL grupo penal;2011;966
Cuenca;ACCESO  E INTERCEPTACIÓN ILÍCITA;2024;14
Cuenca;ACCESO  E INTERCEPTACIÓN ILÍCITA;2023;19
Cuenca;ACCESO  E INTERCEPTACIÓN ILÍCITA;2022;12
Cuenca;ACCESO  E INTERCEPTACIÓN ILÍCITA;2021;9
Cuenca;ACCESO  E INTERCEPTACIÓN ILÍCITA;2020;15
Cuenca;ACCESO  E INTERCEPTACIÓN ILÍCITA;2019;8
Cuenca;ACCESO  E INTERCEPTACIÓN ILÍCITA;2018;10
Cuenca;ACCESO  E INTERCEPTACIÓN ILÍCITA;2017;6
Cuenca;ACCESO  E INTERCEPTACIÓN ILÍCITA;2016;9
Cuenca;ACCESO  E INTERCEPTACIÓN ILÍCITA;2015;6
Cuenca;ACCESO  E INTERCEPTACIÓN ILÍCITA;2014;6
Cuenca;ACCESO  E INTERCEPTACIÓN ILÍCITA;2013;4
Cuenca;ACCESO  E INTERCEPTACIÓN ILÍCITA;2012;5
Cuenca;ACCESO  E INTERCEPTACIÓN ILÍCITA;2011;2
Cuenca;AMENAZAS Y COACCIONES;2024;63
Cuenca;AMENAZAS Y COACCIONES;2023;45
Cuenca;AMENAZAS Y COACCIONES;2022;63
Cuenca;AMENAZAS Y COACCIONES;2021;94
Cuenca;AMENAZAS Y COACCIONES;2020;72
Cuenca;AMENAZAS Y COACCIONES;2019;56
Cuenca;AMENAZAS Y COACCIONES;2018;74
Cuenca;AMENAZAS Y COACCIONES;2017;60
Cuenca;AMENAZAS Y COACCIONES;2016;57
Cuenca;AMENAZAS Y COACCIONES;2015;58
Cuenca;AMENAZAS Y COACCIONES;2014;54
Cuenca;AMENAZAS Y COACCIONES;2013;49
Cuenca;AMENAZAS Y COACCIONES;2012;42
Cuenca;AMENAZAS Y COACCIONES;2011;34
Cuenca;CONTRA EL HONOR;2024;7
Cuenca;CONTRA EL HONOR;2023;20
Cuenca;CONTRA EL HONOR;2022;9
Cuenca;CONTRA EL HONOR;2021;8
Cuenca;CONTRA EL HONOR;2020;22
Cuenca;CONTRA EL HONOR;2019;12
Cuenca;CONTRA EL HONOR;2018;17
Cuenca;CONTRA EL HONOR;2017;19
Cuenca;CONTRA EL HONOR;2016;17
Cuenca;CONTRA EL HONOR;2015;28
Cuenca;CONTRA EL HONOR;2014;16
Cuenca;CONTRA EL HONOR;2013;14
Cuenca;CONTRA EL HONOR;2012;15
Cuenca;CONTRA EL HONOR;2011;8
Cuenca;CONTRA LA PROPIEDAD INDUSTRIAL/INTELECTUAL;2024;0
Cuenca;CONTRA LA PROPIEDAD INDUSTRIAL/INTELECTUAL;2023;0
Cuenca;CONTRA LA PROPIEDAD INDUSTRIAL/INTELECTUAL;2022;0
Cuenca;CONTRA LA PROPIEDAD INDUSTRIAL/INTELECTUAL;2021;0
Cuenca;CONTRA LA PROPIEDAD INDUSTRIAL/INTELECTUAL;2020;1
Cuenca;CONTRA LA PROPIEDAD INDUSTRIAL/INTELECTUAL;2019;1
Cuenca;CONTRA LA PROPIEDAD INDUSTRIAL/INTELECTUAL;2018;1
Cuenca;CONTRA LA PROPIEDAD INDUSTRIAL/INTELECTUAL;2017;5
Cuenca;CONTRA LA PROPIEDAD INDUSTRIAL/INTELECTUAL;2016;0
Cuenca;CONTRA LA PROPIEDAD INDUSTRIAL/INTELECTUAL;2015;1
Cuenca;CONTRA LA PROPIEDAD INDUSTRIAL/INTELECTUAL;2014;0
Cuenca;CONTRA LA PROPIEDAD INDUSTRIAL/INTELECTUAL;2013;0
Cuenca;CONTRA LA PROPIEDAD INDUSTRIAL/INTELECTUAL;2012;0
Cuenca;CONTRA LA PROPIEDAD INDUSTRIAL/INTELECTUAL;2011;2
Cuenca;DELITOS SEXUALES;2024;7
Cuenca;DELITOS SEXUALES;2023;6
Cuenca;DELITOS SEXUALES;2022;3
Cuenca;DELITOS SEXUALES;2021;7
Cuenca;DELITOS SEXUALES;2020;6
Cuenca;DELITOS SEXUALES;2019;11
Cuenca;DELITOS SEXUALES;2018;0
Cuenca;DELITOS SEXUALES;2017;5
Cuenca;DELITOS SEXUALES;2016;2
Cuenca;DELITOS SEXUALES;2015;4
Cuenca;DELITOS SEXUALES;2014;2
Cuenca;DELITOS SEXUALES;2013;2
Cuenca;DELITOS SEXUALES;2012;5
Cuenca;DELITOS SEXUALES;2011;2
Cuenca;FALSIFICACIÓN INFORMÁTICA;2024;83
Cuenca;FALSIFICACIÓN INFORMÁTICA;2023;68
Cuenca;FALSIFICACIÓN INFORMÁTICA;2022;67
Cuenca;FALSIFICACIÓN INFORMÁTICA;2021;48
Cuenca;FALSIFICACIÓN INFORMÁTICA;2020;54
Cuenca;FALSIFICACIÓN INFORMÁTICA;2019;34
Cuenca;FALSIFICACIÓN INFORMÁTICA;2018;22
Cuenca;FALSIFICACIÓN INFORMÁTICA;2017;22
Cuenca;FALSIFICACIÓN INFORMÁTICA;2016;13
Cuenca;FALSIFICACIÓN INFORMÁTICA;2015;14
Cuenca;FALSIFICACIÓN INFORMÁTICA;2014;19
Cuenca;FALSIFICACIÓN INFORMÁTICA;2013;9
Cuenca;FALSIFICACIÓN INFORMÁTICA;2012;9
Cuenca;FALSIFICACIÓN INFORMÁTICA;2011;5
Cuenca;FRAUDE INFORMÁTICO;2024;1.308
Cuenca;FRAUDE INFORMÁTICO;2023;1.536
Cuenca;FRAUDE INFORMÁTICO;2022;1.411
Cuenca;FRAUDE INFORMÁTICO;2021;1.157
Cuenca;FRAUDE INFORMÁTICO;2020;1.074
Cuenca;FRAUDE INFORMÁTICO;2019;919
Cuenca;FRAUDE INFORMÁTICO;2018;491
Cuenca;FRAUDE INFORMÁTICO;2017;339
Cuenca;FRAUDE INFORMÁTICO;2016;196
Cuenca;FRAUDE INFORMÁTICO;2015;162
Cuenca;FRAUDE INFORMÁTICO;2014;148
Cuenca;FRAUDE INFORMÁTICO;2013;105
Cuenca;FRAUDE INFORMÁTICO;2012;85
Cuenca;FRAUDE INFORMÁTICO;2011;69
Cuenca;INTERFERENCIA EN LOS DATOS Y EN EL SISTEMA;2024;8
Cuenca;INTERFERENCIA EN LOS DATOS Y EN EL SISTEMA;2023;13
Cuenca;INTERFERENCIA EN LOS DATOS Y EN EL SISTEMA;2022;14
Cuenca;INTERFERENCIA EN LOS DATOS Y EN EL SISTEMA;2021;11
Cuenca;INTERFERENCIA EN LOS DATOS Y EN EL SISTEMA;2020;5
Cuenca;INTERFERENCIA EN LOS DATOS Y EN EL SISTEMA;2019;14
Cuenca;INTERFERENCIA EN LOS DATOS Y EN EL SISTEMA;2018;5
Cuenca;INTERFERENCIA EN LOS DATOS Y EN EL SISTEMA;2017;8
Cuenca;INTERFERENCIA EN LOS DATOS Y EN EL SISTEMA;2016;7
Cuenca;INTERFERENCIA EN LOS DATOS Y EN EL SISTEMA;2015;3
Cuenca;INTERFERENCIA EN LOS DATOS Y EN EL SISTEMA;2014;1
Cuenca;INTERFERENCIA EN LOS DATOS Y EN EL SISTEMA;2013;0
Cuenca;INTERFERENCIA EN LOS DATOS Y EN EL SISTEMA;2012;1
Cuenca;INTERFERENCIA EN LOS DATOS Y EN EL SISTEMA;2011;0
Cuenca;TOTAL grupo penal;2024;1.490
Cuenca;TOTAL grupo penal;2023;1.707
Cuenca;TOTAL grupo penal;2022;1.579
Cuenca;TOTAL grupo penal;2021;1.334
Cuenca;TOTAL grupo penal;2020;1.249
Cuenca;TOTAL grupo penal;2019;1.055
Cuenca;TOTAL grupo penal;2018;620
Cuenca;TOTAL grupo penal;2017;464
Cuenca;TOTAL grupo penal;2016;301
Cuenca;TOTAL grupo penal;2015;276
Cuenca;TOTAL grupo penal;2014;246
Cuenca;TOTAL grupo penal;2013;183
Cuenca;TOTAL grupo penal;2012;162
Cuenca;TOTAL grupo penal;2011;122
Girona;ACCESO  E INTERCEPTACIÓN ILÍCITA;2024;77
Girona;ACCESO  E INTERCEPTACIÓN ILÍCITA;2023;118
Girona;ACCESO  E INTERCEPTACIÓN ILÍCITA;2022;120
Girona;ACCESO  E INTERCEPTACIÓN ILÍCITA;2021;89
Girona;ACCESO  E INTERCEPTACIÓN ILÍCITA;2020;45
Girona;ACCESO  E INTERCEPTACIÓN ILÍCITA;2019;47
Girona;ACCESO  E INTERCEPTACIÓN ILÍCITA;2018;36
Girona;ACCESO  E INTERCEPTACIÓN ILÍCITA;2017;47
Girona;ACCESO  E INTERCEPTACIÓN ILÍCITA;2016;40
Girona;ACCESO  E INTERCEPTACIÓN ILÍCITA;2015;49
Girona;ACCESO  E INTERCEPTACIÓN ILÍCITA;2014;5
Girona;ACCESO  E INTERCEPTACIÓN ILÍCITA;2013;0
Girona;ACCESO  E INTERCEPTACIÓN ILÍCITA;2012;1
Girona;ACCESO  E INTERCEPTACIÓN ILÍCITA;2011;4
Girona;AMENAZAS Y COACCIONES;2024;95
Girona;AMENAZAS Y COACCIONES;2023;64
Girona;AMENAZAS Y COACCIONES;2022;75
Girona;AMENAZAS Y COACCIONES;2021;103
Girona;AMENAZAS Y COACCIONES;2020;43
Girona;AMENAZAS Y COACCIONES;2019;53
Girona;AMENAZAS Y COACCIONES;2018;64
Girona;AMENAZAS Y COACCIONES;2017;38
Girona;AMENAZAS Y COACCIONES;2016;47
Girona;AMENAZAS Y COACCIONES;2015;46
Girona;AMENAZAS Y COACCIONES;2014;4
Girona;AMENAZAS Y COACCIONES;2013;1
Girona;AMENAZAS Y COACCIONES;2012;5
Girona;AMENAZAS Y COACCIONES;2011;0
Girona;CONTRA EL HONOR;2024;1
Girona;CONTRA EL HONOR;2023;2
Girona;CONTRA EL HONOR;2022;1
Girona;CONTRA EL HONOR;2021;3
Girona;CONTRA EL HONOR;2020;3
Girona;CONTRA EL HONOR;2019;7
Girona;CONTRA EL HONOR;2018;8
Girona;CONTRA EL HONOR;2017;7
Girona;CONTRA EL HONOR;2016;5
Girona;CONTRA EL HONOR;2015;15
Girona;CONTRA EL HONOR;2014;2
Girona;CONTRA EL HONOR;2013;3
Girona;CONTRA EL HONOR;2012;1
Girona;CONTRA EL HONOR;2011;1
Girona;CONTRA LA PROPIEDAD INDUSTRIAL/INTELECTUAL;2024;3
Girona;CONTRA LA PROPIEDAD INDUSTRIAL/INTELECTUAL;2023;0
Girona;CONTRA LA PROPIEDAD INDUSTRIAL/INTELECTUAL;2022;2
Girona;CONTRA LA PROPIEDAD INDUSTRIAL/INTELECTUAL;2021;1
Girona;CONTRA LA PROPIEDAD INDUSTRIAL/INTELECTUAL;2020;1
Girona;CONTRA LA PROPIEDAD INDUSTRIAL/INTELECTUAL;2019;1
Girona;CONTRA LA PROPIEDAD INDUSTRIAL/INTELECTUAL;2018;0
Girona;CONTRA LA PROPIEDAD INDUSTRIAL/INTELECTUAL;2017;1
Girona;CONTRA LA PROPIEDAD INDUSTRIAL/INTELECTUAL;2016;0
Girona;CONTRA LA PROPIEDAD INDUSTRIAL/INTELECTUAL;2015;2
Girona;CONTRA LA PROPIEDAD INDUSTRIAL/INTELECTUAL;2014;1
Girona;CONTRA LA PROPIEDAD INDUSTRIAL/INTELECTUAL;2013;2
Girona;CONTRA LA PROPIEDAD INDUSTRIAL/INTELECTUAL;2012;1
Girona;CONTRA LA PROPIEDAD INDUSTRIAL/INTELECTUAL;2011;4
Girona;DELITOS SEXUALES;2024;15
Girona;DELITOS SEXUALES;2023;12
Girona;DELITOS SEXUALES;2022;11
Girona;DELITOS SEXUALES;2021;4
Girona;DELITOS SEXUALES;2020;11
Girona;DELITOS SEXUALES;2019;16
Girona;DELITOS SEXUALES;2018;20
Girona;DELITOS SEXUALES;2017;6
Girona;DELITOS SEXUALES;2016;3
Girona;DELITOS SEXUALES;2015;10
Girona;DELITOS SEXUALES;2014;5
Girona;DELITOS SEXUALES;2013;2
Girona;DELITOS SEXUALES;2012;4
Girona;DELITOS SEXUALES;2011;3
Girona;FALSIFICACIÓN INFORMÁTICA;2024;149
Girona;FALSIFICACIÓN INFORMÁTICA;2023;78
Girona;FALSIFICACIÓN INFORMÁTICA;2022;72
Girona;FALSIFICACIÓN INFORMÁTICA;2021;46
Girona;FALSIFICACIÓN INFORMÁTICA;2020;25
Girona;FALSIFICACIÓN INFORMÁTICA;2019;14
Girona;FALSIFICACIÓN INFORMÁTICA;2018;19
Girona;FALSIFICACIÓN INFORMÁTICA;2017;16
Girona;FALSIFICACIÓN INFORMÁTICA;2016;8
Girona;FALSIFICACIÓN INFORMÁTICA;2015;8
Girona;FALSIFICACIÓN INFORMÁTICA;2014;1
Girona;FALSIFICACIÓN INFORMÁTICA;2013;4
Girona;FALSIFICACIÓN INFORMÁTICA;2012;3
Girona;FALSIFICACIÓN INFORMÁTICA;2011;0
Girona;FRAUDE INFORMÁTICO;2024;7.652
Girona;FRAUDE INFORMÁTICO;2023;8.397
Girona;FRAUDE INFORMÁTICO;2022;6.833
Girona;FRAUDE INFORMÁTICO;2021;5.371
Girona;FRAUDE INFORMÁTICO;2020;5.239
Girona;FRAUDE INFORMÁTICO;2019;4.285
Girona;FRAUDE INFORMÁTICO;2018;3.928
Girona;FRAUDE INFORMÁTICO;2017;2.905
Girona;FRAUDE INFORMÁTICO;2016;2.042
Girona;FRAUDE INFORMÁTICO;2015;1.846
Girona;FRAUDE INFORMÁTICO;2014;38
Girona;FRAUDE INFORMÁTICO;2013;35
Girona;FRAUDE INFORMÁTICO;2012;41
Girona;FRAUDE INFORMÁTICO;2011;36
Girona;INTERFERENCIA EN LOS DATOS Y EN EL SISTEMA;2024;6
Girona;INTERFERENCIA EN LOS DATOS Y EN EL SISTEMA;2023;9
Girona;INTERFERENCIA EN LOS DATOS Y EN EL SISTEMA;2022;4
Girona;INTERFERENCIA EN LOS DATOS Y EN EL SISTEMA;2021;7
Girona;INTERFERENCIA EN LOS DATOS Y EN EL SISTEMA;2020;9
Girona;INTERFERENCIA EN LOS DATOS Y EN EL SISTEMA;2019;19
Girona;INTERFERENCIA EN LOS DATOS Y EN EL SISTEMA;2018;13
Girona;INTERFERENCIA EN LOS DATOS Y EN EL SISTEMA;2017;9
Girona;INTERFERENCIA EN LOS DATOS Y EN EL SISTEMA;2016;17
Girona;INTERFERENCIA EN LOS DATOS Y EN EL SISTEMA;2015;22
Girona;INTERFERENCIA EN LOS DATOS Y EN EL SISTEMA;2014;0
Girona;INTERFERENCIA EN LOS DATOS Y EN EL SISTEMA;2013;2
Girona;INTERFERENCIA EN LOS DATOS Y EN EL SISTEMA;2012;0
Girona;INTERFERENCIA EN LOS DATOS Y EN EL SISTEMA;2011;0
Girona;TOTAL grupo penal;2024;7.998
Girona;TOTAL grupo penal;2023;8.680
Girona;TOTAL grupo penal;2022;7.118
Girona;TOTAL grupo penal;2021;5.624
Girona;TOTAL grupo penal;2020;5.376
Girona;TOTAL grupo penal;2019;4.442
Girona;TOTAL grupo penal;2018;4.088
Girona;TOTAL grupo penal;2017;3.029
Girona;TOTAL grupo penal;2016;2.162
Girona;TOTAL grupo penal;2015;1.998
Girona;TOTAL grupo penal;2014;56
Girona;TOTAL grupo penal;2013;49
Girona;TOTAL grupo penal;2012;56
Girona;TOTAL grupo penal;2011;48
Granada;ACCESO  E INTERCEPTACIÓN ILÍCITA;2024;173
Granada;ACCESO  E INTERCEPTACIÓN ILÍCITA;2023;104
Granada;ACCESO  E INTERCEPTACIÓN ILÍCITA;2022;86
Granada;ACCESO  E INTERCEPTACIÓN ILÍCITA;2021;59
Granada;ACCESO  E INTERCEPTACIÓN ILÍCITA;2020;78
Granada;ACCESO  E INTERCEPTACIÓN ILÍCITA;2019;69
Granada;ACCESO  E INTERCEPTACIÓN ILÍCITA;2018;54
Granada;ACCESO  E INTERCEPTACIÓN ILÍCITA;2017;56
Granada;ACCESO  E INTERCEPTACIÓN ILÍCITA;2016;68
Granada;ACCESO  E INTERCEPTACIÓN ILÍCITA;2015;60
Granada;ACCESO  E INTERCEPTACIÓN ILÍCITA;2014;46
Granada;ACCESO  E INTERCEPTACIÓN ILÍCITA;2013;45
Granada;ACCESO  E INTERCEPTACIÓN ILÍCITA;2012;59
Granada;ACCESO  E INTERCEPTACIÓN ILÍCITA;2011;35
Granada;AMENAZAS Y COACCIONES;2024;522
Granada;AMENAZAS Y COACCIONES;2023;427
Granada;AMENAZAS Y COACCIONES;2022;299
Granada;AMENAZAS Y COACCIONES;2021;307
Granada;AMENAZAS Y COACCIONES;2020;286
Granada;AMENAZAS Y COACCIONES;2019;252
Granada;AMENAZAS Y COACCIONES;2018;278
Granada;AMENAZAS Y COACCIONES;2017;242
Granada;AMENAZAS Y COACCIONES;2016;272
Granada;AMENAZAS Y COACCIONES;2015;217
Granada;AMENAZAS Y COACCIONES;2014;236
Granada;AMENAZAS Y COACCIONES;2013;224
Granada;AMENAZAS Y COACCIONES;2012;291
Granada;AMENAZAS Y COACCIONES;2011;285
Granada;CONTRA EL HONOR;2024;26
Granada;CONTRA EL HONOR;2023;23
Granada;CONTRA EL HONOR;2022;24
Granada;CONTRA EL HONOR;2021;20
Granada;CONTRA EL HONOR;2020;15
Granada;CONTRA EL HONOR;2019;31
Granada;CONTRA EL HONOR;2018;27
Granada;CONTRA EL HONOR;2017;39
Granada;CONTRA EL HONOR;2016;28
Granada;CONTRA EL HONOR;2015;38
Granada;CONTRA EL HONOR;2014;52
Granada;CONTRA EL HONOR;2013;47
Granada;CONTRA EL HONOR;2012;54
Granada;CONTRA EL HONOR;2011;51
Granada;CONTRA LA PROPIEDAD INDUSTRIAL/INTELECTUAL;2024;5
Granada;CONTRA LA PROPIEDAD INDUSTRIAL/INTELECTUAL;2023;2
Granada;CONTRA LA PROPIEDAD INDUSTRIAL/INTELECTUAL;2022;4
Granada;CONTRA LA PROPIEDAD INDUSTRIAL/INTELECTUAL;2021;0
Granada;CONTRA LA PROPIEDAD INDUSTRIAL/INTELECTUAL;2020;3
Granada;CONTRA LA PROPIEDAD INDUSTRIAL/INTELECTUAL;2019;2
Granada;CONTRA LA PROPIEDAD INDUSTRIAL/INTELECTUAL;2018;2
Granada;CONTRA LA PROPIEDAD INDUSTRIAL/INTELECTUAL;2017;2
Granada;CONTRA LA PROPIEDAD INDUSTRIAL/INTELECTUAL;2016;1
Granada;CONTRA LA PROPIEDAD INDUSTRIAL/INTELECTUAL;2015;2
Granada;CONTRA LA PROPIEDAD INDUSTRIAL/INTELECTUAL;2014;4
Granada;CONTRA LA PROPIEDAD INDUSTRIAL/INTELECTUAL;2013;3
Granada;CONTRA LA PROPIEDAD INDUSTRIAL/INTELECTUAL;2012;3
Granada;CONTRA LA PROPIEDAD INDUSTRIAL/INTELECTUAL;2011;3
Granada;DELITOS SEXUALES;2024;21
Granada;DELITOS SEXUALES;2023;31
Granada;DELITOS SEXUALES;2022;21
Granada;DELITOS SEXUALES;2021;33
Granada;DELITOS SEXUALES;2020;46
Granada;DELITOS SEXUALES;2019;17
Granada;DELITOS SEXUALES;2018;36
Granada;DELITOS SEXUALES;2017;43
Granada;DELITOS SEXUALES;2016;22
Granada;DELITOS SEXUALES;2015;20
Granada;DELITOS SEXUALES;2014;16
Granada;DELITOS SEXUALES;2013;16
Granada;DELITOS SEXUALES;2012;16
Granada;DELITOS SEXUALES;2011;11
Granada;FALSIFICACIÓN INFORMÁTICA;2024;383
Granada;FALSIFICACIÓN INFORMÁTICA;2023;280
Granada;FALSIFICACIÓN INFORMÁTICA;2022;242
Granada;FALSIFICACIÓN INFORMÁTICA;2021;255
Granada;FALSIFICACIÓN INFORMÁTICA;2020;179
Granada;FALSIFICACIÓN INFORMÁTICA;2019;128
Granada;FALSIFICACIÓN INFORMÁTICA;2018;108
Granada;FALSIFICACIÓN INFORMÁTICA;2017;106
Granada;FALSIFICACIÓN INFORMÁTICA;2016;140
Granada;FALSIFICACIÓN INFORMÁTICA;2015;116
Granada;FALSIFICACIÓN INFORMÁTICA;2014;112
Granada;FALSIFICACIÓN INFORMÁTICA;2013;97
Granada;FALSIFICACIÓN INFORMÁTICA;2012;136
Granada;FALSIFICACIÓN INFORMÁTICA;2011;108
Granada;FRAUDE INFORMÁTICO;2024;8.275
Granada;FRAUDE INFORMÁTICO;2023;8.978
Granada;FRAUDE INFORMÁTICO;2022;4.700
Granada;FRAUDE INFORMÁTICO;2021;3.870
Granada;FRAUDE INFORMÁTICO;2020;3.708
Granada;FRAUDE INFORMÁTICO;2019;2.816
Granada;FRAUDE INFORMÁTICO;2018;1.782
Granada;FRAUDE INFORMÁTICO;2017;1.404
Granada;FRAUDE INFORMÁTICO;2016;1.000
Granada;FRAUDE INFORMÁTICO;2015;914
Granada;FRAUDE INFORMÁTICO;2014;767
Granada;FRAUDE INFORMÁTICO;2013;643
Granada;FRAUDE INFORMÁTICO;2012;646
Granada;FRAUDE INFORMÁTICO;2011;413
Granada;INTERFERENCIA EN LOS DATOS Y EN EL SISTEMA;2024;75
Granada;INTERFERENCIA EN LOS DATOS Y EN EL SISTEMA;2023;92
Granada;INTERFERENCIA EN LOS DATOS Y EN EL SISTEMA;2022;53
Granada;INTERFERENCIA EN LOS DATOS Y EN EL SISTEMA;2021;53
Granada;INTERFERENCIA EN LOS DATOS Y EN EL SISTEMA;2020;40
Granada;INTERFERENCIA EN LOS DATOS Y EN EL SISTEMA;2019;51
Granada;INTERFERENCIA EN LOS DATOS Y EN EL SISTEMA;2018;30
Granada;INTERFERENCIA EN LOS DATOS Y EN EL SISTEMA;2017;31
Granada;INTERFERENCIA EN LOS DATOS Y EN EL SISTEMA;2016;33
Granada;INTERFERENCIA EN LOS DATOS Y EN EL SISTEMA;2015;24
Granada;INTERFERENCIA EN LOS DATOS Y EN EL SISTEMA;2014;15
Granada;INTERFERENCIA EN LOS DATOS Y EN EL SISTEMA;2013;14
Granada;INTERFERENCIA EN LOS DATOS Y EN EL SISTEMA;2012;13
Granada;INTERFERENCIA EN LOS DATOS Y EN EL SISTEMA;2011;11
Granada;TOTAL grupo penal;2024;9.480
Granada;TOTAL grupo penal;2023;9.937
Granada;TOTAL grupo penal;2022;5.429
Granada;TOTAL grupo penal;2021;4.597
Granada;TOTAL grupo penal;2020;4.355
Granada;TOTAL grupo penal;2019;3.366
Granada;TOTAL grupo penal;2018;2.317
Granada;TOTAL grupo penal;2017;1.923
Granada;TOTAL grupo penal;2016;1.564
Granada;TOTAL grupo penal;2015;1.391
Granada;TOTAL grupo penal;2014;1.248
Granada;TOTAL grupo penal;2013;1.089
Granada;TOTAL grupo penal;2012;1.218
Granada;TOTAL grupo penal;2011;917
Guadalajara;ACCESO  E INTERCEPTACIÓN ILÍCITA;2024;24
Guadalajara;ACCESO  E INTERCEPTACIÓN ILÍCITA;2023;29
Guadalajara;ACCESO  E INTERCEPTACIÓN ILÍCITA;2022;18
Guadalajara;ACCESO  E INTERCEPTACIÓN ILÍCITA;2021;14
Guadalajara;ACCESO  E INTERCEPTACIÓN ILÍCITA;2020;9
Guadalajara;ACCESO  E INTERCEPTACIÓN ILÍCITA;2019;9
Guadalajara;ACCESO  E INTERCEPTACIÓN ILÍCITA;2018;9
Guadalajara;ACCESO  E INTERCEPTACIÓN ILÍCITA;2017;8
Guadalajara;ACCESO  E INTERCEPTACIÓN ILÍCITA;2016;14
Guadalajara;ACCESO  E INTERCEPTACIÓN ILÍCITA;2015;6
Guadalajara;ACCESO  E INTERCEPTACIÓN ILÍCITA;2014;4
Guadalajara;ACCESO  E INTERCEPTACIÓN ILÍCITA;2013;7
Guadalajara;ACCESO  E INTERCEPTACIÓN ILÍCITA;2012;3
Guadalajara;ACCESO  E INTERCEPTACIÓN ILÍCITA;2011;2
Guadalajara;AMENAZAS Y COACCIONES;2024;87
Guadalajara;AMENAZAS Y COACCIONES;2023;103
Guadalajara;AMENAZAS Y COACCIONES;2022;108
Guadalajara;AMENAZAS Y COACCIONES;2021;100
Guadalajara;AMENAZAS Y COACCIONES;2020;53
Guadalajara;AMENAZAS Y COACCIONES;2019;74
Guadalajara;AMENAZAS Y COACCIONES;2018;64
Guadalajara;AMENAZAS Y COACCIONES;2017;62
Guadalajara;AMENAZAS Y COACCIONES;2016;76
Guadalajara;AMENAZAS Y COACCIONES;2015;71
Guadalajara;AMENAZAS Y COACCIONES;2014;56
Guadalajara;AMENAZAS Y COACCIONES;2013;45
Guadalajara;AMENAZAS Y COACCIONES;2012;52
Guadalajara;AMENAZAS Y COACCIONES;2011;63
Guadalajara;CONTRA EL HONOR;2024;4
Guadalajara;CONTRA EL HONOR;2023;7
Guadalajara;CONTRA EL HONOR;2022;3
Guadalajara;CONTRA EL HONOR;2021;6
Guadalajara;CONTRA EL HONOR;2020;9
Guadalajara;CONTRA EL HONOR;2019;4
Guadalajara;CONTRA EL HONOR;2018;6
Guadalajara;CONTRA EL HONOR;2017;6
Guadalajara;CONTRA EL HONOR;2016;11
Guadalajara;CONTRA EL HONOR;2015;11
Guadalajara;CONTRA EL HONOR;2014;7
Guadalajara;CONTRA EL HONOR;2013;13
Guadalajara;CONTRA EL HONOR;2012;13
Guadalajara;CONTRA EL HONOR;2011;10
Guadalajara;CONTRA LA PROPIEDAD INDUSTRIAL/INTELECTUAL;2024;0
Guadalajara;CONTRA LA PROPIEDAD INDUSTRIAL/INTELECTUAL;2023;0
Guadalajara;CONTRA LA PROPIEDAD INDUSTRIAL/INTELECTUAL;2022;1
Guadalajara;CONTRA LA PROPIEDAD INDUSTRIAL/INTELECTUAL;2021;1
Guadalajara;CONTRA LA PROPIEDAD INDUSTRIAL/INTELECTUAL;2020;0
Guadalajara;CONTRA LA PROPIEDAD INDUSTRIAL/INTELECTUAL;2019;0
Guadalajara;CONTRA LA PROPIEDAD INDUSTRIAL/INTELECTUAL;2018;1
Guadalajara;CONTRA LA PROPIEDAD INDUSTRIAL/INTELECTUAL;2017;0
Guadalajara;CONTRA LA PROPIEDAD INDUSTRIAL/INTELECTUAL;2016;0
Guadalajara;CONTRA LA PROPIEDAD INDUSTRIAL/INTELECTUAL;2015;1
Guadalajara;CONTRA LA PROPIEDAD INDUSTRIAL/INTELECTUAL;2014;0
Guadalajara;CONTRA LA PROPIEDAD INDUSTRIAL/INTELECTUAL;2013;0
Guadalajara;CONTRA LA PROPIEDAD INDUSTRIAL/INTELECTUAL;2012;0
Guadalajara;CONTRA LA PROPIEDAD INDUSTRIAL/INTELECTUAL;2011;0
Guadalajara;DELITOS SEXUALES;2024;10
Guadalajara;DELITOS SEXUALES;2023;13
Guadalajara;DELITOS SEXUALES;2022;6
Guadalajara;DELITOS SEXUALES;2021;6
Guadalajara;DELITOS SEXUALES;2020;7
Guadalajara;DELITOS SEXUALES;2019;6
Guadalajara;DELITOS SEXUALES;2018;10
Guadalajara;DELITOS SEXUALES;2017;6
Guadalajara;DELITOS SEXUALES;2016;8
Guadalajara;DELITOS SEXUALES;2015;6
Guadalajara;DELITOS SEXUALES;2014;7
Guadalajara;DELITOS SEXUALES;2013;4
Guadalajara;DELITOS SEXUALES;2012;4
Guadalajara;DELITOS SEXUALES;2011;4
Guadalajara;FALSIFICACIÓN INFORMÁTICA;2024;143
Guadalajara;FALSIFICACIÓN INFORMÁTICA;2023;145
Guadalajara;FALSIFICACIÓN INFORMÁTICA;2022;105
Guadalajara;FALSIFICACIÓN INFORMÁTICA;2021;80
Guadalajara;FALSIFICACIÓN INFORMÁTICA;2020;42
Guadalajara;FALSIFICACIÓN INFORMÁTICA;2019;28
Guadalajara;FALSIFICACIÓN INFORMÁTICA;2018;17
Guadalajara;FALSIFICACIÓN INFORMÁTICA;2017;18
Guadalajara;FALSIFICACIÓN INFORMÁTICA;2016;13
Guadalajara;FALSIFICACIÓN INFORMÁTICA;2015;11
Guadalajara;FALSIFICACIÓN INFORMÁTICA;2014;6
Guadalajara;FALSIFICACIÓN INFORMÁTICA;2013;5
Guadalajara;FALSIFICACIÓN INFORMÁTICA;2012;6
Guadalajara;FALSIFICACIÓN INFORMÁTICA;2011;5
Guadalajara;FRAUDE INFORMÁTICO;2024;2.823
Guadalajara;FRAUDE INFORMÁTICO;2023;3.096
Guadalajara;FRAUDE INFORMÁTICO;2022;1.551
Guadalajara;FRAUDE INFORMÁTICO;2021;836
Guadalajara;FRAUDE INFORMÁTICO;2020;744
Guadalajara;FRAUDE INFORMÁTICO;2019;538
Guadalajara;FRAUDE INFORMÁTICO;2018;490
Guadalajara;FRAUDE INFORMÁTICO;2017;284
Guadalajara;FRAUDE INFORMÁTICO;2016;257
Guadalajara;FRAUDE INFORMÁTICO;2015;212
Guadalajara;FRAUDE INFORMÁTICO;2014;161
Guadalajara;FRAUDE INFORMÁTICO;2013;108
Guadalajara;FRAUDE INFORMÁTICO;2012;73
Guadalajara;FRAUDE INFORMÁTICO;2011;64
Guadalajara;INTERFERENCIA EN LOS DATOS Y EN EL SISTEMA;2024;9
Guadalajara;INTERFERENCIA EN LOS DATOS Y EN EL SISTEMA;2023;6
Guadalajara;INTERFERENCIA EN LOS DATOS Y EN EL SISTEMA;2022;10
Guadalajara;INTERFERENCIA EN LOS DATOS Y EN EL SISTEMA;2021;6
Guadalajara;INTERFERENCIA EN LOS DATOS Y EN EL SISTEMA;2020;7
Guadalajara;INTERFERENCIA EN LOS DATOS Y EN EL SISTEMA;2019;6
Guadalajara;INTERFERENCIA EN LOS DATOS Y EN EL SISTEMA;2018;4
Guadalajara;INTERFERENCIA EN LOS DATOS Y EN EL SISTEMA;2017;16
Guadalajara;INTERFERENCIA EN LOS DATOS Y EN EL SISTEMA;2016;11
Guadalajara;INTERFERENCIA EN LOS DATOS Y EN EL SISTEMA;2015;4
Guadalajara;INTERFERENCIA EN LOS DATOS Y EN EL SISTEMA;2014;0
Guadalajara;INTERFERENCIA EN LOS DATOS Y EN EL SISTEMA;2013;3
Guadalajara;INTERFERENCIA EN LOS DATOS Y EN EL SISTEMA;2012;1
Guadalajara;INTERFERENCIA EN LOS DATOS Y EN EL SISTEMA;2011;3
Guadalajara;TOTAL grupo penal;2024;3.100
Guadalajara;TOTAL grupo penal;2023;3.399
Guadalajara;TOTAL grupo penal;2022;1.802
Guadalajara;TOTAL grupo penal;2021;1.049
Guadalajara;TOTAL grupo penal;2020;871
Guadalajara;TOTAL grupo penal;2019;665
Guadalajara;TOTAL grupo penal;2018;601
Guadalajara;TOTAL grupo penal;2017;400
Guadalajara;TOTAL grupo penal;2016;390
Guadalajara;TOTAL grupo penal;2015;322
Guadalajara;TOTAL grupo penal;2014;241
Guadalajara;TOTAL grupo penal;2013;185
Guadalajara;TOTAL grupo penal;2012;152
Guadalajara;TOTAL grupo penal;2011;151
Gipuzkoa;ACCESO  E INTERCEPTACIÓN ILÍCITA;2024;71
Gipuzkoa;ACCESO  E INTERCEPTACIÓN ILÍCITA;2023;74
Gipuzkoa;ACCESO  E INTERCEPTACIÓN ILÍCITA;2022;51
Gipuzkoa;ACCESO  E INTERCEPTACIÓN ILÍCITA;2021;67
Gipuzkoa;ACCESO  E INTERCEPTACIÓN ILÍCITA;2020;61
Gipuzkoa;ACCESO  E INTERCEPTACIÓN ILÍCITA;2019;57
Gipuzkoa;ACCESO  E INTERCEPTACIÓN ILÍCITA;2018;32
Gipuzkoa;ACCESO  E INTERCEPTACIÓN ILÍCITA;2017;44
Gipuzkoa;ACCESO  E INTERCEPTACIÓN ILÍCITA;2016;35
Gipuzkoa;ACCESO  E INTERCEPTACIÓN ILÍCITA;2015;30
Gipuzkoa;ACCESO  E INTERCEPTACIÓN ILÍCITA;2014;3
Gipuzkoa;ACCESO  E INTERCEPTACIÓN ILÍCITA;2013;3
Gipuzkoa;ACCESO  E INTERCEPTACIÓN ILÍCITA;2012;2
Gipuzkoa;ACCESO  E INTERCEPTACIÓN ILÍCITA;2011;0
Gipuzkoa;AMENAZAS Y COACCIONES;2024;457
Gipuzkoa;AMENAZAS Y COACCIONES;2023;446
Gipuzkoa;AMENAZAS Y COACCIONES;2022;181
Gipuzkoa;AMENAZAS Y COACCIONES;2021;167
Gipuzkoa;AMENAZAS Y COACCIONES;2020;129
Gipuzkoa;AMENAZAS Y COACCIONES;2019;86
Gipuzkoa;AMENAZAS Y COACCIONES;2018;86
Gipuzkoa;AMENAZAS Y COACCIONES;2017;65
Gipuzkoa;AMENAZAS Y COACCIONES;2016;64
Gipuzkoa;AMENAZAS Y COACCIONES;2015;68
Gipuzkoa;AMENAZAS Y COACCIONES;2014;8
Gipuzkoa;AMENAZAS Y COACCIONES;2013;7
Gipuzkoa;AMENAZAS Y COACCIONES;2012;2
Gipuzkoa;AMENAZAS Y COACCIONES;2011;7
Gipuzkoa;CONTRA EL HONOR;2024;0
Gipuzkoa;CONTRA EL HONOR;2023;2
Gipuzkoa;CONTRA EL HONOR;2022;1
Gipuzkoa;CONTRA EL HONOR;2021;1
Gipuzkoa;CONTRA EL HONOR;2020;1
Gipuzkoa;CONTRA EL HONOR;2019;1
Gipuzkoa;CONTRA EL HONOR;2018;2
Gipuzkoa;CONTRA EL HONOR;2017;2
Gipuzkoa;CONTRA EL HONOR;2016;2
Gipuzkoa;CONTRA EL HONOR;2015;2
Gipuzkoa;CONTRA EL HONOR;2014;1
Gipuzkoa;CONTRA EL HONOR;2013;0
Gipuzkoa;CONTRA EL HONOR;2012;0
Gipuzkoa;CONTRA EL HONOR;2011;2
Gipuzkoa;CONTRA LA PROPIEDAD INDUSTRIAL/INTELECTUAL;2024;4
Gipuzkoa;CONTRA LA PROPIEDAD INDUSTRIAL/INTELECTUAL;2023;1
Gipuzkoa;CONTRA LA PROPIEDAD INDUSTRIAL/INTELECTUAL;2022;1
Gipuzkoa;CONTRA LA PROPIEDAD INDUSTRIAL/INTELECTUAL;2021;1
Gipuzkoa;CONTRA LA PROPIEDAD INDUSTRIAL/INTELECTUAL;2020;1
Gipuzkoa;CONTRA LA PROPIEDAD INDUSTRIAL/INTELECTUAL;2019;3
Gipuzkoa;CONTRA LA PROPIEDAD INDUSTRIAL/INTELECTUAL;2018;1
Gipuzkoa;CONTRA LA PROPIEDAD INDUSTRIAL/INTELECTUAL;2017;0
Gipuzkoa;CONTRA LA PROPIEDAD INDUSTRIAL/INTELECTUAL;2016;2
Gipuzkoa;CONTRA LA PROPIEDAD INDUSTRIAL/INTELECTUAL;2015;4
Gipuzkoa;CONTRA LA PROPIEDAD INDUSTRIAL/INTELECTUAL;2014;3
Gipuzkoa;CONTRA LA PROPIEDAD INDUSTRIAL/INTELECTUAL;2013;1
Gipuzkoa;CONTRA LA PROPIEDAD INDUSTRIAL/INTELECTUAL;2012;2
Gipuzkoa;CONTRA LA PROPIEDAD INDUSTRIAL/INTELECTUAL;2011;1
Gipuzkoa;DELITOS SEXUALES;2024;41
Gipuzkoa;DELITOS SEXUALES;2023;81
Gipuzkoa;DELITOS SEXUALES;2022;15
Gipuzkoa;DELITOS SEXUALES;2021;31
Gipuzkoa;DELITOS SEXUALES;2020;31
Gipuzkoa;DELITOS SEXUALES;2019;23
Gipuzkoa;DELITOS SEXUALES;2018;27
Gipuzkoa;DELITOS SEXUALES;2017;16
Gipuzkoa;DELITOS SEXUALES;2016;12
Gipuzkoa;DELITOS SEXUALES;2015;17
Gipuzkoa;DELITOS SEXUALES;2014;6
Gipuzkoa;DELITOS SEXUALES;2013;3
Gipuzkoa;DELITOS SEXUALES;2012;10
Gipuzkoa;DELITOS SEXUALES;2011;13
Gipuzkoa;FALSIFICACIÓN INFORMÁTICA;2024;268
Gipuzkoa;FALSIFICACIÓN INFORMÁTICA;2023;256
Gipuzkoa;FALSIFICACIÓN INFORMÁTICA;2022;237
Gipuzkoa;FALSIFICACIÓN INFORMÁTICA;2021;167
Gipuzkoa;FALSIFICACIÓN INFORMÁTICA;2020;105
Gipuzkoa;FALSIFICACIÓN INFORMÁTICA;2019;97
Gipuzkoa;FALSIFICACIÓN INFORMÁTICA;2018;53
Gipuzkoa;FALSIFICACIÓN INFORMÁTICA;2017;38
Gipuzkoa;FALSIFICACIÓN INFORMÁTICA;2016;66
Gipuzkoa;FALSIFICACIÓN INFORMÁTICA;2015;61
Gipuzkoa;FALSIFICACIÓN INFORMÁTICA;2014;2
Gipuzkoa;FALSIFICACIÓN INFORMÁTICA;2013;1
Gipuzkoa;FALSIFICACIÓN INFORMÁTICA;2012;2
Gipuzkoa;FALSIFICACIÓN INFORMÁTICA;2011;1
Gipuzkoa;FRAUDE INFORMÁTICO;2024;6.882
Gipuzkoa;FRAUDE INFORMÁTICO;2023;7.895
Gipuzkoa;FRAUDE INFORMÁTICO;2022;5.572
Gipuzkoa;FRAUDE INFORMÁTICO;2021;4.338
Gipuzkoa;FRAUDE INFORMÁTICO;2020;4.619
Gipuzkoa;FRAUDE INFORMÁTICO;2019;3.770
Gipuzkoa;FRAUDE INFORMÁTICO;2018;3.503
Gipuzkoa;FRAUDE INFORMÁTICO;2017;2.693
Gipuzkoa;FRAUDE INFORMÁTICO;2016;2.214
Gipuzkoa;FRAUDE INFORMÁTICO;2015;1.961
Gipuzkoa;FRAUDE INFORMÁTICO;2014;58
Gipuzkoa;FRAUDE INFORMÁTICO;2013;50
Gipuzkoa;FRAUDE INFORMÁTICO;2012;61
Gipuzkoa;FRAUDE INFORMÁTICO;2011;42
Gipuzkoa;INTERFERENCIA EN LOS DATOS Y EN EL SISTEMA;2024;3
Gipuzkoa;INTERFERENCIA EN LOS DATOS Y EN EL SISTEMA;2023;6
Gipuzkoa;INTERFERENCIA EN LOS DATOS Y EN EL SISTEMA;2022;11
Gipuzkoa;INTERFERENCIA EN LOS DATOS Y EN EL SISTEMA;2021;20
Gipuzkoa;INTERFERENCIA EN LOS DATOS Y EN EL SISTEMA;2020;15
Gipuzkoa;INTERFERENCIA EN LOS DATOS Y EN EL SISTEMA;2019;10
Gipuzkoa;INTERFERENCIA EN LOS DATOS Y EN EL SISTEMA;2018;17
Gipuzkoa;INTERFERENCIA EN LOS DATOS Y EN EL SISTEMA;2017;19
Gipuzkoa;INTERFERENCIA EN LOS DATOS Y EN EL SISTEMA;2016;27
Gipuzkoa;INTERFERENCIA EN LOS DATOS Y EN EL SISTEMA;2015;10
Gipuzkoa;INTERFERENCIA EN LOS DATOS Y EN EL SISTEMA;2014;0
Gipuzkoa;INTERFERENCIA EN LOS DATOS Y EN EL SISTEMA;2013;0
Gipuzkoa;INTERFERENCIA EN LOS DATOS Y EN EL SISTEMA;2012;2
Gipuzkoa;INTERFERENCIA EN LOS DATOS Y EN EL SISTEMA;2011;0
Gipuzkoa;TOTAL grupo penal;2024;7.726
Gipuzkoa;TOTAL grupo penal;2023;8.761
Gipuzkoa;TOTAL grupo penal;2022;6.069
Gipuzkoa;TOTAL grupo penal;2021;4.792
Gipuzkoa;TOTAL grupo penal;2020;4.962
Gipuzkoa;TOTAL grupo penal;2019;4.047
Gipuzkoa;TOTAL grupo penal;2018;3.721
Gipuzkoa;TOTAL grupo penal;2017;2.877
Gipuzkoa;TOTAL grupo penal;2016;2.422
Gipuzkoa;TOTAL grupo penal;2015;2.153
Gipuzkoa;TOTAL grupo penal;2014;81
Gipuzkoa;TOTAL grupo penal;2013;65
Gipuzkoa;TOTAL grupo penal;2012;81
Gipuzkoa;TOTAL grupo penal;2011;66
Huelva;ACCESO  E INTERCEPTACIÓN ILÍCITA;2024;86
Huelva;ACCESO  E INTERCEPTACIÓN ILÍCITA;2023;70
Huelva;ACCESO  E INTERCEPTACIÓN ILÍCITA;2022;37
Huelva;ACCESO  E INTERCEPTACIÓN ILÍCITA;2021;41
Huelva;ACCESO  E INTERCEPTACIÓN ILÍCITA;2020;34
Huelva;ACCESO  E INTERCEPTACIÓN ILÍCITA;2019;24
Huelva;ACCESO  E INTERCEPTACIÓN ILÍCITA;2018;34
Huelva;ACCESO  E INTERCEPTACIÓN ILÍCITA;2017;25
Huelva;ACCESO  E INTERCEPTACIÓN ILÍCITA;2016;33
Huelva;ACCESO  E INTERCEPTACIÓN ILÍCITA;2015;41
Huelva;ACCESO  E INTERCEPTACIÓN ILÍCITA;2014;48
Huelva;ACCESO  E INTERCEPTACIÓN ILÍCITA;2013;33
Huelva;ACCESO  E INTERCEPTACIÓN ILÍCITA;2012;16
Huelva;ACCESO  E INTERCEPTACIÓN ILÍCITA;2011;16
Huelva;AMENAZAS Y COACCIONES;2024;156
Huelva;AMENAZAS Y COACCIONES;2023;198
Huelva;AMENAZAS Y COACCIONES;2022;220
Huelva;AMENAZAS Y COACCIONES;2021;255
Huelva;AMENAZAS Y COACCIONES;2020;224
Huelva;AMENAZAS Y COACCIONES;2019;236
Huelva;AMENAZAS Y COACCIONES;2018;213
Huelva;AMENAZAS Y COACCIONES;2017;217
Huelva;AMENAZAS Y COACCIONES;2016;206
Huelva;AMENAZAS Y COACCIONES;2015;197
Huelva;AMENAZAS Y COACCIONES;2014;190
Huelva;AMENAZAS Y COACCIONES;2013;185
Huelva;AMENAZAS Y COACCIONES;2012;158
Huelva;AMENAZAS Y COACCIONES;2011;161
Huelva;CONTRA EL HONOR;2024;15
Huelva;CONTRA EL HONOR;2023;27
Huelva;CONTRA EL HONOR;2022;25
Huelva;CONTRA EL HONOR;2021;25
Huelva;CONTRA EL HONOR;2020;33
Huelva;CONTRA EL HONOR;2019;29
Huelva;CONTRA EL HONOR;2018;26
Huelva;CONTRA EL HONOR;2017;17
Huelva;CONTRA EL HONOR;2016;15
Huelva;CONTRA EL HONOR;2015;27
Huelva;CONTRA EL HONOR;2014;42
Huelva;CONTRA EL HONOR;2013;37
Huelva;CONTRA EL HONOR;2012;28
Huelva;CONTRA EL HONOR;2011;29
Huelva;CONTRA LA PROPIEDAD INDUSTRIAL/INTELECTUAL;2024;3
Huelva;CONTRA LA PROPIEDAD INDUSTRIAL/INTELECTUAL;2023;1
Huelva;CONTRA LA PROPIEDAD INDUSTRIAL/INTELECTUAL;2022;1
Huelva;CONTRA LA PROPIEDAD INDUSTRIAL/INTELECTUAL;2021;0
Huelva;CONTRA LA PROPIEDAD INDUSTRIAL/INTELECTUAL;2020;1
Huelva;CONTRA LA PROPIEDAD INDUSTRIAL/INTELECTUAL;2019;0
Huelva;CONTRA LA PROPIEDAD INDUSTRIAL/INTELECTUAL;2018;0
Huelva;CONTRA LA PROPIEDAD INDUSTRIAL/INTELECTUAL;2017;1
Huelva;CONTRA LA PROPIEDAD INDUSTRIAL/INTELECTUAL;2016;3
Huelva;CONTRA LA PROPIEDAD INDUSTRIAL/INTELECTUAL;2015;2
Huelva;CONTRA LA PROPIEDAD INDUSTRIAL/INTELECTUAL;2014;8
Huelva;CONTRA LA PROPIEDAD INDUSTRIAL/INTELECTUAL;2013;1
Huelva;CONTRA LA PROPIEDAD INDUSTRIAL/INTELECTUAL;2012;3
Huelva;CONTRA LA PROPIEDAD INDUSTRIAL/INTELECTUAL;2011;4
Huelva;DELITOS SEXUALES;2024;22
Huelva;DELITOS SEXUALES;2023;20
Huelva;DELITOS SEXUALES;2022;22
Huelva;DELITOS SEXUALES;2021;24
Huelva;DELITOS SEXUALES;2020;16
Huelva;DELITOS SEXUALES;2019;20
Huelva;DELITOS SEXUALES;2018;26
Huelva;DELITOS SEXUALES;2017;14
Huelva;DELITOS SEXUALES;2016;14
Huelva;DELITOS SEXUALES;2015;14
Huelva;DELITOS SEXUALES;2014;13
Huelva;DELITOS SEXUALES;2013;7
Huelva;DELITOS SEXUALES;2012;4
Huelva;DELITOS SEXUALES;2011;8
Huelva;FALSIFICACIÓN INFORMÁTICA;2024;138
Huelva;FALSIFICACIÓN INFORMÁTICA;2023;69
Huelva;FALSIFICACIÓN INFORMÁTICA;2022;86
Huelva;FALSIFICACIÓN INFORMÁTICA;2021;75
Huelva;FALSIFICACIÓN INFORMÁTICA;2020;38
Huelva;FALSIFICACIÓN INFORMÁTICA;2019;40
Huelva;FALSIFICACIÓN INFORMÁTICA;2018;27
Huelva;FALSIFICACIÓN INFORMÁTICA;2017;33
Huelva;FALSIFICACIÓN INFORMÁTICA;2016;28
Huelva;FALSIFICACIÓN INFORMÁTICA;2015;37
Huelva;FALSIFICACIÓN INFORMÁTICA;2014;28
Huelva;FALSIFICACIÓN INFORMÁTICA;2013;12
Huelva;FALSIFICACIÓN INFORMÁTICA;2012;13
Huelva;FALSIFICACIÓN INFORMÁTICA;2011;19
Huelva;FRAUDE INFORMÁTICO;2024;3.118
Huelva;FRAUDE INFORMÁTICO;2023;3.004
Huelva;FRAUDE INFORMÁTICO;2022;1.681
Huelva;FRAUDE INFORMÁTICO;2021;1.284
Huelva;FRAUDE INFORMÁTICO;2020;1.128
Huelva;FRAUDE INFORMÁTICO;2019;1.327
Huelva;FRAUDE INFORMÁTICO;2018;1.165
Huelva;FRAUDE INFORMÁTICO;2017;925
Huelva;FRAUDE INFORMÁTICO;2016;828
Huelva;FRAUDE INFORMÁTICO;2015;571
Huelva;FRAUDE INFORMÁTICO;2014;432
Huelva;FRAUDE INFORMÁTICO;2013;279
Huelva;FRAUDE INFORMÁTICO;2012;220
Huelva;FRAUDE INFORMÁTICO;2011;177
Huelva;INTERFERENCIA EN LOS DATOS Y EN EL SISTEMA;2024;10
Huelva;INTERFERENCIA EN LOS DATOS Y EN EL SISTEMA;2023;3
Huelva;INTERFERENCIA EN LOS DATOS Y EN EL SISTEMA;2022;9
Huelva;INTERFERENCIA EN LOS DATOS Y EN EL SISTEMA;2021;4
Huelva;INTERFERENCIA EN LOS DATOS Y EN EL SISTEMA;2020;6
Huelva;INTERFERENCIA EN LOS DATOS Y EN EL SISTEMA;2019;5
Huelva;INTERFERENCIA EN LOS DATOS Y EN EL SISTEMA;2018;8
Huelva;INTERFERENCIA EN LOS DATOS Y EN EL SISTEMA;2017;6
Huelva;INTERFERENCIA EN LOS DATOS Y EN EL SISTEMA;2016;8
Huelva;INTERFERENCIA EN LOS DATOS Y EN EL SISTEMA;2015;8
Huelva;INTERFERENCIA EN LOS DATOS Y EN EL SISTEMA;2014;4
Huelva;INTERFERENCIA EN LOS DATOS Y EN EL SISTEMA;2013;2
Huelva;INTERFERENCIA EN LOS DATOS Y EN EL SISTEMA;2012;2
Huelva;INTERFERENCIA EN LOS DATOS Y EN EL SISTEMA;2011;1
Huelva;TOTAL grupo penal;2024;3.548
Huelva;TOTAL grupo penal;2023;3.392
Huelva;TOTAL grupo penal;2022;2.081
Huelva;TOTAL grupo penal;2021;1.708
Huelva;TOTAL grupo penal;2020;1.480
Huelva;TOTAL grupo penal;2019;1.681
Huelva;TOTAL grupo penal;2018;1.499
Huelva;TOTAL grupo penal;2017;1.238
Huelva;TOTAL grupo penal;2016;1.135
Huelva;TOTAL grupo penal;2015;897
Huelva;TOTAL grupo penal;2014;765
Huelva;TOTAL grupo penal;2013;556
Huelva;TOTAL grupo penal;2012;444
Huelva;TOTAL grupo penal;2011;415
Huesca;ACCESO  E INTERCEPTACIÓN ILÍCITA;2024;25
Huesca;ACCESO  E INTERCEPTACIÓN ILÍCITA;2023;20
Huesca;ACCESO  E INTERCEPTACIÓN ILÍCITA;2022;14
Huesca;ACCESO  E INTERCEPTACIÓN ILÍCITA;2021;18
Huesca;ACCESO  E INTERCEPTACIÓN ILÍCITA;2020;25
Huesca;ACCESO  E INTERCEPTACIÓN ILÍCITA;2019;6
Huesca;ACCESO  E INTERCEPTACIÓN ILÍCITA;2018;6
Huesca;ACCESO  E INTERCEPTACIÓN ILÍCITA;2017;5
Huesca;ACCESO  E INTERCEPTACIÓN ILÍCITA;2016;4
Huesca;ACCESO  E INTERCEPTACIÓN ILÍCITA;2015;5
Huesca;ACCESO  E INTERCEPTACIÓN ILÍCITA;2014;3
Huesca;ACCESO  E INTERCEPTACIÓN ILÍCITA;2013;9
Huesca;ACCESO  E INTERCEPTACIÓN ILÍCITA;2012;8
Huesca;ACCESO  E INTERCEPTACIÓN ILÍCITA;2011;2
Huesca;AMENAZAS Y COACCIONES;2024;117
Huesca;AMENAZAS Y COACCIONES;2023;112
Huesca;AMENAZAS Y COACCIONES;2022;73
Huesca;AMENAZAS Y COACCIONES;2021;92
Huesca;AMENAZAS Y COACCIONES;2020;58
Huesca;AMENAZAS Y COACCIONES;2019;65
Huesca;AMENAZAS Y COACCIONES;2018;59
Huesca;AMENAZAS Y COACCIONES;2017;56
Huesca;AMENAZAS Y COACCIONES;2016;39
Huesca;AMENAZAS Y COACCIONES;2015;32
Huesca;AMENAZAS Y COACCIONES;2014;30
Huesca;AMENAZAS Y COACCIONES;2013;37
Huesca;AMENAZAS Y COACCIONES;2012;34
Huesca;AMENAZAS Y COACCIONES;2011;53
Huesca;CONTRA EL HONOR;2024;11
Huesca;CONTRA EL HONOR;2023;6
Huesca;CONTRA EL HONOR;2022;1
Huesca;CONTRA EL HONOR;2021;7
Huesca;CONTRA EL HONOR;2020;5
Huesca;CONTRA EL HONOR;2019;0
Huesca;CONTRA EL HONOR;2018;14
Huesca;CONTRA EL HONOR;2017;3
Huesca;CONTRA EL HONOR;2016;13
Huesca;CONTRA EL HONOR;2015;3
Huesca;CONTRA EL HONOR;2014;8
Huesca;CONTRA EL HONOR;2013;8
Huesca;CONTRA EL HONOR;2012;7
Huesca;CONTRA EL HONOR;2011;15
Huesca;CONTRA LA PROPIEDAD INDUSTRIAL/INTELECTUAL;2024;2
Huesca;CONTRA LA PROPIEDAD INDUSTRIAL/INTELECTUAL;2023;0
Huesca;CONTRA LA PROPIEDAD INDUSTRIAL/INTELECTUAL;2022;0
Huesca;CONTRA LA PROPIEDAD INDUSTRIAL/INTELECTUAL;2021;1
Huesca;CONTRA LA PROPIEDAD INDUSTRIAL/INTELECTUAL;2020;0
Huesca;CONTRA LA PROPIEDAD INDUSTRIAL/INTELECTUAL;2019;1
Huesca;CONTRA LA PROPIEDAD INDUSTRIAL/INTELECTUAL;2018;0
Huesca;CONTRA LA PROPIEDAD INDUSTRIAL/INTELECTUAL;2017;2
Huesca;CONTRA LA PROPIEDAD INDUSTRIAL/INTELECTUAL;2016;0
Huesca;CONTRA LA PROPIEDAD INDUSTRIAL/INTELECTUAL;2015;1
Huesca;CONTRA LA PROPIEDAD INDUSTRIAL/INTELECTUAL;2014;0
Huesca;CONTRA LA PROPIEDAD INDUSTRIAL/INTELECTUAL;2013;0
Huesca;CONTRA LA PROPIEDAD INDUSTRIAL/INTELECTUAL;2012;0
Huesca;CONTRA LA PROPIEDAD INDUSTRIAL/INTELECTUAL;2011;0
Huesca;DELITOS SEXUALES;2024;9
Huesca;DELITOS SEXUALES;2023;7
Huesca;DELITOS SEXUALES;2022;3
Huesca;DELITOS SEXUALES;2021;11
Huesca;DELITOS SEXUALES;2020;4
Huesca;DELITOS SEXUALES;2019;7
Huesca;DELITOS SEXUALES;2018;6
Huesca;DELITOS SEXUALES;2017;7
Huesca;DELITOS SEXUALES;2016;3
Huesca;DELITOS SEXUALES;2015;4
Huesca;DELITOS SEXUALES;2014;3
Huesca;DELITOS SEXUALES;2013;8
Huesca;DELITOS SEXUALES;2012;1
Huesca;DELITOS SEXUALES;2011;4
Huesca;FALSIFICACIÓN INFORMÁTICA;2024;95
Huesca;FALSIFICACIÓN INFORMÁTICA;2023;84
Huesca;FALSIFICACIÓN INFORMÁTICA;2022;57
Huesca;FALSIFICACIÓN INFORMÁTICA;2021;54
Huesca;FALSIFICACIÓN INFORMÁTICA;2020;46
Huesca;FALSIFICACIÓN INFORMÁTICA;2019;29
Huesca;FALSIFICACIÓN INFORMÁTICA;2018;20
Huesca;FALSIFICACIÓN INFORMÁTICA;2017;14
Huesca;FALSIFICACIÓN INFORMÁTICA;2016;16
Huesca;FALSIFICACIÓN INFORMÁTICA;2015;6
Huesca;FALSIFICACIÓN INFORMÁTICA;2014;9
Huesca;FALSIFICACIÓN INFORMÁTICA;2013;6
Huesca;FALSIFICACIÓN INFORMÁTICA;2012;4
Huesca;FALSIFICACIÓN INFORMÁTICA;2011;14
Huesca;FRAUDE INFORMÁTICO;2024;2.006
Huesca;FRAUDE INFORMÁTICO;2023;1.876
Huesca;FRAUDE INFORMÁTICO;2022;1.389
Huesca;FRAUDE INFORMÁTICO;2021;1.050
Huesca;FRAUDE INFORMÁTICO;2020;1.094
Huesca;FRAUDE INFORMÁTICO;2019;657
Huesca;FRAUDE INFORMÁTICO;2018;404
Huesca;FRAUDE INFORMÁTICO;2017;262
Huesca;FRAUDE INFORMÁTICO;2016;203
Huesca;FRAUDE INFORMÁTICO;2015;216
Huesca;FRAUDE INFORMÁTICO;2014;151
Huesca;FRAUDE INFORMÁTICO;2013;103
Huesca;FRAUDE INFORMÁTICO;2012;95
Huesca;FRAUDE INFORMÁTICO;2011;79
Huesca;INTERFERENCIA EN LOS DATOS Y EN EL SISTEMA;2024;30
Huesca;INTERFERENCIA EN LOS DATOS Y EN EL SISTEMA;2023;8
Huesca;INTERFERENCIA EN LOS DATOS Y EN EL SISTEMA;2022;2
Huesca;INTERFERENCIA EN LOS DATOS Y EN EL SISTEMA;2021;15
Huesca;INTERFERENCIA EN LOS DATOS Y EN EL SISTEMA;2020;8
Huesca;INTERFERENCIA EN LOS DATOS Y EN EL SISTEMA;2019;3
Huesca;INTERFERENCIA EN LOS DATOS Y EN EL SISTEMA;2018;7
Huesca;INTERFERENCIA EN LOS DATOS Y EN EL SISTEMA;2017;5
Huesca;INTERFERENCIA EN LOS DATOS Y EN EL SISTEMA;2016;7
Huesca;INTERFERENCIA EN LOS DATOS Y EN EL SISTEMA;2015;7
Huesca;INTERFERENCIA EN LOS DATOS Y EN EL SISTEMA;2014;4
Huesca;INTERFERENCIA EN LOS DATOS Y EN EL SISTEMA;2013;6
Huesca;INTERFERENCIA EN LOS DATOS Y EN EL SISTEMA;2012;0
Huesca;INTERFERENCIA EN LOS DATOS Y EN EL SISTEMA;2011;0
Huesca;TOTAL grupo penal;2024;2.295
Huesca;TOTAL grupo penal;2023;2.113
Huesca;TOTAL grupo penal;2022;1.539
Huesca;TOTAL grupo penal;2021;1.248
Huesca;TOTAL grupo penal;2020;1.240
Huesca;TOTAL grupo penal;2019;768
Huesca;TOTAL grupo penal;2018;516
Huesca;TOTAL grupo penal;2017;354
Huesca;TOTAL grupo penal;2016;285
Huesca;TOTAL grupo penal;2015;274
Huesca;TOTAL grupo penal;2014;208
Huesca;TOTAL grupo penal;2013;177
Huesca;TOTAL grupo penal;2012;149
Huesca;TOTAL grupo penal;2011;167
Jaén;ACCESO  E INTERCEPTACIÓN ILÍCITA;2024;55
Jaén;ACCESO  E INTERCEPTACIÓN ILÍCITA;2023;75
Jaén;ACCESO  E INTERCEPTACIÓN ILÍCITA;2022;46
Jaén;ACCESO  E INTERCEPTACIÓN ILÍCITA;2021;30
Jaén;ACCESO  E INTERCEPTACIÓN ILÍCITA;2020;30
Jaén;ACCESO  E INTERCEPTACIÓN ILÍCITA;2019;37
Jaén;ACCESO  E INTERCEPTACIÓN ILÍCITA;2018;25
Jaén;ACCESO  E INTERCEPTACIÓN ILÍCITA;2017;20
Jaén;ACCESO  E INTERCEPTACIÓN ILÍCITA;2016;39
Jaén;ACCESO  E INTERCEPTACIÓN ILÍCITA;2015;24
Jaén;ACCESO  E INTERCEPTACIÓN ILÍCITA;2014;26
Jaén;ACCESO  E INTERCEPTACIÓN ILÍCITA;2013;20
Jaén;ACCESO  E INTERCEPTACIÓN ILÍCITA;2012;24
Jaén;ACCESO  E INTERCEPTACIÓN ILÍCITA;2011;26
Jaén;AMENAZAS Y COACCIONES;2024;171
Jaén;AMENAZAS Y COACCIONES;2023;150
Jaén;AMENAZAS Y COACCIONES;2022;213
Jaén;AMENAZAS Y COACCIONES;2021;201
Jaén;AMENAZAS Y COACCIONES;2020;204
Jaén;AMENAZAS Y COACCIONES;2019;130
Jaén;AMENAZAS Y COACCIONES;2018;182
Jaén;AMENAZAS Y COACCIONES;2017;155
Jaén;AMENAZAS Y COACCIONES;2016;154
Jaén;AMENAZAS Y COACCIONES;2015;128
Jaén;AMENAZAS Y COACCIONES;2014;152
Jaén;AMENAZAS Y COACCIONES;2013;130
Jaén;AMENAZAS Y COACCIONES;2012;151
Jaén;AMENAZAS Y COACCIONES;2011;164
Jaén;CONTRA EL HONOR;2024;23
Jaén;CONTRA EL HONOR;2023;16
Jaén;CONTRA EL HONOR;2022;24
Jaén;CONTRA EL HONOR;2021;36
Jaén;CONTRA EL HONOR;2020;31
Jaén;CONTRA EL HONOR;2019;35
Jaén;CONTRA EL HONOR;2018;34
Jaén;CONTRA EL HONOR;2017;38
Jaén;CONTRA EL HONOR;2016;50
Jaén;CONTRA EL HONOR;2015;48
Jaén;CONTRA EL HONOR;2014;39
Jaén;CONTRA EL HONOR;2013;45
Jaén;CONTRA EL HONOR;2012;45
Jaén;CONTRA EL HONOR;2011;49
Jaén;CONTRA LA PROPIEDAD INDUSTRIAL/INTELECTUAL;2024;1
Jaén;CONTRA LA PROPIEDAD INDUSTRIAL/INTELECTUAL;2023;2
Jaén;CONTRA LA PROPIEDAD INDUSTRIAL/INTELECTUAL;2022;1
Jaén;CONTRA LA PROPIEDAD INDUSTRIAL/INTELECTUAL;2021;1
Jaén;CONTRA LA PROPIEDAD INDUSTRIAL/INTELECTUAL;2020;0
Jaén;CONTRA LA PROPIEDAD INDUSTRIAL/INTELECTUAL;2019;1
Jaén;CONTRA LA PROPIEDAD INDUSTRIAL/INTELECTUAL;2018;3
Jaén;CONTRA LA PROPIEDAD INDUSTRIAL/INTELECTUAL;2017;2
Jaén;CONTRA LA PROPIEDAD INDUSTRIAL/INTELECTUAL;2016;1
Jaén;CONTRA LA PROPIEDAD INDUSTRIAL/INTELECTUAL;2015;1
Jaén;CONTRA LA PROPIEDAD INDUSTRIAL/INTELECTUAL;2014;1
Jaén;CONTRA LA PROPIEDAD INDUSTRIAL/INTELECTUAL;2013;1
Jaén;CONTRA LA PROPIEDAD INDUSTRIAL/INTELECTUAL;2012;4
Jaén;CONTRA LA PROPIEDAD INDUSTRIAL/INTELECTUAL;2011;1
Jaén;DELITOS SEXUALES;2024;9
Jaén;DELITOS SEXUALES;2023;11
Jaén;DELITOS SEXUALES;2022;16
Jaén;DELITOS SEXUALES;2021;20
Jaén;DELITOS SEXUALES;2020;23
Jaén;DELITOS SEXUALES;2019;21
Jaén;DELITOS SEXUALES;2018;13
Jaén;DELITOS SEXUALES;2017;16
Jaén;DELITOS SEXUALES;2016;14
Jaén;DELITOS SEXUALES;2015;11
Jaén;DELITOS SEXUALES;2014;8
Jaén;DELITOS SEXUALES;2013;7
Jaén;DELITOS SEXUALES;2012;5
Jaén;DELITOS SEXUALES;2011;7
Jaén;FALSIFICACIÓN INFORMÁTICA;2024;320
Jaén;FALSIFICACIÓN INFORMÁTICA;2023;229
Jaén;FALSIFICACIÓN INFORMÁTICA;2022;227
Jaén;FALSIFICACIÓN INFORMÁTICA;2021;232
Jaén;FALSIFICACIÓN INFORMÁTICA;2020;97
Jaén;FALSIFICACIÓN INFORMÁTICA;2019;66
Jaén;FALSIFICACIÓN INFORMÁTICA;2018;64
Jaén;FALSIFICACIÓN INFORMÁTICA;2017;60
Jaén;FALSIFICACIÓN INFORMÁTICA;2016;52
Jaén;FALSIFICACIÓN INFORMÁTICA;2015;50
Jaén;FALSIFICACIÓN INFORMÁTICA;2014;46
Jaén;FALSIFICACIÓN INFORMÁTICA;2013;31
Jaén;FALSIFICACIÓN INFORMÁTICA;2012;26
Jaén;FALSIFICACIÓN INFORMÁTICA;2011;21
Jaén;FRAUDE INFORMÁTICO;2024;4.397
Jaén;FRAUDE INFORMÁTICO;2023;5.034
Jaén;FRAUDE INFORMÁTICO;2022;3.207
Jaén;FRAUDE INFORMÁTICO;2021;2.510
Jaén;FRAUDE INFORMÁTICO;2020;2.188
Jaén;FRAUDE INFORMÁTICO;2019;1.335
Jaén;FRAUDE INFORMÁTICO;2018;851
Jaén;FRAUDE INFORMÁTICO;2017;563
Jaén;FRAUDE INFORMÁTICO;2016;455
Jaén;FRAUDE INFORMÁTICO;2015;366
Jaén;FRAUDE INFORMÁTICO;2014;339
Jaén;FRAUDE INFORMÁTICO;2013;248
Jaén;FRAUDE INFORMÁTICO;2012;283
Jaén;FRAUDE INFORMÁTICO;2011;224
Jaén;INTERFERENCIA EN LOS DATOS Y EN EL SISTEMA;2024;10
Jaén;INTERFERENCIA EN LOS DATOS Y EN EL SISTEMA;2023;9
Jaén;INTERFERENCIA EN LOS DATOS Y EN EL SISTEMA;2022;8
Jaén;INTERFERENCIA EN LOS DATOS Y EN EL SISTEMA;2021;12
Jaén;INTERFERENCIA EN LOS DATOS Y EN EL SISTEMA;2020;13
Jaén;INTERFERENCIA EN LOS DATOS Y EN EL SISTEMA;2019;7
Jaén;INTERFERENCIA EN LOS DATOS Y EN EL SISTEMA;2018;12
Jaén;INTERFERENCIA EN LOS DATOS Y EN EL SISTEMA;2017;7
Jaén;INTERFERENCIA EN LOS DATOS Y EN EL SISTEMA;2016;21
Jaén;INTERFERENCIA EN LOS DATOS Y EN EL SISTEMA;2015;12
Jaén;INTERFERENCIA EN LOS DATOS Y EN EL SISTEMA;2014;4
Jaén;INTERFERENCIA EN LOS DATOS Y EN EL SISTEMA;2013;2
Jaén;INTERFERENCIA EN LOS DATOS Y EN EL SISTEMA;2012;1
Jaén;INTERFERENCIA EN LOS DATOS Y EN EL SISTEMA;2011;2
Jaén;TOTAL grupo penal;2024;4.986
Jaén;TOTAL grupo penal;2023;5.526
Jaén;TOTAL grupo penal;2022;3.742
Jaén;TOTAL grupo penal;2021;3.042
Jaén;TOTAL grupo penal;2020;2.586
Jaén;TOTAL grupo penal;2019;1.632
Jaén;TOTAL grupo penal;2018;1.184
Jaén;TOTAL grupo penal;2017;861
Jaén;TOTAL grupo penal;2016;786
Jaén;TOTAL grupo penal;2015;640
Jaén;TOTAL grupo penal;2014;615
Jaén;TOTAL grupo penal;2013;484
Jaén;TOTAL grupo penal;2012;539
Jaén;TOTAL grupo penal;2011;494
León;ACCESO  E INTERCEPTACIÓN ILÍCITA;2024;70
León;ACCESO  E INTERCEPTACIÓN ILÍCITA;2023;52
León;ACCESO  E INTERCEPTACIÓN ILÍCITA;2022;58
León;ACCESO  E INTERCEPTACIÓN ILÍCITA;2021;44
León;ACCESO  E INTERCEPTACIÓN ILÍCITA;2020;21
León;ACCESO  E INTERCEPTACIÓN ILÍCITA;2019;18
León;ACCESO  E INTERCEPTACIÓN ILÍCITA;2018;25
León;ACCESO  E INTERCEPTACIÓN ILÍCITA;2017;18
León;ACCESO  E INTERCEPTACIÓN ILÍCITA;2016;25
León;ACCESO  E INTERCEPTACIÓN ILÍCITA;2015;23
León;ACCESO  E INTERCEPTACIÓN ILÍCITA;2014;16
León;ACCESO  E INTERCEPTACIÓN ILÍCITA;2013;8
León;ACCESO  E INTERCEPTACIÓN ILÍCITA;2012;7
León;ACCESO  E INTERCEPTACIÓN ILÍCITA;2011;3
León;AMENAZAS Y COACCIONES;2024;183
León;AMENAZAS Y COACCIONES;2023;184
León;AMENAZAS Y COACCIONES;2022;178
León;AMENAZAS Y COACCIONES;2021;203
León;AMENAZAS Y COACCIONES;2020;133
León;AMENAZAS Y COACCIONES;2019;187
León;AMENAZAS Y COACCIONES;2018;163
León;AMENAZAS Y COACCIONES;2017;138
León;AMENAZAS Y COACCIONES;2016;186
León;AMENAZAS Y COACCIONES;2015;153
León;AMENAZAS Y COACCIONES;2014;164
León;AMENAZAS Y COACCIONES;2013;142
León;AMENAZAS Y COACCIONES;2012;165
León;AMENAZAS Y COACCIONES;2011;187
León;CONTRA EL HONOR;2024;19
León;CONTRA EL HONOR;2023;31
León;CONTRA EL HONOR;2022;24
León;CONTRA EL HONOR;2021;20
León;CONTRA EL HONOR;2020;34
León;CONTRA EL HONOR;2019;24
León;CONTRA EL HONOR;2018;30
León;CONTRA EL HONOR;2017;24
León;CONTRA EL HONOR;2016;19
León;CONTRA EL HONOR;2015;42
León;CONTRA EL HONOR;2014;50
León;CONTRA EL HONOR;2013;40
León;CONTRA EL HONOR;2012;48
León;CONTRA EL HONOR;2011;51
León;CONTRA LA PROPIEDAD INDUSTRIAL/INTELECTUAL;2024;9
León;CONTRA LA PROPIEDAD INDUSTRIAL/INTELECTUAL;2023;0
León;CONTRA LA PROPIEDAD INDUSTRIAL/INTELECTUAL;2022;1
León;CONTRA LA PROPIEDAD INDUSTRIAL/INTELECTUAL;2021;2
León;CONTRA LA PROPIEDAD INDUSTRIAL/INTELECTUAL;2020;0
León;CONTRA LA PROPIEDAD INDUSTRIAL/INTELECTUAL;2019;0
León;CONTRA LA PROPIEDAD INDUSTRIAL/INTELECTUAL;2018;7
León;CONTRA LA PROPIEDAD INDUSTRIAL/INTELECTUAL;2017;2
León;CONTRA LA PROPIEDAD INDUSTRIAL/INTELECTUAL;2016;1
León;CONTRA LA PROPIEDAD INDUSTRIAL/INTELECTUAL;2015;0
León;CONTRA LA PROPIEDAD INDUSTRIAL/INTELECTUAL;2014;2
León;CONTRA LA PROPIEDAD INDUSTRIAL/INTELECTUAL;2013;1
León;CONTRA LA PROPIEDAD INDUSTRIAL/INTELECTUAL;2012;1
León;CONTRA LA PROPIEDAD INDUSTRIAL/INTELECTUAL;2011;17
León;DELITOS SEXUALES;2024;22
León;DELITOS SEXUALES;2023;29
León;DELITOS SEXUALES;2022;22
León;DELITOS SEXUALES;2021;5
León;DELITOS SEXUALES;2020;12
León;DELITOS SEXUALES;2019;17
León;DELITOS SEXUALES;2018;13
León;DELITOS SEXUALES;2017;12
León;DELITOS SEXUALES;2016;6
León;DELITOS SEXUALES;2015;4
León;DELITOS SEXUALES;2014;5
León;DELITOS SEXUALES;2013;3
León;DELITOS SEXUALES;2012;5
León;DELITOS SEXUALES;2011;2
León;FALSIFICACIÓN INFORMÁTICA;2024;218
León;FALSIFICACIÓN INFORMÁTICA;2023;173
León;FALSIFICACIÓN INFORMÁTICA;2022;78
León;FALSIFICACIÓN INFORMÁTICA;2021;68
León;FALSIFICACIÓN INFORMÁTICA;2020;52
León;FALSIFICACIÓN INFORMÁTICA;2019;44
León;FALSIFICACIÓN INFORMÁTICA;2018;35
León;FALSIFICACIÓN INFORMÁTICA;2017;32
León;FALSIFICACIÓN INFORMÁTICA;2016;41
León;FALSIFICACIÓN INFORMÁTICA;2015;19
León;FALSIFICACIÓN INFORMÁTICA;2014;15
León;FALSIFICACIÓN INFORMÁTICA;2013;13
León;FALSIFICACIÓN INFORMÁTICA;2012;10
León;FALSIFICACIÓN INFORMÁTICA;2011;12
León;FRAUDE INFORMÁTICO;2024;3.966
León;FRAUDE INFORMÁTICO;2023;3.858
León;FRAUDE INFORMÁTICO;2022;3.373
León;FRAUDE INFORMÁTICO;2021;2.527
León;FRAUDE INFORMÁTICO;2020;2.485
León;FRAUDE INFORMÁTICO;2019;2.039
León;FRAUDE INFORMÁTICO;2018;1.688
León;FRAUDE INFORMÁTICO;2017;1.110
León;FRAUDE INFORMÁTICO;2016;769
León;FRAUDE INFORMÁTICO;2015;464
León;FRAUDE INFORMÁTICO;2014;343
León;FRAUDE INFORMÁTICO;2013;291
León;FRAUDE INFORMÁTICO;2012;211
León;FRAUDE INFORMÁTICO;2011;151
León;INTERFERENCIA EN LOS DATOS Y EN EL SISTEMA;2024;38
León;INTERFERENCIA EN LOS DATOS Y EN EL SISTEMA;2023;27
León;INTERFERENCIA EN LOS DATOS Y EN EL SISTEMA;2022;23
León;INTERFERENCIA EN LOS DATOS Y EN EL SISTEMA;2021;18
León;INTERFERENCIA EN LOS DATOS Y EN EL SISTEMA;2020;12
León;INTERFERENCIA EN LOS DATOS Y EN EL SISTEMA;2019;9
León;INTERFERENCIA EN LOS DATOS Y EN EL SISTEMA;2018;8
León;INTERFERENCIA EN LOS DATOS Y EN EL SISTEMA;2017;17
León;INTERFERENCIA EN LOS DATOS Y EN EL SISTEMA;2016;6
León;INTERFERENCIA EN LOS DATOS Y EN EL SISTEMA;2015;12
León;INTERFERENCIA EN LOS DATOS Y EN EL SISTEMA;2014;3
León;INTERFERENCIA EN LOS DATOS Y EN EL SISTEMA;2013;4
León;INTERFERENCIA EN LOS DATOS Y EN EL SISTEMA;2012;2
León;INTERFERENCIA EN LOS DATOS Y EN EL SISTEMA;2011;2
León;TOTAL grupo penal;2024;4.525
León;TOTAL grupo penal;2023;4.354
León;TOTAL grupo penal;2022;3.757
León;TOTAL grupo penal;2021;2.887
León;TOTAL grupo penal;2020;2.749
León;TOTAL grupo penal;2019;2.338
León;TOTAL grupo penal;2018;1.969
León;TOTAL grupo penal;2017;1.353
León;TOTAL grupo penal;2016;1.053
León;TOTAL grupo penal;2015;717
León;TOTAL grupo penal;2014;598
León;TOTAL grupo penal;2013;502
León;TOTAL grupo penal;2012;449
León;TOTAL grupo penal;2011;425
Lleida;ACCESO  E INTERCEPTACIÓN ILÍCITA;2024;68
Lleida;ACCESO  E INTERCEPTACIÓN ILÍCITA;2023;88
Lleida;ACCESO  E INTERCEPTACIÓN ILÍCITA;2022;98
Lleida;ACCESO  E INTERCEPTACIÓN ILÍCITA;2021;109
Lleida;ACCESO  E INTERCEPTACIÓN ILÍCITA;2020;88
Lleida;ACCESO  E INTERCEPTACIÓN ILÍCITA;2019;62
Lleida;ACCESO  E INTERCEPTACIÓN ILÍCITA;2018;67
Lleida;ACCESO  E INTERCEPTACIÓN ILÍCITA;2017;61
Lleida;ACCESO  E INTERCEPTACIÓN ILÍCITA;2016;71
Lleida;ACCESO  E INTERCEPTACIÓN ILÍCITA;2015;43
Lleida;ACCESO  E INTERCEPTACIÓN ILÍCITA;2014;3
Lleida;ACCESO  E INTERCEPTACIÓN ILÍCITA;2013;0
Lleida;ACCESO  E INTERCEPTACIÓN ILÍCITA;2012;0
Lleida;ACCESO  E INTERCEPTACIÓN ILÍCITA;2011;1
Lleida;AMENAZAS Y COACCIONES;2024;106
Lleida;AMENAZAS Y COACCIONES;2023;96
Lleida;AMENAZAS Y COACCIONES;2022;88
Lleida;AMENAZAS Y COACCIONES;2021;140
Lleida;AMENAZAS Y COACCIONES;2020;69
Lleida;AMENAZAS Y COACCIONES;2019;52
Lleida;AMENAZAS Y COACCIONES;2018;58
Lleida;AMENAZAS Y COACCIONES;2017;36
Lleida;AMENAZAS Y COACCIONES;2016;44
Lleida;AMENAZAS Y COACCIONES;2015;41
Lleida;AMENAZAS Y COACCIONES;2014;3
Lleida;AMENAZAS Y COACCIONES;2013;3
Lleida;AMENAZAS Y COACCIONES;2012;2
Lleida;AMENAZAS Y COACCIONES;2011;3
Lleida;CONTRA EL HONOR;2024;4
Lleida;CONTRA EL HONOR;2023;3
Lleida;CONTRA EL HONOR;2022;3
Lleida;CONTRA EL HONOR;2021;2
Lleida;CONTRA EL HONOR;2020;2
Lleida;CONTRA EL HONOR;2019;5
Lleida;CONTRA EL HONOR;2018;3
Lleida;CONTRA EL HONOR;2017;5
Lleida;CONTRA EL HONOR;2016;3
Lleida;CONTRA EL HONOR;2015;3
Lleida;CONTRA EL HONOR;2014;0
Lleida;CONTRA EL HONOR;2013;2
Lleida;CONTRA EL HONOR;2012;4
Lleida;CONTRA EL HONOR;2011;1
Lleida;CONTRA LA PROPIEDAD INDUSTRIAL/INTELECTUAL;2024;0
Lleida;CONTRA LA PROPIEDAD INDUSTRIAL/INTELECTUAL;2023;1
Lleida;CONTRA LA PROPIEDAD INDUSTRIAL/INTELECTUAL;2022;1
Lleida;CONTRA LA PROPIEDAD INDUSTRIAL/INTELECTUAL;2021;1
Lleida;CONTRA LA PROPIEDAD INDUSTRIAL/INTELECTUAL;2020;1
Lleida;CONTRA LA PROPIEDAD INDUSTRIAL/INTELECTUAL;2019;1
Lleida;CONTRA LA PROPIEDAD INDUSTRIAL/INTELECTUAL;2018;3
Lleida;CONTRA LA PROPIEDAD INDUSTRIAL/INTELECTUAL;2017;2
Lleida;CONTRA LA PROPIEDAD INDUSTRIAL/INTELECTUAL;2016;0
Lleida;CONTRA LA PROPIEDAD INDUSTRIAL/INTELECTUAL;2015;0
Lleida;CONTRA LA PROPIEDAD INDUSTRIAL/INTELECTUAL;2014;0
Lleida;CONTRA LA PROPIEDAD INDUSTRIAL/INTELECTUAL;2013;0
Lleida;CONTRA LA PROPIEDAD INDUSTRIAL/INTELECTUAL;2012;0
Lleida;CONTRA LA PROPIEDAD INDUSTRIAL/INTELECTUAL;2011;0
Lleida;DELITOS SEXUALES;2024;11
Lleida;DELITOS SEXUALES;2023;8
Lleida;DELITOS SEXUALES;2022;5
Lleida;DELITOS SEXUALES;2021;5
Lleida;DELITOS SEXUALES;2020;5
Lleida;DELITOS SEXUALES;2019;11
Lleida;DELITOS SEXUALES;2018;8
Lleida;DELITOS SEXUALES;2017;6
Lleida;DELITOS SEXUALES;2016;1
Lleida;DELITOS SEXUALES;2015;8
Lleida;DELITOS SEXUALES;2014;4
Lleida;DELITOS SEXUALES;2013;2
Lleida;DELITOS SEXUALES;2012;1
Lleida;DELITOS SEXUALES;2011;2
Lleida;FALSIFICACIÓN INFORMÁTICA;2024;69
Lleida;FALSIFICACIÓN INFORMÁTICA;2023;21
Lleida;FALSIFICACIÓN INFORMÁTICA;2022;24
Lleida;FALSIFICACIÓN INFORMÁTICA;2021;21
Lleida;FALSIFICACIÓN INFORMÁTICA;2020;9
Lleida;FALSIFICACIÓN INFORMÁTICA;2019;7
Lleida;FALSIFICACIÓN INFORMÁTICA;2018;4
Lleida;FALSIFICACIÓN INFORMÁTICA;2017;4
Lleida;FALSIFICACIÓN INFORMÁTICA;2016;14
Lleida;FALSIFICACIÓN INFORMÁTICA;2015;5
Lleida;FALSIFICACIÓN INFORMÁTICA;2014;8
Lleida;FALSIFICACIÓN INFORMÁTICA;2013;4
Lleida;FALSIFICACIÓN INFORMÁTICA;2012;2
Lleida;FALSIFICACIÓN INFORMÁTICA;2011;4
Lleida;FRAUDE INFORMÁTICO;2024;4.003
Lleida;FRAUDE INFORMÁTICO;2023;4.517
Lleida;FRAUDE INFORMÁTICO;2022;3.847
Lleida;FRAUDE INFORMÁTICO;2021;2.968
Lleida;FRAUDE INFORMÁTICO;2020;2.844
Lleida;FRAUDE INFORMÁTICO;2019;2.491
Lleida;FRAUDE INFORMÁTICO;2018;2.407
Lleida;FRAUDE INFORMÁTICO;2017;1.652
Lleida;FRAUDE INFORMÁTICO;2016;1.279
Lleida;FRAUDE INFORMÁTICO;2015;1.252
Lleida;FRAUDE INFORMÁTICO;2014;42
Lleida;FRAUDE INFORMÁTICO;2013;49
Lleida;FRAUDE INFORMÁTICO;2012;48
Lleida;FRAUDE INFORMÁTICO;2011;25
Lleida;INTERFERENCIA EN LOS DATOS Y EN EL SISTEMA;2024;6
Lleida;INTERFERENCIA EN LOS DATOS Y EN EL SISTEMA;2023;11
Lleida;INTERFERENCIA EN LOS DATOS Y EN EL SISTEMA;2022;5
Lleida;INTERFERENCIA EN LOS DATOS Y EN EL SISTEMA;2021;12
Lleida;INTERFERENCIA EN LOS DATOS Y EN EL SISTEMA;2020;9
Lleida;INTERFERENCIA EN LOS DATOS Y EN EL SISTEMA;2019;12
Lleida;INTERFERENCIA EN LOS DATOS Y EN EL SISTEMA;2018;12
Lleida;INTERFERENCIA EN LOS DATOS Y EN EL SISTEMA;2017;21
Lleida;INTERFERENCIA EN LOS DATOS Y EN EL SISTEMA;2016;12
Lleida;INTERFERENCIA EN LOS DATOS Y EN EL SISTEMA;2015;38
Lleida;INTERFERENCIA EN LOS DATOS Y EN EL SISTEMA;2014;1
Lleida;INTERFERENCIA EN LOS DATOS Y EN EL SISTEMA;2013;0
Lleida;INTERFERENCIA EN LOS DATOS Y EN EL SISTEMA;2012;3
Lleida;INTERFERENCIA EN LOS DATOS Y EN EL SISTEMA;2011;1
Lleida;TOTAL grupo penal;2024;4.267
Lleida;TOTAL grupo penal;2023;4.745
Lleida;TOTAL grupo penal;2022;4.071
Lleida;TOTAL grupo penal;2021;3.258
Lleida;TOTAL grupo penal;2020;3.027
Lleida;TOTAL grupo penal;2019;2.641
Lleida;TOTAL grupo penal;2018;2.562
Lleida;TOTAL grupo penal;2017;1.787
Lleida;TOTAL grupo penal;2016;1.424
Lleida;TOTAL grupo penal;2015;1.390
Lleida;TOTAL grupo penal;2014;61
Lleida;TOTAL grupo penal;2013;60
Lleida;TOTAL grupo penal;2012;60
Lleida;TOTAL grupo penal;2011;37
Rioja (La);ACCESO  E INTERCEPTACIÓN ILÍCITA;2024;140
Rioja (La);ACCESO  E INTERCEPTACIÓN ILÍCITA;2023;111
Rioja (La);ACCESO  E INTERCEPTACIÓN ILÍCITA;2022;81
Rioja (La);ACCESO  E INTERCEPTACIÓN ILÍCITA;2021;82
Rioja (La);ACCESO  E INTERCEPTACIÓN ILÍCITA;2020;56
Rioja (La);ACCESO  E INTERCEPTACIÓN ILÍCITA;2019;31
Rioja (La);ACCESO  E INTERCEPTACIÓN ILÍCITA;2018;24
Rioja (La);ACCESO  E INTERCEPTACIÓN ILÍCITA;2017;15
Rioja (La);ACCESO  E INTERCEPTACIÓN ILÍCITA;2016;16
Rioja (La);ACCESO  E INTERCEPTACIÓN ILÍCITA;2015;18
Rioja (La);ACCESO  E INTERCEPTACIÓN ILÍCITA;2014;20
Rioja (La);ACCESO  E INTERCEPTACIÓN ILÍCITA;2013;13
Rioja (La);ACCESO  E INTERCEPTACIÓN ILÍCITA;2012;5
Rioja (La);ACCESO  E INTERCEPTACIÓN ILÍCITA;2011;8
Rioja (La);AMENAZAS Y COACCIONES;2024;161
Rioja (La);AMENAZAS Y COACCIONES;2023;132
Rioja (La);AMENAZAS Y COACCIONES;2022;124
Rioja (La);AMENAZAS Y COACCIONES;2021;119
Rioja (La);AMENAZAS Y COACCIONES;2020;64
Rioja (La);AMENAZAS Y COACCIONES;2019;50
Rioja (La);AMENAZAS Y COACCIONES;2018;71
Rioja (La);AMENAZAS Y COACCIONES;2017;48
Rioja (La);AMENAZAS Y COACCIONES;2016;51
Rioja (La);AMENAZAS Y COACCIONES;2015;45
Rioja (La);AMENAZAS Y COACCIONES;2014;50
Rioja (La);AMENAZAS Y COACCIONES;2013;45
Rioja (La);AMENAZAS Y COACCIONES;2012;43
Rioja (La);AMENAZAS Y COACCIONES;2011;45
Rioja (La);CONTRA EL HONOR;2024;10
Rioja (La);CONTRA EL HONOR;2023;9
Rioja (La);CONTRA EL HONOR;2022;1
Rioja (La);CONTRA EL HONOR;2021;7
Rioja (La);CONTRA EL HONOR;2020;9
Rioja (La);CONTRA EL HONOR;2019;9
Rioja (La);CONTRA EL HONOR;2018;9
Rioja (La);CONTRA EL HONOR;2017;10
Rioja (La);CONTRA EL HONOR;2016;9
Rioja (La);CONTRA EL HONOR;2015;9
Rioja (La);CONTRA EL HONOR;2014;8
Rioja (La);CONTRA EL HONOR;2013;8
Rioja (La);CONTRA EL HONOR;2012;12
Rioja (La);CONTRA EL HONOR;2011;9
Rioja (La);CONTRA LA PROPIEDAD INDUSTRIAL/INTELECTUAL;2024;2
Rioja (La);CONTRA LA PROPIEDAD INDUSTRIAL/INTELECTUAL;2023;1
Rioja (La);CONTRA LA PROPIEDAD INDUSTRIAL/INTELECTUAL;2022;1
Rioja (La);CONTRA LA PROPIEDAD INDUSTRIAL/INTELECTUAL;2021;1
Rioja (La);CONTRA LA PROPIEDAD INDUSTRIAL/INTELECTUAL;2020;1
Rioja (La);CONTRA LA PROPIEDAD INDUSTRIAL/INTELECTUAL;2019;1
Rioja (La);CONTRA LA PROPIEDAD INDUSTRIAL/INTELECTUAL;2018;0
Rioja (La);CONTRA LA PROPIEDAD INDUSTRIAL/INTELECTUAL;2017;1
Rioja (La);CONTRA LA PROPIEDAD INDUSTRIAL/INTELECTUAL;2016;0
Rioja (La);CONTRA LA PROPIEDAD INDUSTRIAL/INTELECTUAL;2015;0
Rioja (La);CONTRA LA PROPIEDAD INDUSTRIAL/INTELECTUAL;2014;1
Rioja (La);CONTRA LA PROPIEDAD INDUSTRIAL/INTELECTUAL;2013;1
Rioja (La);CONTRA LA PROPIEDAD INDUSTRIAL/INTELECTUAL;2012;0
Rioja (La);CONTRA LA PROPIEDAD INDUSTRIAL/INTELECTUAL;2011;0
Rioja (La);DELITOS SEXUALES;2024;6
Rioja (La);DELITOS SEXUALES;2023;11
Rioja (La);DELITOS SEXUALES;2022;8
Rioja (La);DELITOS SEXUALES;2021;10
Rioja (La);DELITOS SEXUALES;2020;44
Rioja (La);DELITOS SEXUALES;2019;9
Rioja (La);DELITOS SEXUALES;2018;9
Rioja (La);DELITOS SEXUALES;2017;5
Rioja (La);DELITOS SEXUALES;2016;5
Rioja (La);DELITOS SEXUALES;2015;2
Rioja (La);DELITOS SEXUALES;2014;4
Rioja (La);DELITOS SEXUALES;2013;6
Rioja (La);DELITOS SEXUALES;2012;4
Rioja (La);DELITOS SEXUALES;2011;5
Rioja (La);FALSIFICACIÓN INFORMÁTICA;2024;120
Rioja (La);FALSIFICACIÓN INFORMÁTICA;2023;68
Rioja (La);FALSIFICACIÓN INFORMÁTICA;2022;60
Rioja (La);FALSIFICACIÓN INFORMÁTICA;2021;81
Rioja (La);FALSIFICACIÓN INFORMÁTICA;2020;23
Rioja (La);FALSIFICACIÓN INFORMÁTICA;2019;13
Rioja (La);FALSIFICACIÓN INFORMÁTICA;2018;9
Rioja (La);FALSIFICACIÓN INFORMÁTICA;2017;3
Rioja (La);FALSIFICACIÓN INFORMÁTICA;2016;10
Rioja (La);FALSIFICACIÓN INFORMÁTICA;2015;7
Rioja (La);FALSIFICACIÓN INFORMÁTICA;2014;10
Rioja (La);FALSIFICACIÓN INFORMÁTICA;2013;6
Rioja (La);FALSIFICACIÓN INFORMÁTICA;2012;18
Rioja (La);FALSIFICACIÓN INFORMÁTICA;2011;6
Rioja (La);FRAUDE INFORMÁTICO;2024;1.868
Rioja (La);FRAUDE INFORMÁTICO;2023;2.021
Rioja (La);FRAUDE INFORMÁTICO;2022;2.152
Rioja (La);FRAUDE INFORMÁTICO;2021;1.794
Rioja (La);FRAUDE INFORMÁTICO;2020;1.787
Rioja (La);FRAUDE INFORMÁTICO;2019;996
Rioja (La);FRAUDE INFORMÁTICO;2018;675
Rioja (La);FRAUDE INFORMÁTICO;2017;168
Rioja (La);FRAUDE INFORMÁTICO;2016;142
Rioja (La);FRAUDE INFORMÁTICO;2015;159
Rioja (La);FRAUDE INFORMÁTICO;2014;133
Rioja (La);FRAUDE INFORMÁTICO;2013;122
Rioja (La);FRAUDE INFORMÁTICO;2012;123
Rioja (La);FRAUDE INFORMÁTICO;2011;64
Rioja (La);INTERFERENCIA EN LOS DATOS Y EN EL SISTEMA;2024;5
Rioja (La);INTERFERENCIA EN LOS DATOS Y EN EL SISTEMA;2023;11
Rioja (La);INTERFERENCIA EN LOS DATOS Y EN EL SISTEMA;2022;6
Rioja (La);INTERFERENCIA EN LOS DATOS Y EN EL SISTEMA;2021;10
Rioja (La);INTERFERENCIA EN LOS DATOS Y EN EL SISTEMA;2020;8
Rioja (La);INTERFERENCIA EN LOS DATOS Y EN EL SISTEMA;2019;11
Rioja (La);INTERFERENCIA EN LOS DATOS Y EN EL SISTEMA;2018;11
Rioja (La);INTERFERENCIA EN LOS DATOS Y EN EL SISTEMA;2017;9
Rioja (La);INTERFERENCIA EN LOS DATOS Y EN EL SISTEMA;2016;21
Rioja (La);INTERFERENCIA EN LOS DATOS Y EN EL SISTEMA;2015;14
Rioja (La);INTERFERENCIA EN LOS DATOS Y EN EL SISTEMA;2014;6
Rioja (La);INTERFERENCIA EN LOS DATOS Y EN EL SISTEMA;2013;6
Rioja (La);INTERFERENCIA EN LOS DATOS Y EN EL SISTEMA;2012;4
Rioja (La);INTERFERENCIA EN LOS DATOS Y EN EL SISTEMA;2011;5
Rioja (La);TOTAL grupo penal;2024;2.312
Rioja (La);TOTAL grupo penal;2023;2.364
Rioja (La);TOTAL grupo penal;2022;2.433
Rioja (La);TOTAL grupo penal;2021;2.104
Rioja (La);TOTAL grupo penal;2020;1.992
Rioja (La);TOTAL grupo penal;2019;1.120
Rioja (La);TOTAL grupo penal;2018;808
Rioja (La);TOTAL grupo penal;2017;259
Rioja (La);TOTAL grupo penal;2016;254
Rioja (La);TOTAL grupo penal;2015;254
Rioja (La);TOTAL grupo penal;2014;232
Rioja (La);TOTAL grupo penal;2013;207
Rioja (La);TOTAL grupo penal;2012;209
Rioja (La);TOTAL grupo penal;2011;142
Lugo;ACCESO  E INTERCEPTACIÓN ILÍCITA;2024;57
Lugo;ACCESO  E INTERCEPTACIÓN ILÍCITA;2023;41
Lugo;ACCESO  E INTERCEPTACIÓN ILÍCITA;2022;23
Lugo;ACCESO  E INTERCEPTACIÓN ILÍCITA;2021;16
Lugo;ACCESO  E INTERCEPTACIÓN ILÍCITA;2020;18
Lugo;ACCESO  E INTERCEPTACIÓN ILÍCITA;2019;8
Lugo;ACCESO  E INTERCEPTACIÓN ILÍCITA;2018;5
Lugo;ACCESO  E INTERCEPTACIÓN ILÍCITA;2017;11
Lugo;ACCESO  E INTERCEPTACIÓN ILÍCITA;2016;15
Lugo;ACCESO  E INTERCEPTACIÓN ILÍCITA;2015;7
Lugo;ACCESO  E INTERCEPTACIÓN ILÍCITA;2014;4
Lugo;ACCESO  E INTERCEPTACIÓN ILÍCITA;2013;4
Lugo;ACCESO  E INTERCEPTACIÓN ILÍCITA;2012;4
Lugo;ACCESO  E INTERCEPTACIÓN ILÍCITA;2011;5
Lugo;AMENAZAS Y COACCIONES;2024;130
Lugo;AMENAZAS Y COACCIONES;2023;121
Lugo;AMENAZAS Y COACCIONES;2022;87
Lugo;AMENAZAS Y COACCIONES;2021;89
Lugo;AMENAZAS Y COACCIONES;2020;64
Lugo;AMENAZAS Y COACCIONES;2019;70
Lugo;AMENAZAS Y COACCIONES;2018;59
Lugo;AMENAZAS Y COACCIONES;2017;78
Lugo;AMENAZAS Y COACCIONES;2016;63
Lugo;AMENAZAS Y COACCIONES;2015;73
Lugo;AMENAZAS Y COACCIONES;2014;62
Lugo;AMENAZAS Y COACCIONES;2013;53
Lugo;AMENAZAS Y COACCIONES;2012;80
Lugo;AMENAZAS Y COACCIONES;2011;58
Lugo;CONTRA EL HONOR;2024;9
Lugo;CONTRA EL HONOR;2023;17
Lugo;CONTRA EL HONOR;2022;8
Lugo;CONTRA EL HONOR;2021;9
Lugo;CONTRA EL HONOR;2020;13
Lugo;CONTRA EL HONOR;2019;10
Lugo;CONTRA EL HONOR;2018;13
Lugo;CONTRA EL HONOR;2017;8
Lugo;CONTRA EL HONOR;2016;14
Lugo;CONTRA EL HONOR;2015;24
Lugo;CONTRA EL HONOR;2014;20
Lugo;CONTRA EL HONOR;2013;18
Lugo;CONTRA EL HONOR;2012;10
Lugo;CONTRA EL HONOR;2011;14
Lugo;CONTRA LA PROPIEDAD INDUSTRIAL/INTELECTUAL;2024;3
Lugo;CONTRA LA PROPIEDAD INDUSTRIAL/INTELECTUAL;2023;0
Lugo;CONTRA LA PROPIEDAD INDUSTRIAL/INTELECTUAL;2022;0
Lugo;CONTRA LA PROPIEDAD INDUSTRIAL/INTELECTUAL;2021;1
Lugo;CONTRA LA PROPIEDAD INDUSTRIAL/INTELECTUAL;2020;0
Lugo;CONTRA LA PROPIEDAD INDUSTRIAL/INTELECTUAL;2019;0
Lugo;CONTRA LA PROPIEDAD INDUSTRIAL/INTELECTUAL;2018;0
Lugo;CONTRA LA PROPIEDAD INDUSTRIAL/INTELECTUAL;2017;0
Lugo;CONTRA LA PROPIEDAD INDUSTRIAL/INTELECTUAL;2016;2
Lugo;CONTRA LA PROPIEDAD INDUSTRIAL/INTELECTUAL;2015;2
Lugo;CONTRA LA PROPIEDAD INDUSTRIAL/INTELECTUAL;2014;0
Lugo;CONTRA LA PROPIEDAD INDUSTRIAL/INTELECTUAL;2013;0
Lugo;CONTRA LA PROPIEDAD INDUSTRIAL/INTELECTUAL;2012;1
Lugo;CONTRA LA PROPIEDAD INDUSTRIAL/INTELECTUAL;2011;2
Lugo;DELITOS SEXUALES;2024;8
Lugo;DELITOS SEXUALES;2023;10
Lugo;DELITOS SEXUALES;2022;3
Lugo;DELITOS SEXUALES;2021;9
Lugo;DELITOS SEXUALES;2020;4
Lugo;DELITOS SEXUALES;2019;8
Lugo;DELITOS SEXUALES;2018;5
Lugo;DELITOS SEXUALES;2017;11
Lugo;DELITOS SEXUALES;2016;10
Lugo;DELITOS SEXUALES;2015;5
Lugo;DELITOS SEXUALES;2014;5
Lugo;DELITOS SEXUALES;2013;2
Lugo;DELITOS SEXUALES;2012;4
Lugo;DELITOS SEXUALES;2011;4
Lugo;FALSIFICACIÓN INFORMÁTICA;2024;78
Lugo;FALSIFICACIÓN INFORMÁTICA;2023;58
Lugo;FALSIFICACIÓN INFORMÁTICA;2022;30
Lugo;FALSIFICACIÓN INFORMÁTICA;2021;31
Lugo;FALSIFICACIÓN INFORMÁTICA;2020;20
Lugo;FALSIFICACIÓN INFORMÁTICA;2019;16
Lugo;FALSIFICACIÓN INFORMÁTICA;2018;16
Lugo;FALSIFICACIÓN INFORMÁTICA;2017;10
Lugo;FALSIFICACIÓN INFORMÁTICA;2016;9
Lugo;FALSIFICACIÓN INFORMÁTICA;2015;5
Lugo;FALSIFICACIÓN INFORMÁTICA;2014;6
Lugo;FALSIFICACIÓN INFORMÁTICA;2013;8
Lugo;FALSIFICACIÓN INFORMÁTICA;2012;2
Lugo;FALSIFICACIÓN INFORMÁTICA;2011;9
Lugo;FRAUDE INFORMÁTICO;2024;2.037
Lugo;FRAUDE INFORMÁTICO;2023;1.798
Lugo;FRAUDE INFORMÁTICO;2022;1.771
Lugo;FRAUDE INFORMÁTICO;2021;1.953
Lugo;FRAUDE INFORMÁTICO;2020;1.357
Lugo;FRAUDE INFORMÁTICO;2019;889
Lugo;FRAUDE INFORMÁTICO;2018;667
Lugo;FRAUDE INFORMÁTICO;2017;338
Lugo;FRAUDE INFORMÁTICO;2016;221
Lugo;FRAUDE INFORMÁTICO;2015;165
Lugo;FRAUDE INFORMÁTICO;2014;119
Lugo;FRAUDE INFORMÁTICO;2013;99
Lugo;FRAUDE INFORMÁTICO;2012;111
Lugo;FRAUDE INFORMÁTICO;2011;84
Lugo;INTERFERENCIA EN LOS DATOS Y EN EL SISTEMA;2024;13
Lugo;INTERFERENCIA EN LOS DATOS Y EN EL SISTEMA;2023;5
Lugo;INTERFERENCIA EN LOS DATOS Y EN EL SISTEMA;2022;9
Lugo;INTERFERENCIA EN LOS DATOS Y EN EL SISTEMA;2021;10
Lugo;INTERFERENCIA EN LOS DATOS Y EN EL SISTEMA;2020;7
Lugo;INTERFERENCIA EN LOS DATOS Y EN EL SISTEMA;2019;14
Lugo;INTERFERENCIA EN LOS DATOS Y EN EL SISTEMA;2018;7
Lugo;INTERFERENCIA EN LOS DATOS Y EN EL SISTEMA;2017;7
Lugo;INTERFERENCIA EN LOS DATOS Y EN EL SISTEMA;2016;6
Lugo;INTERFERENCIA EN LOS DATOS Y EN EL SISTEMA;2015;6
Lugo;INTERFERENCIA EN LOS DATOS Y EN EL SISTEMA;2014;1
Lugo;INTERFERENCIA EN LOS DATOS Y EN EL SISTEMA;2013;2
Lugo;INTERFERENCIA EN LOS DATOS Y EN EL SISTEMA;2012;4
Lugo;INTERFERENCIA EN LOS DATOS Y EN EL SISTEMA;2011;2
Lugo;TOTAL grupo penal;2024;2.335
Lugo;TOTAL grupo penal;2023;2.050
Lugo;TOTAL grupo penal;2022;1.931
Lugo;TOTAL grupo penal;2021;2.118
Lugo;TOTAL grupo penal;2020;1.483
Lugo;TOTAL grupo penal;2019;1.015
Lugo;TOTAL grupo penal;2018;772
Lugo;TOTAL grupo penal;2017;463
Lugo;TOTAL grupo penal;2016;340
Lugo;TOTAL grupo penal;2015;287
Lugo;TOTAL grupo penal;2014;217
Lugo;TOTAL grupo penal;2013;186
Lugo;TOTAL grupo penal;2012;216
Lugo;TOTAL grupo penal;2011;178
Madrid;ACCESO  E INTERCEPTACIÓN ILÍCITA;2024;1.621
Madrid;ACCESO  E INTERCEPTACIÓN ILÍCITA;2023;1.139
Madrid;ACCESO  E INTERCEPTACIÓN ILÍCITA;2022;867
Madrid;ACCESO  E INTERCEPTACIÓN ILÍCITA;2021;957
Madrid;ACCESO  E INTERCEPTACIÓN ILÍCITA;2020;790
Madrid;ACCESO  E INTERCEPTACIÓN ILÍCITA;2019;753
Madrid;ACCESO  E INTERCEPTACIÓN ILÍCITA;2018;624
Madrid;ACCESO  E INTERCEPTACIÓN ILÍCITA;2017;506
Madrid;ACCESO  E INTERCEPTACIÓN ILÍCITA;2016;558
Madrid;ACCESO  E INTERCEPTACIÓN ILÍCITA;2015;509
Madrid;ACCESO  E INTERCEPTACIÓN ILÍCITA;2014;321
Madrid;ACCESO  E INTERCEPTACIÓN ILÍCITA;2013;309
Madrid;ACCESO  E INTERCEPTACIÓN ILÍCITA;2012;365
Madrid;ACCESO  E INTERCEPTACIÓN ILÍCITA;2011;251
Madrid;AMENAZAS Y COACCIONES;2024;2.480
Madrid;AMENAZAS Y COACCIONES;2023;2.719
Madrid;AMENAZAS Y COACCIONES;2022;2.143
Madrid;AMENAZAS Y COACCIONES;2021;2.425
Madrid;AMENAZAS Y COACCIONES;2020;2.054
Madrid;AMENAZAS Y COACCIONES;2019;2.090
Madrid;AMENAZAS Y COACCIONES;2018;2.029
Madrid;AMENAZAS Y COACCIONES;2017;1.806
Madrid;AMENAZAS Y COACCIONES;2016;1.854
Madrid;AMENAZAS Y COACCIONES;2015;1.613
Madrid;AMENAZAS Y COACCIONES;2014;1.316
Madrid;AMENAZAS Y COACCIONES;2013;1.345
Madrid;AMENAZAS Y COACCIONES;2012;1.495
Madrid;AMENAZAS Y COACCIONES;2011;1.604
Madrid;CONTRA EL HONOR;2024;96
Madrid;CONTRA EL HONOR;2023;87
Madrid;CONTRA EL HONOR;2022;115
Madrid;CONTRA EL HONOR;2021;110
Madrid;CONTRA EL HONOR;2020;143
Madrid;CONTRA EL HONOR;2019;147
Madrid;CONTRA EL HONOR;2018;149
Madrid;CONTRA EL HONOR;2017;140
Madrid;CONTRA EL HONOR;2016;141
Madrid;CONTRA EL HONOR;2015;180
Madrid;CONTRA EL HONOR;2014;152
Madrid;CONTRA EL HONOR;2013;151
Madrid;CONTRA EL HONOR;2012;127
Madrid;CONTRA EL HONOR;2011;115
Madrid;CONTRA LA PROPIEDAD INDUSTRIAL/INTELECTUAL;2024;23
Madrid;CONTRA LA PROPIEDAD INDUSTRIAL/INTELECTUAL;2023;13
Madrid;CONTRA LA PROPIEDAD INDUSTRIAL/INTELECTUAL;2022;26
Madrid;CONTRA LA PROPIEDAD INDUSTRIAL/INTELECTUAL;2021;21
Madrid;CONTRA LA PROPIEDAD INDUSTRIAL/INTELECTUAL;2020;24
Madrid;CONTRA LA PROPIEDAD INDUSTRIAL/INTELECTUAL;2019;35
Madrid;CONTRA LA PROPIEDAD INDUSTRIAL/INTELECTUAL;2018;12
Madrid;CONTRA LA PROPIEDAD INDUSTRIAL/INTELECTUAL;2017;15
Madrid;CONTRA LA PROPIEDAD INDUSTRIAL/INTELECTUAL;2016;22
Madrid;CONTRA LA PROPIEDAD INDUSTRIAL/INTELECTUAL;2015;20
Madrid;CONTRA LA PROPIEDAD INDUSTRIAL/INTELECTUAL;2014;16
Madrid;CONTRA LA PROPIEDAD INDUSTRIAL/INTELECTUAL;2013;53
Madrid;CONTRA LA PROPIEDAD INDUSTRIAL/INTELECTUAL;2012;21
Madrid;CONTRA LA PROPIEDAD INDUSTRIAL/INTELECTUAL;2011;72
Madrid;DELITOS SEXUALES;2024;230
Madrid;DELITOS SEXUALES;2023;239
Madrid;DELITOS SEXUALES;2022;204
Madrid;DELITOS SEXUALES;2021;241
Madrid;DELITOS SEXUALES;2020;224
Madrid;DELITOS SEXUALES;2019;248
Madrid;DELITOS SEXUALES;2018;205
Madrid;DELITOS SEXUALES;2017;191
Madrid;DELITOS SEXUALES;2016;160
Madrid;DELITOS SEXUALES;2015;155
Madrid;DELITOS SEXUALES;2014;118
Madrid;DELITOS SEXUALES;2013;117
Madrid;DELITOS SEXUALES;2012;91
Madrid;DELITOS SEXUALES;2011;93
Madrid;FALSIFICACIÓN INFORMÁTICA;2024;3.289
Madrid;FALSIFICACIÓN INFORMÁTICA;2023;2.882
Madrid;FALSIFICACIÓN INFORMÁTICA;2022;2.291
Madrid;FALSIFICACIÓN INFORMÁTICA;2021;1.943
Madrid;FALSIFICACIÓN INFORMÁTICA;2020;998
Madrid;FALSIFICACIÓN INFORMÁTICA;2019;609
Madrid;FALSIFICACIÓN INFORMÁTICA;2018;390
Madrid;FALSIFICACIÓN INFORMÁTICA;2017;365
Madrid;FALSIFICACIÓN INFORMÁTICA;2016;363
Madrid;FALSIFICACIÓN INFORMÁTICA;2015;432
Madrid;FALSIFICACIÓN INFORMÁTICA;2014;266
Madrid;FALSIFICACIÓN INFORMÁTICA;2013;229
Madrid;FALSIFICACIÓN INFORMÁTICA;2012;272
Madrid;FALSIFICACIÓN INFORMÁTICA;2011;363
Madrid;FRAUDE INFORMÁTICO;2024;65.361
Madrid;FRAUDE INFORMÁTICO;2023;71.534
Madrid;FRAUDE INFORMÁTICO;2022;57.794
Madrid;FRAUDE INFORMÁTICO;2021;46.978
Madrid;FRAUDE INFORMÁTICO;2020;44.139
Madrid;FRAUDE INFORMÁTICO;2019;32.841
Madrid;FRAUDE INFORMÁTICO;2018;16.509
Madrid;FRAUDE INFORMÁTICO;2017;8.887
Madrid;FRAUDE INFORMÁTICO;2016;7.210
Madrid;FRAUDE INFORMÁTICO;2015;7.001
Madrid;FRAUDE INFORMÁTICO;2014;5.128
Madrid;FRAUDE INFORMÁTICO;2013;4.625
Madrid;FRAUDE INFORMÁTICO;2012;4.826
Madrid;FRAUDE INFORMÁTICO;2011;3.665
Madrid;INTERFERENCIA EN LOS DATOS Y EN EL SISTEMA;2024;377
Madrid;INTERFERENCIA EN LOS DATOS Y EN EL SISTEMA;2023;268
Madrid;INTERFERENCIA EN LOS DATOS Y EN EL SISTEMA;2022;318
Madrid;INTERFERENCIA EN LOS DATOS Y EN EL SISTEMA;2021;364
Madrid;INTERFERENCIA EN LOS DATOS Y EN EL SISTEMA;2020;306
Madrid;INTERFERENCIA EN LOS DATOS Y EN EL SISTEMA;2019;293
Madrid;INTERFERENCIA EN LOS DATOS Y EN EL SISTEMA;2018;216
Madrid;INTERFERENCIA EN LOS DATOS Y EN EL SISTEMA;2017;259
Madrid;INTERFERENCIA EN LOS DATOS Y EN EL SISTEMA;2016;256
Madrid;INTERFERENCIA EN LOS DATOS Y EN EL SISTEMA;2015;185
Madrid;INTERFERENCIA EN LOS DATOS Y EN EL SISTEMA;2014;90
Madrid;INTERFERENCIA EN LOS DATOS Y EN EL SISTEMA;2013;79
Madrid;INTERFERENCIA EN LOS DATOS Y EN EL SISTEMA;2012;67
Madrid;INTERFERENCIA EN LOS DATOS Y EN EL SISTEMA;2011;34
Madrid;TOTAL grupo penal;2024;73.477
Madrid;TOTAL grupo penal;2023;78.881
Madrid;TOTAL grupo penal;2022;63.758
Madrid;TOTAL grupo penal;2021;53.039
Madrid;TOTAL grupo penal;2020;48.678
Madrid;TOTAL grupo penal;2019;37.016
Madrid;TOTAL grupo penal;2018;20.134
Madrid;TOTAL grupo penal;2017;12.169
Madrid;TOTAL grupo penal;2016;10.564
Madrid;TOTAL grupo penal;2015;10.095
Madrid;TOTAL grupo penal;2014;7.407
Madrid;TOTAL grupo penal;2013;6.908
Madrid;TOTAL grupo penal;2012;7.264
Madrid;TOTAL grupo penal;2011;6.197
Málaga;ACCESO  E INTERCEPTACIÓN ILÍCITA;2024;592
Málaga;ACCESO  E INTERCEPTACIÓN ILÍCITA;2023;413
Málaga;ACCESO  E INTERCEPTACIÓN ILÍCITA;2022;304
Málaga;ACCESO  E INTERCEPTACIÓN ILÍCITA;2021;265
Málaga;ACCESO  E INTERCEPTACIÓN ILÍCITA;2020;245
Málaga;ACCESO  E INTERCEPTACIÓN ILÍCITA;2019;198
Málaga;ACCESO  E INTERCEPTACIÓN ILÍCITA;2018;180
Málaga;ACCESO  E INTERCEPTACIÓN ILÍCITA;2017;171
Málaga;ACCESO  E INTERCEPTACIÓN ILÍCITA;2016;152
Málaga;ACCESO  E INTERCEPTACIÓN ILÍCITA;2015;119
Málaga;ACCESO  E INTERCEPTACIÓN ILÍCITA;2014;107
Málaga;ACCESO  E INTERCEPTACIÓN ILÍCITA;2013;145
Málaga;ACCESO  E INTERCEPTACIÓN ILÍCITA;2012;142
Málaga;ACCESO  E INTERCEPTACIÓN ILÍCITA;2011;135
Málaga;AMENAZAS Y COACCIONES;2024;651
Málaga;AMENAZAS Y COACCIONES;2023;649
Málaga;AMENAZAS Y COACCIONES;2022;642
Málaga;AMENAZAS Y COACCIONES;2021;603
Málaga;AMENAZAS Y COACCIONES;2020;496
Málaga;AMENAZAS Y COACCIONES;2019;477
Málaga;AMENAZAS Y COACCIONES;2018;435
Málaga;AMENAZAS Y COACCIONES;2017;416
Málaga;AMENAZAS Y COACCIONES;2016;469
Málaga;AMENAZAS Y COACCIONES;2015;362
Málaga;AMENAZAS Y COACCIONES;2014;357
Málaga;AMENAZAS Y COACCIONES;2013;404
Málaga;AMENAZAS Y COACCIONES;2012;434
Málaga;AMENAZAS Y COACCIONES;2011;500
Málaga;CONTRA EL HONOR;2024;50
Málaga;CONTRA EL HONOR;2023;51
Málaga;CONTRA EL HONOR;2022;68
Málaga;CONTRA EL HONOR;2021;73
Málaga;CONTRA EL HONOR;2020;70
Málaga;CONTRA EL HONOR;2019;47
Málaga;CONTRA EL HONOR;2018;54
Málaga;CONTRA EL HONOR;2017;58
Málaga;CONTRA EL HONOR;2016;56
Málaga;CONTRA EL HONOR;2015;79
Málaga;CONTRA EL HONOR;2014;87
Málaga;CONTRA EL HONOR;2013;74
Málaga;CONTRA EL HONOR;2012;81
Málaga;CONTRA EL HONOR;2011;83
Málaga;CONTRA LA PROPIEDAD INDUSTRIAL/INTELECTUAL;2024;24
Málaga;CONTRA LA PROPIEDAD INDUSTRIAL/INTELECTUAL;2023;8
Málaga;CONTRA LA PROPIEDAD INDUSTRIAL/INTELECTUAL;2022;4
Málaga;CONTRA LA PROPIEDAD INDUSTRIAL/INTELECTUAL;2021;6
Málaga;CONTRA LA PROPIEDAD INDUSTRIAL/INTELECTUAL;2020;4
Málaga;CONTRA LA PROPIEDAD INDUSTRIAL/INTELECTUAL;2019;3
Málaga;CONTRA LA PROPIEDAD INDUSTRIAL/INTELECTUAL;2018;6
Málaga;CONTRA LA PROPIEDAD INDUSTRIAL/INTELECTUAL;2017;2
Málaga;CONTRA LA PROPIEDAD INDUSTRIAL/INTELECTUAL;2016;2
Málaga;CONTRA LA PROPIEDAD INDUSTRIAL/INTELECTUAL;2015;5
Málaga;CONTRA LA PROPIEDAD INDUSTRIAL/INTELECTUAL;2014;3
Málaga;CONTRA LA PROPIEDAD INDUSTRIAL/INTELECTUAL;2013;9
Málaga;CONTRA LA PROPIEDAD INDUSTRIAL/INTELECTUAL;2012;9
Málaga;CONTRA LA PROPIEDAD INDUSTRIAL/INTELECTUAL;2011;8
Málaga;DELITOS SEXUALES;2024;70
Málaga;DELITOS SEXUALES;2023;64
Málaga;DELITOS SEXUALES;2022;70
Málaga;DELITOS SEXUALES;2021;71
Málaga;DELITOS SEXUALES;2020;59
Málaga;DELITOS SEXUALES;2019;79
Málaga;DELITOS SEXUALES;2018;81
Málaga;DELITOS SEXUALES;2017;66
Málaga;DELITOS SEXUALES;2016;47
Málaga;DELITOS SEXUALES;2015;66
Málaga;DELITOS SEXUALES;2014;50
Málaga;DELITOS SEXUALES;2013;70
Málaga;DELITOS SEXUALES;2012;32
Málaga;DELITOS SEXUALES;2011;36
Málaga;FALSIFICACIÓN INFORMÁTICA;2024;674
Málaga;FALSIFICACIÓN INFORMÁTICA;2023;459
Málaga;FALSIFICACIÓN INFORMÁTICA;2022;438
Málaga;FALSIFICACIÓN INFORMÁTICA;2021;308
Málaga;FALSIFICACIÓN INFORMÁTICA;2020;171
Málaga;FALSIFICACIÓN INFORMÁTICA;2019;134
Málaga;FALSIFICACIÓN INFORMÁTICA;2018;95
Málaga;FALSIFICACIÓN INFORMÁTICA;2017;72
Málaga;FALSIFICACIÓN INFORMÁTICA;2016;98
Málaga;FALSIFICACIÓN INFORMÁTICA;2015;70
Málaga;FALSIFICACIÓN INFORMÁTICA;2014;77
Málaga;FALSIFICACIÓN INFORMÁTICA;2013;130
Málaga;FALSIFICACIÓN INFORMÁTICA;2012;105
Málaga;FALSIFICACIÓN INFORMÁTICA;2011;118
Málaga;FRAUDE INFORMÁTICO;2024;15.955
Málaga;FRAUDE INFORMÁTICO;2023;16.241
Málaga;FRAUDE INFORMÁTICO;2022;10.230
Málaga;FRAUDE INFORMÁTICO;2021;7.471
Málaga;FRAUDE INFORMÁTICO;2020;8.064
Málaga;FRAUDE INFORMÁTICO;2019;5.565
Málaga;FRAUDE INFORMÁTICO;2018;2.738
Málaga;FRAUDE INFORMÁTICO;2017;1.676
Málaga;FRAUDE INFORMÁTICO;2016;1.238
Málaga;FRAUDE INFORMÁTICO;2015;1.098
Málaga;FRAUDE INFORMÁTICO;2014;936
Málaga;FRAUDE INFORMÁTICO;2013;838
Málaga;FRAUDE INFORMÁTICO;2012;768
Málaga;FRAUDE INFORMÁTICO;2011;686
Málaga;INTERFERENCIA EN LOS DATOS Y EN EL SISTEMA;2024;121
Málaga;INTERFERENCIA EN LOS DATOS Y EN EL SISTEMA;2023;108
Málaga;INTERFERENCIA EN LOS DATOS Y EN EL SISTEMA;2022;107
Málaga;INTERFERENCIA EN LOS DATOS Y EN EL SISTEMA;2021;97
Málaga;INTERFERENCIA EN LOS DATOS Y EN EL SISTEMA;2020;74
Málaga;INTERFERENCIA EN LOS DATOS Y EN EL SISTEMA;2019;47
Málaga;INTERFERENCIA EN LOS DATOS Y EN EL SISTEMA;2018;62
Málaga;INTERFERENCIA EN LOS DATOS Y EN EL SISTEMA;2017;52
Málaga;INTERFERENCIA EN LOS DATOS Y EN EL SISTEMA;2016;43
Málaga;INTERFERENCIA EN LOS DATOS Y EN EL SISTEMA;2015;23
Málaga;INTERFERENCIA EN LOS DATOS Y EN EL SISTEMA;2014;24
Málaga;INTERFERENCIA EN LOS DATOS Y EN EL SISTEMA;2013;11
Málaga;INTERFERENCIA EN LOS DATOS Y EN EL SISTEMA;2012;14
Málaga;INTERFERENCIA EN LOS DATOS Y EN EL SISTEMA;2011;14
Málaga;TOTAL grupo penal;2024;18.137
Málaga;TOTAL grupo penal;2023;17.993
Málaga;TOTAL grupo penal;2022;11.863
Málaga;TOTAL grupo penal;2021;8.894
Málaga;TOTAL grupo penal;2020;9.183
Málaga;TOTAL grupo penal;2019;6.550
Málaga;TOTAL grupo penal;2018;3.651
Málaga;TOTAL grupo penal;2017;2.513
Málaga;TOTAL grupo penal;2016;2.105
Málaga;TOTAL grupo penal;2015;1.822
Málaga;TOTAL grupo penal;2014;1.641
Málaga;TOTAL grupo penal;2013;1.681
Málaga;TOTAL grupo penal;2012;1.585
Málaga;TOTAL grupo penal;2011;1.580
Murcia;ACCESO  E INTERCEPTACIÓN ILÍCITA;2024;274
Murcia;ACCESO  E INTERCEPTACIÓN ILÍCITA;2023;151
Murcia;ACCESO  E INTERCEPTACIÓN ILÍCITA;2022;95
Murcia;ACCESO  E INTERCEPTACIÓN ILÍCITA;2021;96
Murcia;ACCESO  E INTERCEPTACIÓN ILÍCITA;2020;97
Murcia;ACCESO  E INTERCEPTACIÓN ILÍCITA;2019;84
Murcia;ACCESO  E INTERCEPTACIÓN ILÍCITA;2018;79
Murcia;ACCESO  E INTERCEPTACIÓN ILÍCITA;2017;60
Murcia;ACCESO  E INTERCEPTACIÓN ILÍCITA;2016;61
Murcia;ACCESO  E INTERCEPTACIÓN ILÍCITA;2015;64
Murcia;ACCESO  E INTERCEPTACIÓN ILÍCITA;2014;46
Murcia;ACCESO  E INTERCEPTACIÓN ILÍCITA;2013;59
Murcia;ACCESO  E INTERCEPTACIÓN ILÍCITA;2012;58
Murcia;ACCESO  E INTERCEPTACIÓN ILÍCITA;2011;53
Murcia;AMENAZAS Y COACCIONES;2024;405
Murcia;AMENAZAS Y COACCIONES;2023;474
Murcia;AMENAZAS Y COACCIONES;2022;566
Murcia;AMENAZAS Y COACCIONES;2021;572
Murcia;AMENAZAS Y COACCIONES;2020;446
Murcia;AMENAZAS Y COACCIONES;2019;323
Murcia;AMENAZAS Y COACCIONES;2018;320
Murcia;AMENAZAS Y COACCIONES;2017;342
Murcia;AMENAZAS Y COACCIONES;2016;318
Murcia;AMENAZAS Y COACCIONES;2015;279
Murcia;AMENAZAS Y COACCIONES;2014;247
Murcia;AMENAZAS Y COACCIONES;2013;239
Murcia;AMENAZAS Y COACCIONES;2012;253
Murcia;AMENAZAS Y COACCIONES;2011;297
Murcia;CONTRA EL HONOR;2024;33
Murcia;CONTRA EL HONOR;2023;33
Murcia;CONTRA EL HONOR;2022;27
Murcia;CONTRA EL HONOR;2021;60
Murcia;CONTRA EL HONOR;2020;49
Murcia;CONTRA EL HONOR;2019;39
Murcia;CONTRA EL HONOR;2018;38
Murcia;CONTRA EL HONOR;2017;43
Murcia;CONTRA EL HONOR;2016;44
Murcia;CONTRA EL HONOR;2015;74
Murcia;CONTRA EL HONOR;2014;75
Murcia;CONTRA EL HONOR;2013;48
Murcia;CONTRA EL HONOR;2012;50
Murcia;CONTRA EL HONOR;2011;68
Murcia;CONTRA LA PROPIEDAD INDUSTRIAL/INTELECTUAL;2024;6
Murcia;CONTRA LA PROPIEDAD INDUSTRIAL/INTELECTUAL;2023;1
Murcia;CONTRA LA PROPIEDAD INDUSTRIAL/INTELECTUAL;2022;5
Murcia;CONTRA LA PROPIEDAD INDUSTRIAL/INTELECTUAL;2021;6
Murcia;CONTRA LA PROPIEDAD INDUSTRIAL/INTELECTUAL;2020;5
Murcia;CONTRA LA PROPIEDAD INDUSTRIAL/INTELECTUAL;2019;5
Murcia;CONTRA LA PROPIEDAD INDUSTRIAL/INTELECTUAL;2018;12
Murcia;CONTRA LA PROPIEDAD INDUSTRIAL/INTELECTUAL;2017;3
Murcia;CONTRA LA PROPIEDAD INDUSTRIAL/INTELECTUAL;2016;1
Murcia;CONTRA LA PROPIEDAD INDUSTRIAL/INTELECTUAL;2015;1
Murcia;CONTRA LA PROPIEDAD INDUSTRIAL/INTELECTUAL;2014;1
Murcia;CONTRA LA PROPIEDAD INDUSTRIAL/INTELECTUAL;2013;1
Murcia;CONTRA LA PROPIEDAD INDUSTRIAL/INTELECTUAL;2012;1
Murcia;CONTRA LA PROPIEDAD INDUSTRIAL/INTELECTUAL;2011;3
Murcia;DELITOS SEXUALES;2024;110
Murcia;DELITOS SEXUALES;2023;59
Murcia;DELITOS SEXUALES;2022;43
Murcia;DELITOS SEXUALES;2021;57
Murcia;DELITOS SEXUALES;2020;66
Murcia;DELITOS SEXUALES;2019;65
Murcia;DELITOS SEXUALES;2018;49
Murcia;DELITOS SEXUALES;2017;39
Murcia;DELITOS SEXUALES;2016;40
Murcia;DELITOS SEXUALES;2015;37
Murcia;DELITOS SEXUALES;2014;35
Murcia;DELITOS SEXUALES;2013;18
Murcia;DELITOS SEXUALES;2012;11
Murcia;DELITOS SEXUALES;2011;22
Murcia;FALSIFICACIÓN INFORMÁTICA;2024;828
Murcia;FALSIFICACIÓN INFORMÁTICA;2023;659
Murcia;FALSIFICACIÓN INFORMÁTICA;2022;558
Murcia;FALSIFICACIÓN INFORMÁTICA;2021;410
Murcia;FALSIFICACIÓN INFORMÁTICA;2020;242
Murcia;FALSIFICACIÓN INFORMÁTICA;2019;130
Murcia;FALSIFICACIÓN INFORMÁTICA;2018;107
Murcia;FALSIFICACIÓN INFORMÁTICA;2017;73
Murcia;FALSIFICACIÓN INFORMÁTICA;2016;68
Murcia;FALSIFICACIÓN INFORMÁTICA;2015;59
Murcia;FALSIFICACIÓN INFORMÁTICA;2014;34
Murcia;FALSIFICACIÓN INFORMÁTICA;2013;36
Murcia;FALSIFICACIÓN INFORMÁTICA;2012;61
Murcia;FALSIFICACIÓN INFORMÁTICA;2011;90
Murcia;FRAUDE INFORMÁTICO;2024;11.558
Murcia;FRAUDE INFORMÁTICO;2023;12.310
Murcia;FRAUDE INFORMÁTICO;2022;8.651
Murcia;FRAUDE INFORMÁTICO;2021;6.754
Murcia;FRAUDE INFORMÁTICO;2020;5.887
Murcia;FRAUDE INFORMÁTICO;2019;3.358
Murcia;FRAUDE INFORMÁTICO;2018;2.034
Murcia;FRAUDE INFORMÁTICO;2017;1.183
Murcia;FRAUDE INFORMÁTICO;2016;885
Murcia;FRAUDE INFORMÁTICO;2015;718
Murcia;FRAUDE INFORMÁTICO;2014;581
Murcia;FRAUDE INFORMÁTICO;2013;428
Murcia;FRAUDE INFORMÁTICO;2012;482
Murcia;FRAUDE INFORMÁTICO;2011;306
Murcia;INTERFERENCIA EN LOS DATOS Y EN EL SISTEMA;2024;41
Murcia;INTERFERENCIA EN LOS DATOS Y EN EL SISTEMA;2023;61
Murcia;INTERFERENCIA EN LOS DATOS Y EN EL SISTEMA;2022;26
Murcia;INTERFERENCIA EN LOS DATOS Y EN EL SISTEMA;2021;54
Murcia;INTERFERENCIA EN LOS DATOS Y EN EL SISTEMA;2020;36
Murcia;INTERFERENCIA EN LOS DATOS Y EN EL SISTEMA;2019;27
Murcia;INTERFERENCIA EN LOS DATOS Y EN EL SISTEMA;2018;33
Murcia;INTERFERENCIA EN LOS DATOS Y EN EL SISTEMA;2017;25
Murcia;INTERFERENCIA EN LOS DATOS Y EN EL SISTEMA;2016;28
Murcia;INTERFERENCIA EN LOS DATOS Y EN EL SISTEMA;2015;22
Murcia;INTERFERENCIA EN LOS DATOS Y EN EL SISTEMA;2014;12
Murcia;INTERFERENCIA EN LOS DATOS Y EN EL SISTEMA;2013;12
Murcia;INTERFERENCIA EN LOS DATOS Y EN EL SISTEMA;2012;10
Murcia;INTERFERENCIA EN LOS DATOS Y EN EL SISTEMA;2011;10
Murcia;TOTAL grupo penal;2024;13.255
Murcia;TOTAL grupo penal;2023;13.748
Murcia;TOTAL grupo penal;2022;9.971
Murcia;TOTAL grupo penal;2021;8.009
Murcia;TOTAL grupo penal;2020;6.828
Murcia;TOTAL grupo penal;2019;4.031
Murcia;TOTAL grupo penal;2018;2.672
Murcia;TOTAL grupo penal;2017;1.768
Murcia;TOTAL grupo penal;2016;1.445
Murcia;TOTAL grupo penal;2015;1.254
Murcia;TOTAL grupo penal;2014;1.031
Murcia;TOTAL grupo penal;2013;841
Murcia;TOTAL grupo penal;2012;926
Murcia;TOTAL grupo penal;2011;849
Navarra;ACCESO  E INTERCEPTACIÓN ILÍCITA;2024;183
Navarra;ACCESO  E INTERCEPTACIÓN ILÍCITA;2023;187
Navarra;ACCESO  E INTERCEPTACIÓN ILÍCITA;2022;92
Navarra;ACCESO  E INTERCEPTACIÓN ILÍCITA;2021;108
Navarra;ACCESO  E INTERCEPTACIÓN ILÍCITA;2020;80
Navarra;ACCESO  E INTERCEPTACIÓN ILÍCITA;2019;113
Navarra;ACCESO  E INTERCEPTACIÓN ILÍCITA;2018;76
Navarra;ACCESO  E INTERCEPTACIÓN ILÍCITA;2017;91
Navarra;ACCESO  E INTERCEPTACIÓN ILÍCITA;2016;86
Navarra;ACCESO  E INTERCEPTACIÓN ILÍCITA;2015;54
Navarra;ACCESO  E INTERCEPTACIÓN ILÍCITA;2014;58
Navarra;ACCESO  E INTERCEPTACIÓN ILÍCITA;2013;44
Navarra;ACCESO  E INTERCEPTACIÓN ILÍCITA;2012;40
Navarra;ACCESO  E INTERCEPTACIÓN ILÍCITA;2011;28
Navarra;AMENAZAS Y COACCIONES;2024;335
Navarra;AMENAZAS Y COACCIONES;2023;343
Navarra;AMENAZAS Y COACCIONES;2022;303
Navarra;AMENAZAS Y COACCIONES;2021;283
Navarra;AMENAZAS Y COACCIONES;2020;264
Navarra;AMENAZAS Y COACCIONES;2019;196
Navarra;AMENAZAS Y COACCIONES;2018;217
Navarra;AMENAZAS Y COACCIONES;2017;204
Navarra;AMENAZAS Y COACCIONES;2016;243
Navarra;AMENAZAS Y COACCIONES;2015;196
Navarra;AMENAZAS Y COACCIONES;2014;180
Navarra;AMENAZAS Y COACCIONES;2013;176
Navarra;AMENAZAS Y COACCIONES;2012;142
Navarra;AMENAZAS Y COACCIONES;2011;120
Navarra;CONTRA EL HONOR;2024;28
Navarra;CONTRA EL HONOR;2023;18
Navarra;CONTRA EL HONOR;2022;18
Navarra;CONTRA EL HONOR;2021;29
Navarra;CONTRA EL HONOR;2020;25
Navarra;CONTRA EL HONOR;2019;23
Navarra;CONTRA EL HONOR;2018;23
Navarra;CONTRA EL HONOR;2017;30
Navarra;CONTRA EL HONOR;2016;58
Navarra;CONTRA EL HONOR;2015;51
Navarra;CONTRA EL HONOR;2014;41
Navarra;CONTRA EL HONOR;2013;62
Navarra;CONTRA EL HONOR;2012;46
Navarra;CONTRA EL HONOR;2011;37
Navarra;CONTRA LA PROPIEDAD INDUSTRIAL/INTELECTUAL;2024;2
Navarra;CONTRA LA PROPIEDAD INDUSTRIAL/INTELECTUAL;2023;5
Navarra;CONTRA LA PROPIEDAD INDUSTRIAL/INTELECTUAL;2022;2
Navarra;CONTRA LA PROPIEDAD INDUSTRIAL/INTELECTUAL;2021;2
Navarra;CONTRA LA PROPIEDAD INDUSTRIAL/INTELECTUAL;2020;4
Navarra;CONTRA LA PROPIEDAD INDUSTRIAL/INTELECTUAL;2019;1
Navarra;CONTRA LA PROPIEDAD INDUSTRIAL/INTELECTUAL;2018;1
Navarra;CONTRA LA PROPIEDAD INDUSTRIAL/INTELECTUAL;2017;0
Navarra;CONTRA LA PROPIEDAD INDUSTRIAL/INTELECTUAL;2016;3
Navarra;CONTRA LA PROPIEDAD INDUSTRIAL/INTELECTUAL;2015;5
Navarra;CONTRA LA PROPIEDAD INDUSTRIAL/INTELECTUAL;2014;14
Navarra;CONTRA LA PROPIEDAD INDUSTRIAL/INTELECTUAL;2013;3
Navarra;CONTRA LA PROPIEDAD INDUSTRIAL/INTELECTUAL;2012;2
Navarra;CONTRA LA PROPIEDAD INDUSTRIAL/INTELECTUAL;2011;1
Navarra;DELITOS SEXUALES;2024;50
Navarra;DELITOS SEXUALES;2023;50
Navarra;DELITOS SEXUALES;2022;26
Navarra;DELITOS SEXUALES;2021;24
Navarra;DELITOS SEXUALES;2020;43
Navarra;DELITOS SEXUALES;2019;37
Navarra;DELITOS SEXUALES;2018;29
Navarra;DELITOS SEXUALES;2017;24
Navarra;DELITOS SEXUALES;2016;24
Navarra;DELITOS SEXUALES;2015;18
Navarra;DELITOS SEXUALES;2014;11
Navarra;DELITOS SEXUALES;2013;8
Navarra;DELITOS SEXUALES;2012;10
Navarra;DELITOS SEXUALES;2011;6
Navarra;FALSIFICACIÓN INFORMÁTICA;2024;283
Navarra;FALSIFICACIÓN INFORMÁTICA;2023;267
Navarra;FALSIFICACIÓN INFORMÁTICA;2022;214
Navarra;FALSIFICACIÓN INFORMÁTICA;2021;181
Navarra;FALSIFICACIÓN INFORMÁTICA;2020;123
Navarra;FALSIFICACIÓN INFORMÁTICA;2019;80
Navarra;FALSIFICACIÓN INFORMÁTICA;2018;77
Navarra;FALSIFICACIÓN INFORMÁTICA;2017;45
Navarra;FALSIFICACIÓN INFORMÁTICA;2016;51
Navarra;FALSIFICACIÓN INFORMÁTICA;2015;45
Navarra;FALSIFICACIÓN INFORMÁTICA;2014;33
Navarra;FALSIFICACIÓN INFORMÁTICA;2013;34
Navarra;FALSIFICACIÓN INFORMÁTICA;2012;26
Navarra;FALSIFICACIÓN INFORMÁTICA;2011;35
Navarra;FRAUDE INFORMÁTICO;2024;6.090
Navarra;FRAUDE INFORMÁTICO;2023;6.576
Navarra;FRAUDE INFORMÁTICO;2022;4.816
Navarra;FRAUDE INFORMÁTICO;2021;3.673
Navarra;FRAUDE INFORMÁTICO;2020;3.903
Navarra;FRAUDE INFORMÁTICO;2019;2.734
Navarra;FRAUDE INFORMÁTICO;2018;2.126
Navarra;FRAUDE INFORMÁTICO;2017;1.728
Navarra;FRAUDE INFORMÁTICO;2016;1.424
Navarra;FRAUDE INFORMÁTICO;2015;1.285
Navarra;FRAUDE INFORMÁTICO;2014;792
Navarra;FRAUDE INFORMÁTICO;2013;612
Navarra;FRAUDE INFORMÁTICO;2012;512
Navarra;FRAUDE INFORMÁTICO;2011;310
Navarra;INTERFERENCIA EN LOS DATOS Y EN EL SISTEMA;2024;21
Navarra;INTERFERENCIA EN LOS DATOS Y EN EL SISTEMA;2023;29
Navarra;INTERFERENCIA EN LOS DATOS Y EN EL SISTEMA;2022;28
Navarra;INTERFERENCIA EN LOS DATOS Y EN EL SISTEMA;2021;62
Navarra;INTERFERENCIA EN LOS DATOS Y EN EL SISTEMA;2020;23
Navarra;INTERFERENCIA EN LOS DATOS Y EN EL SISTEMA;2019;27
Navarra;INTERFERENCIA EN LOS DATOS Y EN EL SISTEMA;2018;25
Navarra;INTERFERENCIA EN LOS DATOS Y EN EL SISTEMA;2017;17
Navarra;INTERFERENCIA EN LOS DATOS Y EN EL SISTEMA;2016;22
Navarra;INTERFERENCIA EN LOS DATOS Y EN EL SISTEMA;2015;20
Navarra;INTERFERENCIA EN LOS DATOS Y EN EL SISTEMA;2014;11
Navarra;INTERFERENCIA EN LOS DATOS Y EN EL SISTEMA;2013;6
Navarra;INTERFERENCIA EN LOS DATOS Y EN EL SISTEMA;2012;6
Navarra;INTERFERENCIA EN LOS DATOS Y EN EL SISTEMA;2011;1
Navarra;TOTAL grupo penal;2024;6.992
Navarra;TOTAL grupo penal;2023;7.475
Navarra;TOTAL grupo penal;2022;5.499
Navarra;TOTAL grupo penal;2021;4.362
Navarra;TOTAL grupo penal;2020;4.465
Navarra;TOTAL grupo penal;2019;3.211
Navarra;TOTAL grupo penal;2018;2.574
Navarra;TOTAL grupo penal;2017;2.139
Navarra;TOTAL grupo penal;2016;1.911
Navarra;TOTAL grupo penal;2015;1.674
Navarra;TOTAL grupo penal;2014;1.140
Navarra;TOTAL grupo penal;2013;945
Navarra;TOTAL grupo penal;2012;784
Navarra;TOTAL grupo penal;2011;538
Ourense;ACCESO  E INTERCEPTACIÓN ILÍCITA;2024;78
Ourense;ACCESO  E INTERCEPTACIÓN ILÍCITA;2023;22
Ourense;ACCESO  E INTERCEPTACIÓN ILÍCITA;2022;14
Ourense;ACCESO  E INTERCEPTACIÓN ILÍCITA;2021;17
Ourense;ACCESO  E INTERCEPTACIÓN ILÍCITA;2020;20
Ourense;ACCESO  E INTERCEPTACIÓN ILÍCITA;2019;22
Ourense;ACCESO  E INTERCEPTACIÓN ILÍCITA;2018;8
Ourense;ACCESO  E INTERCEPTACIÓN ILÍCITA;2017;13
Ourense;ACCESO  E INTERCEPTACIÓN ILÍCITA;2016;18
Ourense;ACCESO  E INTERCEPTACIÓN ILÍCITA;2015;15
Ourense;ACCESO  E INTERCEPTACIÓN ILÍCITA;2014;4
Ourense;ACCESO  E INTERCEPTACIÓN ILÍCITA;2013;9
Ourense;ACCESO  E INTERCEPTACIÓN ILÍCITA;2012;7
Ourense;ACCESO  E INTERCEPTACIÓN ILÍCITA;2011;2
Ourense;AMENAZAS Y COACCIONES;2024;163
Ourense;AMENAZAS Y COACCIONES;2023;179
Ourense;AMENAZAS Y COACCIONES;2022;117
Ourense;AMENAZAS Y COACCIONES;2021;113
Ourense;AMENAZAS Y COACCIONES;2020;94
Ourense;AMENAZAS Y COACCIONES;2019;83
Ourense;AMENAZAS Y COACCIONES;2018;61
Ourense;AMENAZAS Y COACCIONES;2017;64
Ourense;AMENAZAS Y COACCIONES;2016;67
Ourense;AMENAZAS Y COACCIONES;2015;96
Ourense;AMENAZAS Y COACCIONES;2014;65
Ourense;AMENAZAS Y COACCIONES;2013;84
Ourense;AMENAZAS Y COACCIONES;2012;70
Ourense;AMENAZAS Y COACCIONES;2011;67
Ourense;CONTRA EL HONOR;2024;15
Ourense;CONTRA EL HONOR;2023;24
Ourense;CONTRA EL HONOR;2022;18
Ourense;CONTRA EL HONOR;2021;30
Ourense;CONTRA EL HONOR;2020;23
Ourense;CONTRA EL HONOR;2019;11
Ourense;CONTRA EL HONOR;2018;9
Ourense;CONTRA EL HONOR;2017;7
Ourense;CONTRA EL HONOR;2016;20
Ourense;CONTRA EL HONOR;2015;12
Ourense;CONTRA EL HONOR;2014;15
Ourense;CONTRA EL HONOR;2013;8
Ourense;CONTRA EL HONOR;2012;11
Ourense;CONTRA EL HONOR;2011;12
Ourense;CONTRA LA PROPIEDAD INDUSTRIAL/INTELECTUAL;2024;4
Ourense;CONTRA LA PROPIEDAD INDUSTRIAL/INTELECTUAL;2023;2
Ourense;CONTRA LA PROPIEDAD INDUSTRIAL/INTELECTUAL;2022;1
Ourense;CONTRA LA PROPIEDAD INDUSTRIAL/INTELECTUAL;2021;0
Ourense;CONTRA LA PROPIEDAD INDUSTRIAL/INTELECTUAL;2020;3
Ourense;CONTRA LA PROPIEDAD INDUSTRIAL/INTELECTUAL;2019;1
Ourense;CONTRA LA PROPIEDAD INDUSTRIAL/INTELECTUAL;2018;1
Ourense;CONTRA LA PROPIEDAD INDUSTRIAL/INTELECTUAL;2017;1
Ourense;CONTRA LA PROPIEDAD INDUSTRIAL/INTELECTUAL;2016;0
Ourense;CONTRA LA PROPIEDAD INDUSTRIAL/INTELECTUAL;2015;0
Ourense;CONTRA LA PROPIEDAD INDUSTRIAL/INTELECTUAL;2014;1
Ourense;CONTRA LA PROPIEDAD INDUSTRIAL/INTELECTUAL;2013;1
Ourense;CONTRA LA PROPIEDAD INDUSTRIAL/INTELECTUAL;2012;0
Ourense;CONTRA LA PROPIEDAD INDUSTRIAL/INTELECTUAL;2011;0
Ourense;DELITOS SEXUALES;2024;8
Ourense;DELITOS SEXUALES;2023;9
Ourense;DELITOS SEXUALES;2022;13
Ourense;DELITOS SEXUALES;2021;13
Ourense;DELITOS SEXUALES;2020;13
Ourense;DELITOS SEXUALES;2019;2
Ourense;DELITOS SEXUALES;2018;9
Ourense;DELITOS SEXUALES;2017;3
Ourense;DELITOS SEXUALES;2016;2
Ourense;DELITOS SEXUALES;2015;3
Ourense;DELITOS SEXUALES;2014;3
Ourense;DELITOS SEXUALES;2013;2
Ourense;DELITOS SEXUALES;2012;4
Ourense;DELITOS SEXUALES;2011;6
Ourense;FALSIFICACIÓN INFORMÁTICA;2024;99
Ourense;FALSIFICACIÓN INFORMÁTICA;2023;110
Ourense;FALSIFICACIÓN INFORMÁTICA;2022;125
Ourense;FALSIFICACIÓN INFORMÁTICA;2021;76
Ourense;FALSIFICACIÓN INFORMÁTICA;2020;63
Ourense;FALSIFICACIÓN INFORMÁTICA;2019;28
Ourense;FALSIFICACIÓN INFORMÁTICA;2018;39
Ourense;FALSIFICACIÓN INFORMÁTICA;2017;22
Ourense;FALSIFICACIÓN INFORMÁTICA;2016;25
Ourense;FALSIFICACIÓN INFORMÁTICA;2015;33
Ourense;FALSIFICACIÓN INFORMÁTICA;2014;10
Ourense;FALSIFICACIÓN INFORMÁTICA;2013;17
Ourense;FALSIFICACIÓN INFORMÁTICA;2012;13
Ourense;FALSIFICACIÓN INFORMÁTICA;2011;9
Ourense;FRAUDE INFORMÁTICO;2024;1.842
Ourense;FRAUDE INFORMÁTICO;2023;1.905
Ourense;FRAUDE INFORMÁTICO;2022;2.217
Ourense;FRAUDE INFORMÁTICO;2021;2.000
Ourense;FRAUDE INFORMÁTICO;2020;1.308
Ourense;FRAUDE INFORMÁTICO;2019;975
Ourense;FRAUDE INFORMÁTICO;2018;496
Ourense;FRAUDE INFORMÁTICO;2017;299
Ourense;FRAUDE INFORMÁTICO;2016;252
Ourense;FRAUDE INFORMÁTICO;2015;244
Ourense;FRAUDE INFORMÁTICO;2014;163
Ourense;FRAUDE INFORMÁTICO;2013;146
Ourense;FRAUDE INFORMÁTICO;2012;149
Ourense;FRAUDE INFORMÁTICO;2011;96
Ourense;INTERFERENCIA EN LOS DATOS Y EN EL SISTEMA;2024;10
Ourense;INTERFERENCIA EN LOS DATOS Y EN EL SISTEMA;2023;1
Ourense;INTERFERENCIA EN LOS DATOS Y EN EL SISTEMA;2022;6
Ourense;INTERFERENCIA EN LOS DATOS Y EN EL SISTEMA;2021;12
Ourense;INTERFERENCIA EN LOS DATOS Y EN EL SISTEMA;2020;9
Ourense;INTERFERENCIA EN LOS DATOS Y EN EL SISTEMA;2019;8
Ourense;INTERFERENCIA EN LOS DATOS Y EN EL SISTEMA;2018;13
Ourense;INTERFERENCIA EN LOS DATOS Y EN EL SISTEMA;2017;10
Ourense;INTERFERENCIA EN LOS DATOS Y EN EL SISTEMA;2016;5
Ourense;INTERFERENCIA EN LOS DATOS Y EN EL SISTEMA;2015;4
Ourense;INTERFERENCIA EN LOS DATOS Y EN EL SISTEMA;2014;0
Ourense;INTERFERENCIA EN LOS DATOS Y EN EL SISTEMA;2013;0
Ourense;INTERFERENCIA EN LOS DATOS Y EN EL SISTEMA;2012;1
Ourense;INTERFERENCIA EN LOS DATOS Y EN EL SISTEMA;2011;2
Ourense;TOTAL grupo penal;2024;2.219
Ourense;TOTAL grupo penal;2023;2.252
Ourense;TOTAL grupo penal;2022;2.511
Ourense;TOTAL grupo penal;2021;2.261
Ourense;TOTAL grupo penal;2020;1.533
Ourense;TOTAL grupo penal;2019;1.130
Ourense;TOTAL grupo penal;2018;636
Ourense;TOTAL grupo penal;2017;419
Ourense;TOTAL grupo penal;2016;389
Ourense;TOTAL grupo penal;2015;407
Ourense;TOTAL grupo penal;2014;261
Ourense;TOTAL grupo penal;2013;267
Ourense;TOTAL grupo penal;2012;255
Ourense;TOTAL grupo penal;2011;194
Asturias;ACCESO  E INTERCEPTACIÓN ILÍCITA;2024;322
Asturias;ACCESO  E INTERCEPTACIÓN ILÍCITA;2023;143
Asturias;ACCESO  E INTERCEPTACIÓN ILÍCITA;2022;121
Asturias;ACCESO  E INTERCEPTACIÓN ILÍCITA;2021;92
Asturias;ACCESO  E INTERCEPTACIÓN ILÍCITA;2020;75
Asturias;ACCESO  E INTERCEPTACIÓN ILÍCITA;2019;83
Asturias;ACCESO  E INTERCEPTACIÓN ILÍCITA;2018;47
Asturias;ACCESO  E INTERCEPTACIÓN ILÍCITA;2017;51
Asturias;ACCESO  E INTERCEPTACIÓN ILÍCITA;2016;44
Asturias;ACCESO  E INTERCEPTACIÓN ILÍCITA;2015;42
Asturias;ACCESO  E INTERCEPTACIÓN ILÍCITA;2014;42
Asturias;ACCESO  E INTERCEPTACIÓN ILÍCITA;2013;35
Asturias;ACCESO  E INTERCEPTACIÓN ILÍCITA;2012;36
Asturias;ACCESO  E INTERCEPTACIÓN ILÍCITA;2011;44
Asturias;AMENAZAS Y COACCIONES;2024;328
Asturias;AMENAZAS Y COACCIONES;2023;302
Asturias;AMENAZAS Y COACCIONES;2022;362
Asturias;AMENAZAS Y COACCIONES;2021;316
Asturias;AMENAZAS Y COACCIONES;2020;293
Asturias;AMENAZAS Y COACCIONES;2019;296
Asturias;AMENAZAS Y COACCIONES;2018;248
Asturias;AMENAZAS Y COACCIONES;2017;253
Asturias;AMENAZAS Y COACCIONES;2016;275
Asturias;AMENAZAS Y COACCIONES;2015;219
Asturias;AMENAZAS Y COACCIONES;2014;239
Asturias;AMENAZAS Y COACCIONES;2013;284
Asturias;AMENAZAS Y COACCIONES;2012;255
Asturias;AMENAZAS Y COACCIONES;2011;232
Asturias;CONTRA EL HONOR;2024;25
Asturias;CONTRA EL HONOR;2023;27
Asturias;CONTRA EL HONOR;2022;51
Asturias;CONTRA EL HONOR;2021;43
Asturias;CONTRA EL HONOR;2020;51
Asturias;CONTRA EL HONOR;2019;34
Asturias;CONTRA EL HONOR;2018;62
Asturias;CONTRA EL HONOR;2017;57
Asturias;CONTRA EL HONOR;2016;55
Asturias;CONTRA EL HONOR;2015;67
Asturias;CONTRA EL HONOR;2014;84
Asturias;CONTRA EL HONOR;2013;104
Asturias;CONTRA EL HONOR;2012;78
Asturias;CONTRA EL HONOR;2011;63
Asturias;CONTRA LA PROPIEDAD INDUSTRIAL/INTELECTUAL;2024;8
Asturias;CONTRA LA PROPIEDAD INDUSTRIAL/INTELECTUAL;2023;3
Asturias;CONTRA LA PROPIEDAD INDUSTRIAL/INTELECTUAL;2022;2
Asturias;CONTRA LA PROPIEDAD INDUSTRIAL/INTELECTUAL;2021;5
Asturias;CONTRA LA PROPIEDAD INDUSTRIAL/INTELECTUAL;2020;3
Asturias;CONTRA LA PROPIEDAD INDUSTRIAL/INTELECTUAL;2019;3
Asturias;CONTRA LA PROPIEDAD INDUSTRIAL/INTELECTUAL;2018;2
Asturias;CONTRA LA PROPIEDAD INDUSTRIAL/INTELECTUAL;2017;0
Asturias;CONTRA LA PROPIEDAD INDUSTRIAL/INTELECTUAL;2016;3
Asturias;CONTRA LA PROPIEDAD INDUSTRIAL/INTELECTUAL;2015;3
Asturias;CONTRA LA PROPIEDAD INDUSTRIAL/INTELECTUAL;2014;3
Asturias;CONTRA LA PROPIEDAD INDUSTRIAL/INTELECTUAL;2013;4
Asturias;CONTRA LA PROPIEDAD INDUSTRIAL/INTELECTUAL;2012;4
Asturias;CONTRA LA PROPIEDAD INDUSTRIAL/INTELECTUAL;2011;2
Asturias;DELITOS SEXUALES;2024;27
Asturias;DELITOS SEXUALES;2023;27
Asturias;DELITOS SEXUALES;2022;39
Asturias;DELITOS SEXUALES;2021;41
Asturias;DELITOS SEXUALES;2020;38
Asturias;DELITOS SEXUALES;2019;22
Asturias;DELITOS SEXUALES;2018;31
Asturias;DELITOS SEXUALES;2017;17
Asturias;DELITOS SEXUALES;2016;19
Asturias;DELITOS SEXUALES;2015;26
Asturias;DELITOS SEXUALES;2014;22
Asturias;DELITOS SEXUALES;2013;19
Asturias;DELITOS SEXUALES;2012;16
Asturias;DELITOS SEXUALES;2011;11
Asturias;FALSIFICACIÓN INFORMÁTICA;2024;303
Asturias;FALSIFICACIÓN INFORMÁTICA;2023;213
Asturias;FALSIFICACIÓN INFORMÁTICA;2022;281
Asturias;FALSIFICACIÓN INFORMÁTICA;2021;168
Asturias;FALSIFICACIÓN INFORMÁTICA;2020;103
Asturias;FALSIFICACIÓN INFORMÁTICA;2019;51
Asturias;FALSIFICACIÓN INFORMÁTICA;2018;36
Asturias;FALSIFICACIÓN INFORMÁTICA;2017;29
Asturias;FALSIFICACIÓN INFORMÁTICA;2016;26
Asturias;FALSIFICACIÓN INFORMÁTICA;2015;21
Asturias;FALSIFICACIÓN INFORMÁTICA;2014;27
Asturias;FALSIFICACIÓN INFORMÁTICA;2013;23
Asturias;FALSIFICACIÓN INFORMÁTICA;2012;30
Asturias;FALSIFICACIÓN INFORMÁTICA;2011;21
Asturias;FRAUDE INFORMÁTICO;2024;8.117
Asturias;FRAUDE INFORMÁTICO;2023;7.897
Asturias;FRAUDE INFORMÁTICO;2022;7.661
Asturias;FRAUDE INFORMÁTICO;2021;6.187
Asturias;FRAUDE INFORMÁTICO;2020;5.623
Asturias;FRAUDE INFORMÁTICO;2019;3.657
Asturias;FRAUDE INFORMÁTICO;2018;2.371
Asturias;FRAUDE INFORMÁTICO;2017;1.677
Asturias;FRAUDE INFORMÁTICO;2016;1.277
Asturias;FRAUDE INFORMÁTICO;2015;1.002
Asturias;FRAUDE INFORMÁTICO;2014;690
Asturias;FRAUDE INFORMÁTICO;2013;585
Asturias;FRAUDE INFORMÁTICO;2012;475
Asturias;FRAUDE INFORMÁTICO;2011;376
Asturias;INTERFERENCIA EN LOS DATOS Y EN EL SISTEMA;2024;53
Asturias;INTERFERENCIA EN LOS DATOS Y EN EL SISTEMA;2023;36
Asturias;INTERFERENCIA EN LOS DATOS Y EN EL SISTEMA;2022;43
Asturias;INTERFERENCIA EN LOS DATOS Y EN EL SISTEMA;2021;54
Asturias;INTERFERENCIA EN LOS DATOS Y EN EL SISTEMA;2020;39
Asturias;INTERFERENCIA EN LOS DATOS Y EN EL SISTEMA;2019;16
Asturias;INTERFERENCIA EN LOS DATOS Y EN EL SISTEMA;2018;12
Asturias;INTERFERENCIA EN LOS DATOS Y EN EL SISTEMA;2017;18
Asturias;INTERFERENCIA EN LOS DATOS Y EN EL SISTEMA;2016;15
Asturias;INTERFERENCIA EN LOS DATOS Y EN EL SISTEMA;2015;13
Asturias;INTERFERENCIA EN LOS DATOS Y EN EL SISTEMA;2014;6
Asturias;INTERFERENCIA EN LOS DATOS Y EN EL SISTEMA;2013;10
Asturias;INTERFERENCIA EN LOS DATOS Y EN EL SISTEMA;2012;7
Asturias;INTERFERENCIA EN LOS DATOS Y EN EL SISTEMA;2011;8
Asturias;TOTAL grupo penal;2024;9.183
Asturias;TOTAL grupo penal;2023;8.648
Asturias;TOTAL grupo penal;2022;8.560
Asturias;TOTAL grupo penal;2021;6.906
Asturias;TOTAL grupo penal;2020;6.225
Asturias;TOTAL grupo penal;2019;4.162
Asturias;TOTAL grupo penal;2018;2.809
Asturias;TOTAL grupo penal;2017;2.102
Asturias;TOTAL grupo penal;2016;1.714
Asturias;TOTAL grupo penal;2015;1.393
Asturias;TOTAL grupo penal;2014;1.113
Asturias;TOTAL grupo penal;2013;1.064
Asturias;TOTAL grupo penal;2012;901
Asturias;TOTAL grupo penal;2011;757
Palencia;ACCESO  E INTERCEPTACIÓN ILÍCITA;2024;54
Palencia;ACCESO  E INTERCEPTACIÓN ILÍCITA;2023;15
Palencia;ACCESO  E INTERCEPTACIÓN ILÍCITA;2022;12
Palencia;ACCESO  E INTERCEPTACIÓN ILÍCITA;2021;6
Palencia;ACCESO  E INTERCEPTACIÓN ILÍCITA;2020;7
Palencia;ACCESO  E INTERCEPTACIÓN ILÍCITA;2019;10
Palencia;ACCESO  E INTERCEPTACIÓN ILÍCITA;2018;5
Palencia;ACCESO  E INTERCEPTACIÓN ILÍCITA;2017;3
Palencia;ACCESO  E INTERCEPTACIÓN ILÍCITA;2016;7
Palencia;ACCESO  E INTERCEPTACIÓN ILÍCITA;2015;5
Palencia;ACCESO  E INTERCEPTACIÓN ILÍCITA;2014;0
Palencia;ACCESO  E INTERCEPTACIÓN ILÍCITA;2013;2
Palencia;ACCESO  E INTERCEPTACIÓN ILÍCITA;2012;2
Palencia;ACCESO  E INTERCEPTACIÓN ILÍCITA;2011;2
Palencia;AMENAZAS Y COACCIONES;2024;57
Palencia;AMENAZAS Y COACCIONES;2023;54
Palencia;AMENAZAS Y COACCIONES;2022;69
Palencia;AMENAZAS Y COACCIONES;2021;82
Palencia;AMENAZAS Y COACCIONES;2020;69
Palencia;AMENAZAS Y COACCIONES;2019;57
Palencia;AMENAZAS Y COACCIONES;2018;77
Palencia;AMENAZAS Y COACCIONES;2017;52
Palencia;AMENAZAS Y COACCIONES;2016;56
Palencia;AMENAZAS Y COACCIONES;2015;41
Palencia;AMENAZAS Y COACCIONES;2014;37
Palencia;AMENAZAS Y COACCIONES;2013;35
Palencia;AMENAZAS Y COACCIONES;2012;31
Palencia;AMENAZAS Y COACCIONES;2011;33
Palencia;CONTRA EL HONOR;2024;2
Palencia;CONTRA EL HONOR;2023;4
Palencia;CONTRA EL HONOR;2022;2
Palencia;CONTRA EL HONOR;2021;2
Palencia;CONTRA EL HONOR;2020;7
Palencia;CONTRA EL HONOR;2019;4
Palencia;CONTRA EL HONOR;2018;10
Palencia;CONTRA EL HONOR;2017;0
Palencia;CONTRA EL HONOR;2016;4
Palencia;CONTRA EL HONOR;2015;8
Palencia;CONTRA EL HONOR;2014;7
Palencia;CONTRA EL HONOR;2013;12
Palencia;CONTRA EL HONOR;2012;6
Palencia;CONTRA EL HONOR;2011;9
Palencia;CONTRA LA PROPIEDAD INDUSTRIAL/INTELECTUAL;2024;0
Palencia;CONTRA LA PROPIEDAD INDUSTRIAL/INTELECTUAL;2023;1
Palencia;CONTRA LA PROPIEDAD INDUSTRIAL/INTELECTUAL;2022;0
Palencia;CONTRA LA PROPIEDAD INDUSTRIAL/INTELECTUAL;2021;0
Palencia;CONTRA LA PROPIEDAD INDUSTRIAL/INTELECTUAL;2020;1
Palencia;CONTRA LA PROPIEDAD INDUSTRIAL/INTELECTUAL;2019;0
Palencia;CONTRA LA PROPIEDAD INDUSTRIAL/INTELECTUAL;2018;0
Palencia;CONTRA LA PROPIEDAD INDUSTRIAL/INTELECTUAL;2017;0
Palencia;CONTRA LA PROPIEDAD INDUSTRIAL/INTELECTUAL;2016;0
Palencia;CONTRA LA PROPIEDAD INDUSTRIAL/INTELECTUAL;2015;0
Palencia;CONTRA LA PROPIEDAD INDUSTRIAL/INTELECTUAL;2014;0
Palencia;CONTRA LA PROPIEDAD INDUSTRIAL/INTELECTUAL;2013;0
Palencia;CONTRA LA PROPIEDAD INDUSTRIAL/INTELECTUAL;2012;0
Palencia;CONTRA LA PROPIEDAD INDUSTRIAL/INTELECTUAL;2011;1
Palencia;DELITOS SEXUALES;2024;5
Palencia;DELITOS SEXUALES;2023;4
Palencia;DELITOS SEXUALES;2022;3
Palencia;DELITOS SEXUALES;2021;5
Palencia;DELITOS SEXUALES;2020;10
Palencia;DELITOS SEXUALES;2019;9
Palencia;DELITOS SEXUALES;2018;3
Palencia;DELITOS SEXUALES;2017;4
Palencia;DELITOS SEXUALES;2016;4
Palencia;DELITOS SEXUALES;2015;1
Palencia;DELITOS SEXUALES;2014;3
Palencia;DELITOS SEXUALES;2013;0
Palencia;DELITOS SEXUALES;2012;0
Palencia;DELITOS SEXUALES;2011;0
Palencia;FALSIFICACIÓN INFORMÁTICA;2024;84
Palencia;FALSIFICACIÓN INFORMÁTICA;2023;36
Palencia;FALSIFICACIÓN INFORMÁTICA;2022;30
Palencia;FALSIFICACIÓN INFORMÁTICA;2021;33
Palencia;FALSIFICACIÓN INFORMÁTICA;2020;25
Palencia;FALSIFICACIÓN INFORMÁTICA;2019;16
Palencia;FALSIFICACIÓN INFORMÁTICA;2018;9
Palencia;FALSIFICACIÓN INFORMÁTICA;2017;14
Palencia;FALSIFICACIÓN INFORMÁTICA;2016;10
Palencia;FALSIFICACIÓN INFORMÁTICA;2015;5
Palencia;FALSIFICACIÓN INFORMÁTICA;2014;6
Palencia;FALSIFICACIÓN INFORMÁTICA;2013;7
Palencia;FALSIFICACIÓN INFORMÁTICA;2012;3
Palencia;FALSIFICACIÓN INFORMÁTICA;2011;3
Palencia;FRAUDE INFORMÁTICO;2024;1.432
Palencia;FRAUDE INFORMÁTICO;2023;1.324
Palencia;FRAUDE INFORMÁTICO;2022;1.274
Palencia;FRAUDE INFORMÁTICO;2021;991
Palencia;FRAUDE INFORMÁTICO;2020;803
Palencia;FRAUDE INFORMÁTICO;2019;570
Palencia;FRAUDE INFORMÁTICO;2018;556
Palencia;FRAUDE INFORMÁTICO;2017;360
Palencia;FRAUDE INFORMÁTICO;2016;241
Palencia;FRAUDE INFORMÁTICO;2015;106
Palencia;FRAUDE INFORMÁTICO;2014;89
Palencia;FRAUDE INFORMÁTICO;2013;67
Palencia;FRAUDE INFORMÁTICO;2012;52
Palencia;FRAUDE INFORMÁTICO;2011;50
Palencia;INTERFERENCIA EN LOS DATOS Y EN EL SISTEMA;2024;6
Palencia;INTERFERENCIA EN LOS DATOS Y EN EL SISTEMA;2023;0
Palencia;INTERFERENCIA EN LOS DATOS Y EN EL SISTEMA;2022;2
Palencia;INTERFERENCIA EN LOS DATOS Y EN EL SISTEMA;2021;3
Palencia;INTERFERENCIA EN LOS DATOS Y EN EL SISTEMA;2020;9
Palencia;INTERFERENCIA EN LOS DATOS Y EN EL SISTEMA;2019;3
Palencia;INTERFERENCIA EN LOS DATOS Y EN EL SISTEMA;2018;10
Palencia;INTERFERENCIA EN LOS DATOS Y EN EL SISTEMA;2017;6
Palencia;INTERFERENCIA EN LOS DATOS Y EN EL SISTEMA;2016;8
Palencia;INTERFERENCIA EN LOS DATOS Y EN EL SISTEMA;2015;2
Palencia;INTERFERENCIA EN LOS DATOS Y EN EL SISTEMA;2014;2
Palencia;INTERFERENCIA EN LOS DATOS Y EN EL SISTEMA;2013;1
Palencia;INTERFERENCIA EN LOS DATOS Y EN EL SISTEMA;2012;3
Palencia;INTERFERENCIA EN LOS DATOS Y EN EL SISTEMA;2011;1
Palencia;TOTAL grupo penal;2024;1.640
Palencia;TOTAL grupo penal;2023;1.438
Palencia;TOTAL grupo penal;2022;1.392
Palencia;TOTAL grupo penal;2021;1.122
Palencia;TOTAL grupo penal;2020;931
Palencia;TOTAL grupo penal;2019;669
Palencia;TOTAL grupo penal;2018;670
Palencia;TOTAL grupo penal;2017;439
Palencia;TOTAL grupo penal;2016;330
Palencia;TOTAL grupo penal;2015;168
Palencia;TOTAL grupo penal;2014;144
Palencia;TOTAL grupo penal;2013;124
Palencia;TOTAL grupo penal;2012;97
Palencia;TOTAL grupo penal;2011;99
Palmas (Las);ACCESO  E INTERCEPTACIÓN ILÍCITA;2024;268
Palmas (Las);ACCESO  E INTERCEPTACIÓN ILÍCITA;2023;266
Palmas (Las);ACCESO  E INTERCEPTACIÓN ILÍCITA;2022;151
Palmas (Las);ACCESO  E INTERCEPTACIÓN ILÍCITA;2021;179
Palmas (Las);ACCESO  E INTERCEPTACIÓN ILÍCITA;2020;102
Palmas (Las);ACCESO  E INTERCEPTACIÓN ILÍCITA;2019;129
Palmas (Las);ACCESO  E INTERCEPTACIÓN ILÍCITA;2018;80
Palmas (Las);ACCESO  E INTERCEPTACIÓN ILÍCITA;2017;73
Palmas (Las);ACCESO  E INTERCEPTACIÓN ILÍCITA;2016;52
Palmas (Las);ACCESO  E INTERCEPTACIÓN ILÍCITA;2015;55
Palmas (Las);ACCESO  E INTERCEPTACIÓN ILÍCITA;2014;38
Palmas (Las);ACCESO  E INTERCEPTACIÓN ILÍCITA;2013;48
Palmas (Las);ACCESO  E INTERCEPTACIÓN ILÍCITA;2012;31
Palmas (Las);ACCESO  E INTERCEPTACIÓN ILÍCITA;2011;30
Palmas (Las);AMENAZAS Y COACCIONES;2024;396
Palmas (Las);AMENAZAS Y COACCIONES;2023;513
Palmas (Las);AMENAZAS Y COACCIONES;2022;616
Palmas (Las);AMENAZAS Y COACCIONES;2021;590
Palmas (Las);AMENAZAS Y COACCIONES;2020;562
Palmas (Las);AMENAZAS Y COACCIONES;2019;496
Palmas (Las);AMENAZAS Y COACCIONES;2018;518
Palmas (Las);AMENAZAS Y COACCIONES;2017;442
Palmas (Las);AMENAZAS Y COACCIONES;2016;494
Palmas (Las);AMENAZAS Y COACCIONES;2015;407
Palmas (Las);AMENAZAS Y COACCIONES;2014;417
Palmas (Las);AMENAZAS Y COACCIONES;2013;394
Palmas (Las);AMENAZAS Y COACCIONES;2012;408
Palmas (Las);AMENAZAS Y COACCIONES;2011;401
Palmas (Las);CONTRA EL HONOR;2024;47
Palmas (Las);CONTRA EL HONOR;2023;45
Palmas (Las);CONTRA EL HONOR;2022;51
Palmas (Las);CONTRA EL HONOR;2021;52
Palmas (Las);CONTRA EL HONOR;2020;80
Palmas (Las);CONTRA EL HONOR;2019;65
Palmas (Las);CONTRA EL HONOR;2018;47
Palmas (Las);CONTRA EL HONOR;2017;55
Palmas (Las);CONTRA EL HONOR;2016;55
Palmas (Las);CONTRA EL HONOR;2015;55
Palmas (Las);CONTRA EL HONOR;2014;61
Palmas (Las);CONTRA EL HONOR;2013;45
Palmas (Las);CONTRA EL HONOR;2012;37
Palmas (Las);CONTRA EL HONOR;2011;66
Palmas (Las);CONTRA LA PROPIEDAD INDUSTRIAL/INTELECTUAL;2024;3
Palmas (Las);CONTRA LA PROPIEDAD INDUSTRIAL/INTELECTUAL;2023;1
Palmas (Las);CONTRA LA PROPIEDAD INDUSTRIAL/INTELECTUAL;2022;1
Palmas (Las);CONTRA LA PROPIEDAD INDUSTRIAL/INTELECTUAL;2021;3
Palmas (Las);CONTRA LA PROPIEDAD INDUSTRIAL/INTELECTUAL;2020;5
Palmas (Las);CONTRA LA PROPIEDAD INDUSTRIAL/INTELECTUAL;2019;2
Palmas (Las);CONTRA LA PROPIEDAD INDUSTRIAL/INTELECTUAL;2018;1
Palmas (Las);CONTRA LA PROPIEDAD INDUSTRIAL/INTELECTUAL;2017;2
Palmas (Las);CONTRA LA PROPIEDAD INDUSTRIAL/INTELECTUAL;2016;4
Palmas (Las);CONTRA LA PROPIEDAD INDUSTRIAL/INTELECTUAL;2015;3
Palmas (Las);CONTRA LA PROPIEDAD INDUSTRIAL/INTELECTUAL;2014;1
Palmas (Las);CONTRA LA PROPIEDAD INDUSTRIAL/INTELECTUAL;2013;1
Palmas (Las);CONTRA LA PROPIEDAD INDUSTRIAL/INTELECTUAL;2012;2
Palmas (Las);CONTRA LA PROPIEDAD INDUSTRIAL/INTELECTUAL;2011;7
Palmas (Las);DELITOS SEXUALES;2024;37
Palmas (Las);DELITOS SEXUALES;2023;60
Palmas (Las);DELITOS SEXUALES;2022;56
Palmas (Las);DELITOS SEXUALES;2021;60
Palmas (Las);DELITOS SEXUALES;2020;111
Palmas (Las);DELITOS SEXUALES;2019;84
Palmas (Las);DELITOS SEXUALES;2018;46
Palmas (Las);DELITOS SEXUALES;2017;49
Palmas (Las);DELITOS SEXUALES;2016;30
Palmas (Las);DELITOS SEXUALES;2015;39
Palmas (Las);DELITOS SEXUALES;2014;31
Palmas (Las);DELITOS SEXUALES;2013;38
Palmas (Las);DELITOS SEXUALES;2012;41
Palmas (Las);DELITOS SEXUALES;2011;34
Palmas (Las);FALSIFICACIÓN INFORMÁTICA;2024;335
Palmas (Las);FALSIFICACIÓN INFORMÁTICA;2023;277
Palmas (Las);FALSIFICACIÓN INFORMÁTICA;2022;288
Palmas (Las);FALSIFICACIÓN INFORMÁTICA;2021;192
Palmas (Las);FALSIFICACIÓN INFORMÁTICA;2020;150
Palmas (Las);FALSIFICACIÓN INFORMÁTICA;2019;125
Palmas (Las);FALSIFICACIÓN INFORMÁTICA;2018;80
Palmas (Las);FALSIFICACIÓN INFORMÁTICA;2017;140
Palmas (Las);FALSIFICACIÓN INFORMÁTICA;2016;49
Palmas (Las);FALSIFICACIÓN INFORMÁTICA;2015;49
Palmas (Las);FALSIFICACIÓN INFORMÁTICA;2014;24
Palmas (Las);FALSIFICACIÓN INFORMÁTICA;2013;40
Palmas (Las);FALSIFICACIÓN INFORMÁTICA;2012;26
Palmas (Las);FALSIFICACIÓN INFORMÁTICA;2011;38
Palmas (Las);FRAUDE INFORMÁTICO;2024;8.401
Palmas (Las);FRAUDE INFORMÁTICO;2023;9.152
Palmas (Las);FRAUDE INFORMÁTICO;2022;6.853
Palmas (Las);FRAUDE INFORMÁTICO;2021;5.538
Palmas (Las);FRAUDE INFORMÁTICO;2020;7.896
Palmas (Las);FRAUDE INFORMÁTICO;2019;4.182
Palmas (Las);FRAUDE INFORMÁTICO;2018;2.287
Palmas (Las);FRAUDE INFORMÁTICO;2017;1.659
Palmas (Las);FRAUDE INFORMÁTICO;2016;1.241
Palmas (Las);FRAUDE INFORMÁTICO;2015;1.184
Palmas (Las);FRAUDE INFORMÁTICO;2014;857
Palmas (Las);FRAUDE INFORMÁTICO;2013;658
Palmas (Las);FRAUDE INFORMÁTICO;2012;1.046
Palmas (Las);FRAUDE INFORMÁTICO;2011;710
Palmas (Las);INTERFERENCIA EN LOS DATOS Y EN EL SISTEMA;2024;27
Palmas (Las);INTERFERENCIA EN LOS DATOS Y EN EL SISTEMA;2023;29
Palmas (Las);INTERFERENCIA EN LOS DATOS Y EN EL SISTEMA;2022;38
Palmas (Las);INTERFERENCIA EN LOS DATOS Y EN EL SISTEMA;2021;31
Palmas (Las);INTERFERENCIA EN LOS DATOS Y EN EL SISTEMA;2020;36
Palmas (Las);INTERFERENCIA EN LOS DATOS Y EN EL SISTEMA;2019;42
Palmas (Las);INTERFERENCIA EN LOS DATOS Y EN EL SISTEMA;2018;27
Palmas (Las);INTERFERENCIA EN LOS DATOS Y EN EL SISTEMA;2017;35
Palmas (Las);INTERFERENCIA EN LOS DATOS Y EN EL SISTEMA;2016;27
Palmas (Las);INTERFERENCIA EN LOS DATOS Y EN EL SISTEMA;2015;23
Palmas (Las);INTERFERENCIA EN LOS DATOS Y EN EL SISTEMA;2014;8
Palmas (Las);INTERFERENCIA EN LOS DATOS Y EN EL SISTEMA;2013;14
Palmas (Las);INTERFERENCIA EN LOS DATOS Y EN EL SISTEMA;2012;2
Palmas (Las);INTERFERENCIA EN LOS DATOS Y EN EL SISTEMA;2011;4
Palmas (Las);TOTAL grupo penal;2024;9.514
Palmas (Las);TOTAL grupo penal;2023;10.343
Palmas (Las);TOTAL grupo penal;2022;8.054
Palmas (Las);TOTAL grupo penal;2021;6.645
Palmas (Las);TOTAL grupo penal;2020;8.942
Palmas (Las);TOTAL grupo penal;2019;5.125
Palmas (Las);TOTAL grupo penal;2018;3.086
Palmas (Las);TOTAL grupo penal;2017;2.455
Palmas (Las);TOTAL grupo penal;2016;1.952
Palmas (Las);TOTAL grupo penal;2015;1.815
Palmas (Las);TOTAL grupo penal;2014;1.437
Palmas (Las);TOTAL grupo penal;2013;1.238
Palmas (Las);TOTAL grupo penal;2012;1.593
Palmas (Las);TOTAL grupo penal;2011;1.290
Pontevedra;ACCESO  E INTERCEPTACIÓN ILÍCITA;2024;222
Pontevedra;ACCESO  E INTERCEPTACIÓN ILÍCITA;2023;189
Pontevedra;ACCESO  E INTERCEPTACIÓN ILÍCITA;2022;114
Pontevedra;ACCESO  E INTERCEPTACIÓN ILÍCITA;2021;110
Pontevedra;ACCESO  E INTERCEPTACIÓN ILÍCITA;2020;100
Pontevedra;ACCESO  E INTERCEPTACIÓN ILÍCITA;2019;108
Pontevedra;ACCESO  E INTERCEPTACIÓN ILÍCITA;2018;65
Pontevedra;ACCESO  E INTERCEPTACIÓN ILÍCITA;2017;75
Pontevedra;ACCESO  E INTERCEPTACIÓN ILÍCITA;2016;82
Pontevedra;ACCESO  E INTERCEPTACIÓN ILÍCITA;2015;68
Pontevedra;ACCESO  E INTERCEPTACIÓN ILÍCITA;2014;70
Pontevedra;ACCESO  E INTERCEPTACIÓN ILÍCITA;2013;53
Pontevedra;ACCESO  E INTERCEPTACIÓN ILÍCITA;2012;56
Pontevedra;ACCESO  E INTERCEPTACIÓN ILÍCITA;2011;25
Pontevedra;AMENAZAS Y COACCIONES;2024;553
Pontevedra;AMENAZAS Y COACCIONES;2023;418
Pontevedra;AMENAZAS Y COACCIONES;2022;475
Pontevedra;AMENAZAS Y COACCIONES;2021;498
Pontevedra;AMENAZAS Y COACCIONES;2020;377
Pontevedra;AMENAZAS Y COACCIONES;2019;301
Pontevedra;AMENAZAS Y COACCIONES;2018;323
Pontevedra;AMENAZAS Y COACCIONES;2017;333
Pontevedra;AMENAZAS Y COACCIONES;2016;344
Pontevedra;AMENAZAS Y COACCIONES;2015;291
Pontevedra;AMENAZAS Y COACCIONES;2014;316
Pontevedra;AMENAZAS Y COACCIONES;2013;297
Pontevedra;AMENAZAS Y COACCIONES;2012;292
Pontevedra;AMENAZAS Y COACCIONES;2011;272
Pontevedra;CONTRA EL HONOR;2024;68
Pontevedra;CONTRA EL HONOR;2023;41
Pontevedra;CONTRA EL HONOR;2022;72
Pontevedra;CONTRA EL HONOR;2021;41
Pontevedra;CONTRA EL HONOR;2020;36
Pontevedra;CONTRA EL HONOR;2019;53
Pontevedra;CONTRA EL HONOR;2018;47
Pontevedra;CONTRA EL HONOR;2017;54
Pontevedra;CONTRA EL HONOR;2016;49
Pontevedra;CONTRA EL HONOR;2015;79
Pontevedra;CONTRA EL HONOR;2014;105
Pontevedra;CONTRA EL HONOR;2013;72
Pontevedra;CONTRA EL HONOR;2012;72
Pontevedra;CONTRA EL HONOR;2011;65
Pontevedra;CONTRA LA PROPIEDAD INDUSTRIAL/INTELECTUAL;2024;2
Pontevedra;CONTRA LA PROPIEDAD INDUSTRIAL/INTELECTUAL;2023;3
Pontevedra;CONTRA LA PROPIEDAD INDUSTRIAL/INTELECTUAL;2022;0
Pontevedra;CONTRA LA PROPIEDAD INDUSTRIAL/INTELECTUAL;2021;3
Pontevedra;CONTRA LA PROPIEDAD INDUSTRIAL/INTELECTUAL;2020;1
Pontevedra;CONTRA LA PROPIEDAD INDUSTRIAL/INTELECTUAL;2019;40
Pontevedra;CONTRA LA PROPIEDAD INDUSTRIAL/INTELECTUAL;2018;0
Pontevedra;CONTRA LA PROPIEDAD INDUSTRIAL/INTELECTUAL;2017;2
Pontevedra;CONTRA LA PROPIEDAD INDUSTRIAL/INTELECTUAL;2016;2
Pontevedra;CONTRA LA PROPIEDAD INDUSTRIAL/INTELECTUAL;2015;3
Pontevedra;CONTRA LA PROPIEDAD INDUSTRIAL/INTELECTUAL;2014;2
Pontevedra;CONTRA LA PROPIEDAD INDUSTRIAL/INTELECTUAL;2013;3
Pontevedra;CONTRA LA PROPIEDAD INDUSTRIAL/INTELECTUAL;2012;4
Pontevedra;CONTRA LA PROPIEDAD INDUSTRIAL/INTELECTUAL;2011;6
Pontevedra;DELITOS SEXUALES;2024;35
Pontevedra;DELITOS SEXUALES;2023;36
Pontevedra;DELITOS SEXUALES;2022;25
Pontevedra;DELITOS SEXUALES;2021;24
Pontevedra;DELITOS SEXUALES;2020;38
Pontevedra;DELITOS SEXUALES;2019;37
Pontevedra;DELITOS SEXUALES;2018;17
Pontevedra;DELITOS SEXUALES;2017;29
Pontevedra;DELITOS SEXUALES;2016;22
Pontevedra;DELITOS SEXUALES;2015;21
Pontevedra;DELITOS SEXUALES;2014;29
Pontevedra;DELITOS SEXUALES;2013;10
Pontevedra;DELITOS SEXUALES;2012;19
Pontevedra;DELITOS SEXUALES;2011;14
Pontevedra;FALSIFICACIÓN INFORMÁTICA;2024;485
Pontevedra;FALSIFICACIÓN INFORMÁTICA;2023;397
Pontevedra;FALSIFICACIÓN INFORMÁTICA;2022;261
Pontevedra;FALSIFICACIÓN INFORMÁTICA;2021;225
Pontevedra;FALSIFICACIÓN INFORMÁTICA;2020;119
Pontevedra;FALSIFICACIÓN INFORMÁTICA;2019;87
Pontevedra;FALSIFICACIÓN INFORMÁTICA;2018;49
Pontevedra;FALSIFICACIÓN INFORMÁTICA;2017;54
Pontevedra;FALSIFICACIÓN INFORMÁTICA;2016;58
Pontevedra;FALSIFICACIÓN INFORMÁTICA;2015;50
Pontevedra;FALSIFICACIÓN INFORMÁTICA;2014;38
Pontevedra;FALSIFICACIÓN INFORMÁTICA;2013;33
Pontevedra;FALSIFICACIÓN INFORMÁTICA;2012;17
Pontevedra;FALSIFICACIÓN INFORMÁTICA;2011;26
Pontevedra;FRAUDE INFORMÁTICO;2024;7.701
Pontevedra;FRAUDE INFORMÁTICO;2023;7.379
Pontevedra;FRAUDE INFORMÁTICO;2022;7.034
Pontevedra;FRAUDE INFORMÁTICO;2021;7.775
Pontevedra;FRAUDE INFORMÁTICO;2020;4.588
Pontevedra;FRAUDE INFORMÁTICO;2019;3.204
Pontevedra;FRAUDE INFORMÁTICO;2018;1.618
Pontevedra;FRAUDE INFORMÁTICO;2017;996
Pontevedra;FRAUDE INFORMÁTICO;2016;879
Pontevedra;FRAUDE INFORMÁTICO;2015;763
Pontevedra;FRAUDE INFORMÁTICO;2014;678
Pontevedra;FRAUDE INFORMÁTICO;2013;563
Pontevedra;FRAUDE INFORMÁTICO;2012;470
Pontevedra;FRAUDE INFORMÁTICO;2011;386
Pontevedra;INTERFERENCIA EN LOS DATOS Y EN EL SISTEMA;2024;88
Pontevedra;INTERFERENCIA EN LOS DATOS Y EN EL SISTEMA;2023;64
Pontevedra;INTERFERENCIA EN LOS DATOS Y EN EL SISTEMA;2022;54
Pontevedra;INTERFERENCIA EN LOS DATOS Y EN EL SISTEMA;2021;67
Pontevedra;INTERFERENCIA EN LOS DATOS Y EN EL SISTEMA;2020;53
Pontevedra;INTERFERENCIA EN LOS DATOS Y EN EL SISTEMA;2019;39
Pontevedra;INTERFERENCIA EN LOS DATOS Y EN EL SISTEMA;2018;13
Pontevedra;INTERFERENCIA EN LOS DATOS Y EN EL SISTEMA;2017;27
Pontevedra;INTERFERENCIA EN LOS DATOS Y EN EL SISTEMA;2016;23
Pontevedra;INTERFERENCIA EN LOS DATOS Y EN EL SISTEMA;2015;27
Pontevedra;INTERFERENCIA EN LOS DATOS Y EN EL SISTEMA;2014;9
Pontevedra;INTERFERENCIA EN LOS DATOS Y EN EL SISTEMA;2013;9
Pontevedra;INTERFERENCIA EN LOS DATOS Y EN EL SISTEMA;2012;3
Pontevedra;INTERFERENCIA EN LOS DATOS Y EN EL SISTEMA;2011;3
Pontevedra;TOTAL grupo penal;2024;9.154
Pontevedra;TOTAL grupo penal;2023;8.527
Pontevedra;TOTAL grupo penal;2022;8.035
Pontevedra;TOTAL grupo penal;2021;8.743
Pontevedra;TOTAL grupo penal;2020;5.312
Pontevedra;TOTAL grupo penal;2019;3.869
Pontevedra;TOTAL grupo penal;2018;2.132
Pontevedra;TOTAL grupo penal;2017;1.570
Pontevedra;TOTAL grupo penal;2016;1.459
Pontevedra;TOTAL grupo penal;2015;1.302
Pontevedra;TOTAL grupo penal;2014;1.247
Pontevedra;TOTAL grupo penal;2013;1.040
Pontevedra;TOTAL grupo penal;2012;933
Pontevedra;TOTAL grupo penal;2011;797
Salamanca;ACCESO  E INTERCEPTACIÓN ILÍCITA;2024;151
Salamanca;ACCESO  E INTERCEPTACIÓN ILÍCITA;2023;99
Salamanca;ACCESO  E INTERCEPTACIÓN ILÍCITA;2022;57
Salamanca;ACCESO  E INTERCEPTACIÓN ILÍCITA;2021;24
Salamanca;ACCESO  E INTERCEPTACIÓN ILÍCITA;2020;42
Salamanca;ACCESO  E INTERCEPTACIÓN ILÍCITA;2019;18
Salamanca;ACCESO  E INTERCEPTACIÓN ILÍCITA;2018;27
Salamanca;ACCESO  E INTERCEPTACIÓN ILÍCITA;2017;24
Salamanca;ACCESO  E INTERCEPTACIÓN ILÍCITA;2016;16
Salamanca;ACCESO  E INTERCEPTACIÓN ILÍCITA;2015;18
Salamanca;ACCESO  E INTERCEPTACIÓN ILÍCITA;2014;6
Salamanca;ACCESO  E INTERCEPTACIÓN ILÍCITA;2013;4
Salamanca;ACCESO  E INTERCEPTACIÓN ILÍCITA;2012;6
Salamanca;ACCESO  E INTERCEPTACIÓN ILÍCITA;2011;2
Salamanca;AMENAZAS Y COACCIONES;2024;151
Salamanca;AMENAZAS Y COACCIONES;2023;173
Salamanca;AMENAZAS Y COACCIONES;2022;157
Salamanca;AMENAZAS Y COACCIONES;2021;153
Salamanca;AMENAZAS Y COACCIONES;2020;136
Salamanca;AMENAZAS Y COACCIONES;2019;119
Salamanca;AMENAZAS Y COACCIONES;2018;131
Salamanca;AMENAZAS Y COACCIONES;2017;115
Salamanca;AMENAZAS Y COACCIONES;2016;107
Salamanca;AMENAZAS Y COACCIONES;2015;96
Salamanca;AMENAZAS Y COACCIONES;2014;74
Salamanca;AMENAZAS Y COACCIONES;2013;72
Salamanca;AMENAZAS Y COACCIONES;2012;59
Salamanca;AMENAZAS Y COACCIONES;2011;72
Salamanca;CONTRA EL HONOR;2024;10
Salamanca;CONTRA EL HONOR;2023;9
Salamanca;CONTRA EL HONOR;2022;4
Salamanca;CONTRA EL HONOR;2021;7
Salamanca;CONTRA EL HONOR;2020;11
Salamanca;CONTRA EL HONOR;2019;4
Salamanca;CONTRA EL HONOR;2018;6
Salamanca;CONTRA EL HONOR;2017;13
Salamanca;CONTRA EL HONOR;2016;7
Salamanca;CONTRA EL HONOR;2015;12
Salamanca;CONTRA EL HONOR;2014;20
Salamanca;CONTRA EL HONOR;2013;19
Salamanca;CONTRA EL HONOR;2012;19
Salamanca;CONTRA EL HONOR;2011;14
Salamanca;CONTRA LA PROPIEDAD INDUSTRIAL/INTELECTUAL;2024;2
Salamanca;CONTRA LA PROPIEDAD INDUSTRIAL/INTELECTUAL;2023;0
Salamanca;CONTRA LA PROPIEDAD INDUSTRIAL/INTELECTUAL;2022;1
Salamanca;CONTRA LA PROPIEDAD INDUSTRIAL/INTELECTUAL;2021;2
Salamanca;CONTRA LA PROPIEDAD INDUSTRIAL/INTELECTUAL;2020;2
Salamanca;CONTRA LA PROPIEDAD INDUSTRIAL/INTELECTUAL;2019;0
Salamanca;CONTRA LA PROPIEDAD INDUSTRIAL/INTELECTUAL;2018;2
Salamanca;CONTRA LA PROPIEDAD INDUSTRIAL/INTELECTUAL;2017;5
Salamanca;CONTRA LA PROPIEDAD INDUSTRIAL/INTELECTUAL;2016;2
Salamanca;CONTRA LA PROPIEDAD INDUSTRIAL/INTELECTUAL;2015;0
Salamanca;CONTRA LA PROPIEDAD INDUSTRIAL/INTELECTUAL;2014;2
Salamanca;CONTRA LA PROPIEDAD INDUSTRIAL/INTELECTUAL;2013;1
Salamanca;CONTRA LA PROPIEDAD INDUSTRIAL/INTELECTUAL;2012;0
Salamanca;CONTRA LA PROPIEDAD INDUSTRIAL/INTELECTUAL;2011;0
Salamanca;DELITOS SEXUALES;2024;9
Salamanca;DELITOS SEXUALES;2023;13
Salamanca;DELITOS SEXUALES;2022;7
Salamanca;DELITOS SEXUALES;2021;7
Salamanca;DELITOS SEXUALES;2020;9
Salamanca;DELITOS SEXUALES;2019;13
Salamanca;DELITOS SEXUALES;2018;8
Salamanca;DELITOS SEXUALES;2017;16
Salamanca;DELITOS SEXUALES;2016;10
Salamanca;DELITOS SEXUALES;2015;10
Salamanca;DELITOS SEXUALES;2014;13
Salamanca;DELITOS SEXUALES;2013;1
Salamanca;DELITOS SEXUALES;2012;3
Salamanca;DELITOS SEXUALES;2011;0
Salamanca;FALSIFICACIÓN INFORMÁTICA;2024;286
Salamanca;FALSIFICACIÓN INFORMÁTICA;2023;267
Salamanca;FALSIFICACIÓN INFORMÁTICA;2022;242
Salamanca;FALSIFICACIÓN INFORMÁTICA;2021;173
Salamanca;FALSIFICACIÓN INFORMÁTICA;2020;92
Salamanca;FALSIFICACIÓN INFORMÁTICA;2019;108
Salamanca;FALSIFICACIÓN INFORMÁTICA;2018;83
Salamanca;FALSIFICACIÓN INFORMÁTICA;2017;81
Salamanca;FALSIFICACIÓN INFORMÁTICA;2016;40
Salamanca;FALSIFICACIÓN INFORMÁTICA;2015;8
Salamanca;FALSIFICACIÓN INFORMÁTICA;2014;8
Salamanca;FALSIFICACIÓN INFORMÁTICA;2013;2
Salamanca;FALSIFICACIÓN INFORMÁTICA;2012;3
Salamanca;FALSIFICACIÓN INFORMÁTICA;2011;4
Salamanca;FRAUDE INFORMÁTICO;2024;3.167
Salamanca;FRAUDE INFORMÁTICO;2023;3.221
Salamanca;FRAUDE INFORMÁTICO;2022;3.002
Salamanca;FRAUDE INFORMÁTICO;2021;1.947
Salamanca;FRAUDE INFORMÁTICO;2020;1.797
Salamanca;FRAUDE INFORMÁTICO;2019;1.347
Salamanca;FRAUDE INFORMÁTICO;2018;1.263
Salamanca;FRAUDE INFORMÁTICO;2017;970
Salamanca;FRAUDE INFORMÁTICO;2016;762
Salamanca;FRAUDE INFORMÁTICO;2015;612
Salamanca;FRAUDE INFORMÁTICO;2014;278
Salamanca;FRAUDE INFORMÁTICO;2013;133
Salamanca;FRAUDE INFORMÁTICO;2012;131
Salamanca;FRAUDE INFORMÁTICO;2011;90
Salamanca;INTERFERENCIA EN LOS DATOS Y EN EL SISTEMA;2024;32
Salamanca;INTERFERENCIA EN LOS DATOS Y EN EL SISTEMA;2023;19
Salamanca;INTERFERENCIA EN LOS DATOS Y EN EL SISTEMA;2022;38
Salamanca;INTERFERENCIA EN LOS DATOS Y EN EL SISTEMA;2021;26
Salamanca;INTERFERENCIA EN LOS DATOS Y EN EL SISTEMA;2020;13
Salamanca;INTERFERENCIA EN LOS DATOS Y EN EL SISTEMA;2019;9
Salamanca;INTERFERENCIA EN LOS DATOS Y EN EL SISTEMA;2018;11
Salamanca;INTERFERENCIA EN LOS DATOS Y EN EL SISTEMA;2017;22
Salamanca;INTERFERENCIA EN LOS DATOS Y EN EL SISTEMA;2016;9
Salamanca;INTERFERENCIA EN LOS DATOS Y EN EL SISTEMA;2015;4
Salamanca;INTERFERENCIA EN LOS DATOS Y EN EL SISTEMA;2014;0
Salamanca;INTERFERENCIA EN LOS DATOS Y EN EL SISTEMA;2013;0
Salamanca;INTERFERENCIA EN LOS DATOS Y EN EL SISTEMA;2012;1
Salamanca;INTERFERENCIA EN LOS DATOS Y EN EL SISTEMA;2011;1
Salamanca;TOTAL grupo penal;2024;3.808
Salamanca;TOTAL grupo penal;2023;3.801
Salamanca;TOTAL grupo penal;2022;3.508
Salamanca;TOTAL grupo penal;2021;2.339
Salamanca;TOTAL grupo penal;2020;2.102
Salamanca;TOTAL grupo penal;2019;1.618
Salamanca;TOTAL grupo penal;2018;1.531
Salamanca;TOTAL grupo penal;2017;1.246
Salamanca;TOTAL grupo penal;2016;953
Salamanca;TOTAL grupo penal;2015;760
Salamanca;TOTAL grupo penal;2014;401
Salamanca;TOTAL grupo penal;2013;232
Salamanca;TOTAL grupo penal;2012;222
Salamanca;TOTAL grupo penal;2011;183
Santa Cruz de Tenerife;ACCESO  E INTERCEPTACIÓN ILÍCITA;2024;150
Santa Cruz de Tenerife;ACCESO  E INTERCEPTACIÓN ILÍCITA;2023;97
Santa Cruz de Tenerife;ACCESO  E INTERCEPTACIÓN ILÍCITA;2022;101
Santa Cruz de Tenerife;ACCESO  E INTERCEPTACIÓN ILÍCITA;2021;71
Santa Cruz de Tenerife;ACCESO  E INTERCEPTACIÓN ILÍCITA;2020;92
Santa Cruz de Tenerife;ACCESO  E INTERCEPTACIÓN ILÍCITA;2019;68
Santa Cruz de Tenerife;ACCESO  E INTERCEPTACIÓN ILÍCITA;2018;61
Santa Cruz de Tenerife;ACCESO  E INTERCEPTACIÓN ILÍCITA;2017;41
Santa Cruz de Tenerife;ACCESO  E INTERCEPTACIÓN ILÍCITA;2016;59
Santa Cruz de Tenerife;ACCESO  E INTERCEPTACIÓN ILÍCITA;2015;53
Santa Cruz de Tenerife;ACCESO  E INTERCEPTACIÓN ILÍCITA;2014;39
Santa Cruz de Tenerife;ACCESO  E INTERCEPTACIÓN ILÍCITA;2013;44
Santa Cruz de Tenerife;ACCESO  E INTERCEPTACIÓN ILÍCITA;2012;39
Santa Cruz de Tenerife;ACCESO  E INTERCEPTACIÓN ILÍCITA;2011;52
Santa Cruz de Tenerife;AMENAZAS Y COACCIONES;2024;370
Santa Cruz de Tenerife;AMENAZAS Y COACCIONES;2023;358
Santa Cruz de Tenerife;AMENAZAS Y COACCIONES;2022;412
Santa Cruz de Tenerife;AMENAZAS Y COACCIONES;2021;484
Santa Cruz de Tenerife;AMENAZAS Y COACCIONES;2020;461
Santa Cruz de Tenerife;AMENAZAS Y COACCIONES;2019;365
Santa Cruz de Tenerife;AMENAZAS Y COACCIONES;2018;329
Santa Cruz de Tenerife;AMENAZAS Y COACCIONES;2017;317
Santa Cruz de Tenerife;AMENAZAS Y COACCIONES;2016;354
Santa Cruz de Tenerife;AMENAZAS Y COACCIONES;2015;322
Santa Cruz de Tenerife;AMENAZAS Y COACCIONES;2014;300
Santa Cruz de Tenerife;AMENAZAS Y COACCIONES;2013;279
Santa Cruz de Tenerife;AMENAZAS Y COACCIONES;2012;342
Santa Cruz de Tenerife;AMENAZAS Y COACCIONES;2011;417
Santa Cruz de Tenerife;CONTRA EL HONOR;2024;13
Santa Cruz de Tenerife;CONTRA EL HONOR;2023;18
Santa Cruz de Tenerife;CONTRA EL HONOR;2022;21
Santa Cruz de Tenerife;CONTRA EL HONOR;2021;42
Santa Cruz de Tenerife;CONTRA EL HONOR;2020;31
Santa Cruz de Tenerife;CONTRA EL HONOR;2019;30
Santa Cruz de Tenerife;CONTRA EL HONOR;2018;27
Santa Cruz de Tenerife;CONTRA EL HONOR;2017;33
Santa Cruz de Tenerife;CONTRA EL HONOR;2016;22
Santa Cruz de Tenerife;CONTRA EL HONOR;2015;71
Santa Cruz de Tenerife;CONTRA EL HONOR;2014;63
Santa Cruz de Tenerife;CONTRA EL HONOR;2013;41
Santa Cruz de Tenerife;CONTRA EL HONOR;2012;60
Santa Cruz de Tenerife;CONTRA EL HONOR;2011;73
Santa Cruz de Tenerife;CONTRA LA PROPIEDAD INDUSTRIAL/INTELECTUAL;2024;2
Santa Cruz de Tenerife;CONTRA LA PROPIEDAD INDUSTRIAL/INTELECTUAL;2023;3
Santa Cruz de Tenerife;CONTRA LA PROPIEDAD INDUSTRIAL/INTELECTUAL;2022;1
Santa Cruz de Tenerife;CONTRA LA PROPIEDAD INDUSTRIAL/INTELECTUAL;2021;1
Santa Cruz de Tenerife;CONTRA LA PROPIEDAD INDUSTRIAL/INTELECTUAL;2020;0
Santa Cruz de Tenerife;CONTRA LA PROPIEDAD INDUSTRIAL/INTELECTUAL;2019;2
Santa Cruz de Tenerife;CONTRA LA PROPIEDAD INDUSTRIAL/INTELECTUAL;2018;1
Santa Cruz de Tenerife;CONTRA LA PROPIEDAD INDUSTRIAL/INTELECTUAL;2017;2
Santa Cruz de Tenerife;CONTRA LA PROPIEDAD INDUSTRIAL/INTELECTUAL;2016;2
Santa Cruz de Tenerife;CONTRA LA PROPIEDAD INDUSTRIAL/INTELECTUAL;2015;2
Santa Cruz de Tenerife;CONTRA LA PROPIEDAD INDUSTRIAL/INTELECTUAL;2014;1
Santa Cruz de Tenerife;CONTRA LA PROPIEDAD INDUSTRIAL/INTELECTUAL;2013;0
Santa Cruz de Tenerife;CONTRA LA PROPIEDAD INDUSTRIAL/INTELECTUAL;2012;1
Santa Cruz de Tenerife;CONTRA LA PROPIEDAD INDUSTRIAL/INTELECTUAL;2011;4
Santa Cruz de Tenerife;DELITOS SEXUALES;2024;33
Santa Cruz de Tenerife;DELITOS SEXUALES;2023;32
Santa Cruz de Tenerife;DELITOS SEXUALES;2022;41
Santa Cruz de Tenerife;DELITOS SEXUALES;2021;27
Santa Cruz de Tenerife;DELITOS SEXUALES;2020;32
Santa Cruz de Tenerife;DELITOS SEXUALES;2019;45
Santa Cruz de Tenerife;DELITOS SEXUALES;2018;41
Santa Cruz de Tenerife;DELITOS SEXUALES;2017;26
Santa Cruz de Tenerife;DELITOS SEXUALES;2016;22
Santa Cruz de Tenerife;DELITOS SEXUALES;2015;26
Santa Cruz de Tenerife;DELITOS SEXUALES;2014;26
Santa Cruz de Tenerife;DELITOS SEXUALES;2013;12
Santa Cruz de Tenerife;DELITOS SEXUALES;2012;29
Santa Cruz de Tenerife;DELITOS SEXUALES;2011;18
Santa Cruz de Tenerife;FALSIFICACIÓN INFORMÁTICA;2024;285
Santa Cruz de Tenerife;FALSIFICACIÓN INFORMÁTICA;2023;194
Santa Cruz de Tenerife;FALSIFICACIÓN INFORMÁTICA;2022;185
Santa Cruz de Tenerife;FALSIFICACIÓN INFORMÁTICA;2021;207
Santa Cruz de Tenerife;FALSIFICACIÓN INFORMÁTICA;2020;127
Santa Cruz de Tenerife;FALSIFICACIÓN INFORMÁTICA;2019;80
Santa Cruz de Tenerife;FALSIFICACIÓN INFORMÁTICA;2018;72
Santa Cruz de Tenerife;FALSIFICACIÓN INFORMÁTICA;2017;69
Santa Cruz de Tenerife;FALSIFICACIÓN INFORMÁTICA;2016;48
Santa Cruz de Tenerife;FALSIFICACIÓN INFORMÁTICA;2015;61
Santa Cruz de Tenerife;FALSIFICACIÓN INFORMÁTICA;2014;42
Santa Cruz de Tenerife;FALSIFICACIÓN INFORMÁTICA;2013;29
Santa Cruz de Tenerife;FALSIFICACIÓN INFORMÁTICA;2012;25
Santa Cruz de Tenerife;FALSIFICACIÓN INFORMÁTICA;2011;45
Santa Cruz de Tenerife;FRAUDE INFORMÁTICO;2024;6.363
Santa Cruz de Tenerife;FRAUDE INFORMÁTICO;2023;6.600
Santa Cruz de Tenerife;FRAUDE INFORMÁTICO;2022;4.846
Santa Cruz de Tenerife;FRAUDE INFORMÁTICO;2021;3.378
Santa Cruz de Tenerife;FRAUDE INFORMÁTICO;2020;4.746
Santa Cruz de Tenerife;FRAUDE INFORMÁTICO;2019;3.104
Santa Cruz de Tenerife;FRAUDE INFORMÁTICO;2018;810
Santa Cruz de Tenerife;FRAUDE INFORMÁTICO;2017;513
Santa Cruz de Tenerife;FRAUDE INFORMÁTICO;2016;455
Santa Cruz de Tenerife;FRAUDE INFORMÁTICO;2015;654
Santa Cruz de Tenerife;FRAUDE INFORMÁTICO;2014;514
Santa Cruz de Tenerife;FRAUDE INFORMÁTICO;2013;503
Santa Cruz de Tenerife;FRAUDE INFORMÁTICO;2012;1.072
Santa Cruz de Tenerife;FRAUDE INFORMÁTICO;2011;674
Santa Cruz de Tenerife;INTERFERENCIA EN LOS DATOS Y EN EL SISTEMA;2024;27
Santa Cruz de Tenerife;INTERFERENCIA EN LOS DATOS Y EN EL SISTEMA;2023;26
Santa Cruz de Tenerife;INTERFERENCIA EN LOS DATOS Y EN EL SISTEMA;2022;23
Santa Cruz de Tenerife;INTERFERENCIA EN LOS DATOS Y EN EL SISTEMA;2021;20
Santa Cruz de Tenerife;INTERFERENCIA EN LOS DATOS Y EN EL SISTEMA;2020;18
Santa Cruz de Tenerife;INTERFERENCIA EN LOS DATOS Y EN EL SISTEMA;2019;22
Santa Cruz de Tenerife;INTERFERENCIA EN LOS DATOS Y EN EL SISTEMA;2018;18
Santa Cruz de Tenerife;INTERFERENCIA EN LOS DATOS Y EN EL SISTEMA;2017;14
Santa Cruz de Tenerife;INTERFERENCIA EN LOS DATOS Y EN EL SISTEMA;2016;20
Santa Cruz de Tenerife;INTERFERENCIA EN LOS DATOS Y EN EL SISTEMA;2015;16
Santa Cruz de Tenerife;INTERFERENCIA EN LOS DATOS Y EN EL SISTEMA;2014;4
Santa Cruz de Tenerife;INTERFERENCIA EN LOS DATOS Y EN EL SISTEMA;2013;5
Santa Cruz de Tenerife;INTERFERENCIA EN LOS DATOS Y EN EL SISTEMA;2012;5
Santa Cruz de Tenerife;INTERFERENCIA EN LOS DATOS Y EN EL SISTEMA;2011;1
Santa Cruz de Tenerife;TOTAL grupo penal;2024;7.243
Santa Cruz de Tenerife;TOTAL grupo penal;2023;7.328
Santa Cruz de Tenerife;TOTAL grupo penal;2022;5.630
Santa Cruz de Tenerife;TOTAL grupo penal;2021;4.230
Santa Cruz de Tenerife;TOTAL grupo penal;2020;5.507
Santa Cruz de Tenerife;TOTAL grupo penal;2019;3.716
Santa Cruz de Tenerife;TOTAL grupo penal;2018;1.359
Santa Cruz de Tenerife;TOTAL grupo penal;2017;1.015
Santa Cruz de Tenerife;TOTAL grupo penal;2016;982
Santa Cruz de Tenerife;TOTAL grupo penal;2015;1.205
Santa Cruz de Tenerife;TOTAL grupo penal;2014;989
Santa Cruz de Tenerife;TOTAL grupo penal;2013;913
Santa Cruz de Tenerife;TOTAL grupo penal;2012;1.573
Santa Cruz de Tenerife;TOTAL grupo penal;2011;1.284
Cantabria;ACCESO  E INTERCEPTACIÓN ILÍCITA;2024;209
Cantabria;ACCESO  E INTERCEPTACIÓN ILÍCITA;2023;129
Cantabria;ACCESO  E INTERCEPTACIÓN ILÍCITA;2022;79
Cantabria;ACCESO  E INTERCEPTACIÓN ILÍCITA;2021;60
Cantabria;ACCESO  E INTERCEPTACIÓN ILÍCITA;2020;45
Cantabria;ACCESO  E INTERCEPTACIÓN ILÍCITA;2019;50
Cantabria;ACCESO  E INTERCEPTACIÓN ILÍCITA;2018;36
Cantabria;ACCESO  E INTERCEPTACIÓN ILÍCITA;2017;43
Cantabria;ACCESO  E INTERCEPTACIÓN ILÍCITA;2016;38
Cantabria;ACCESO  E INTERCEPTACIÓN ILÍCITA;2015;45
Cantabria;ACCESO  E INTERCEPTACIÓN ILÍCITA;2014;21
Cantabria;ACCESO  E INTERCEPTACIÓN ILÍCITA;2013;25
Cantabria;ACCESO  E INTERCEPTACIÓN ILÍCITA;2012;23
Cantabria;ACCESO  E INTERCEPTACIÓN ILÍCITA;2011;31
Cantabria;AMENAZAS Y COACCIONES;2024;258
Cantabria;AMENAZAS Y COACCIONES;2023;249
Cantabria;AMENAZAS Y COACCIONES;2022;208
Cantabria;AMENAZAS Y COACCIONES;2021;321
Cantabria;AMENAZAS Y COACCIONES;2020;215
Cantabria;AMENAZAS Y COACCIONES;2019;189
Cantabria;AMENAZAS Y COACCIONES;2018;197
Cantabria;AMENAZAS Y COACCIONES;2017;193
Cantabria;AMENAZAS Y COACCIONES;2016;170
Cantabria;AMENAZAS Y COACCIONES;2015;172
Cantabria;AMENAZAS Y COACCIONES;2014;173
Cantabria;AMENAZAS Y COACCIONES;2013;136
Cantabria;AMENAZAS Y COACCIONES;2012;124
Cantabria;AMENAZAS Y COACCIONES;2011;125
Cantabria;CONTRA EL HONOR;2024;11
Cantabria;CONTRA EL HONOR;2023;9
Cantabria;CONTRA EL HONOR;2022;11
Cantabria;CONTRA EL HONOR;2021;20
Cantabria;CONTRA EL HONOR;2020;27
Cantabria;CONTRA EL HONOR;2019;16
Cantabria;CONTRA EL HONOR;2018;15
Cantabria;CONTRA EL HONOR;2017;14
Cantabria;CONTRA EL HONOR;2016;18
Cantabria;CONTRA EL HONOR;2015;38
Cantabria;CONTRA EL HONOR;2014;38
Cantabria;CONTRA EL HONOR;2013;30
Cantabria;CONTRA EL HONOR;2012;27
Cantabria;CONTRA EL HONOR;2011;17
Cantabria;CONTRA LA PROPIEDAD INDUSTRIAL/INTELECTUAL;2024;6
Cantabria;CONTRA LA PROPIEDAD INDUSTRIAL/INTELECTUAL;2023;14
Cantabria;CONTRA LA PROPIEDAD INDUSTRIAL/INTELECTUAL;2022;1
Cantabria;CONTRA LA PROPIEDAD INDUSTRIAL/INTELECTUAL;2021;7
Cantabria;CONTRA LA PROPIEDAD INDUSTRIAL/INTELECTUAL;2020;0
Cantabria;CONTRA LA PROPIEDAD INDUSTRIAL/INTELECTUAL;2019;0
Cantabria;CONTRA LA PROPIEDAD INDUSTRIAL/INTELECTUAL;2018;0
Cantabria;CONTRA LA PROPIEDAD INDUSTRIAL/INTELECTUAL;2017;0
Cantabria;CONTRA LA PROPIEDAD INDUSTRIAL/INTELECTUAL;2016;0
Cantabria;CONTRA LA PROPIEDAD INDUSTRIAL/INTELECTUAL;2015;3
Cantabria;CONTRA LA PROPIEDAD INDUSTRIAL/INTELECTUAL;2014;2
Cantabria;CONTRA LA PROPIEDAD INDUSTRIAL/INTELECTUAL;2013;1
Cantabria;CONTRA LA PROPIEDAD INDUSTRIAL/INTELECTUAL;2012;1
Cantabria;CONTRA LA PROPIEDAD INDUSTRIAL/INTELECTUAL;2011;0
Cantabria;DELITOS SEXUALES;2024;30
Cantabria;DELITOS SEXUALES;2023;12
Cantabria;DELITOS SEXUALES;2022;22
Cantabria;DELITOS SEXUALES;2021;15
Cantabria;DELITOS SEXUALES;2020;16
Cantabria;DELITOS SEXUALES;2019;18
Cantabria;DELITOS SEXUALES;2018;15
Cantabria;DELITOS SEXUALES;2017;11
Cantabria;DELITOS SEXUALES;2016;18
Cantabria;DELITOS SEXUALES;2015;17
Cantabria;DELITOS SEXUALES;2014;12
Cantabria;DELITOS SEXUALES;2013;4
Cantabria;DELITOS SEXUALES;2012;6
Cantabria;DELITOS SEXUALES;2011;7
Cantabria;FALSIFICACIÓN INFORMÁTICA;2024;207
Cantabria;FALSIFICACIÓN INFORMÁTICA;2023;95
Cantabria;FALSIFICACIÓN INFORMÁTICA;2022;103
Cantabria;FALSIFICACIÓN INFORMÁTICA;2021;57
Cantabria;FALSIFICACIÓN INFORMÁTICA;2020;35
Cantabria;FALSIFICACIÓN INFORMÁTICA;2019;26
Cantabria;FALSIFICACIÓN INFORMÁTICA;2018;23
Cantabria;FALSIFICACIÓN INFORMÁTICA;2017;18
Cantabria;FALSIFICACIÓN INFORMÁTICA;2016;22
Cantabria;FALSIFICACIÓN INFORMÁTICA;2015;6
Cantabria;FALSIFICACIÓN INFORMÁTICA;2014;9
Cantabria;FALSIFICACIÓN INFORMÁTICA;2013;5
Cantabria;FALSIFICACIÓN INFORMÁTICA;2012;7
Cantabria;FALSIFICACIÓN INFORMÁTICA;2011;13
Cantabria;FRAUDE INFORMÁTICO;2024;5.774
Cantabria;FRAUDE INFORMÁTICO;2023;5.428
Cantabria;FRAUDE INFORMÁTICO;2022;4.349
Cantabria;FRAUDE INFORMÁTICO;2021;3.243
Cantabria;FRAUDE INFORMÁTICO;2020;2.513
Cantabria;FRAUDE INFORMÁTICO;2019;1.766
Cantabria;FRAUDE INFORMÁTICO;2018;1.704
Cantabria;FRAUDE INFORMÁTICO;2017;1.419
Cantabria;FRAUDE INFORMÁTICO;2016;1.028
Cantabria;FRAUDE INFORMÁTICO;2015;776
Cantabria;FRAUDE INFORMÁTICO;2014;589
Cantabria;FRAUDE INFORMÁTICO;2013;281
Cantabria;FRAUDE INFORMÁTICO;2012;233
Cantabria;FRAUDE INFORMÁTICO;2011;231
Cantabria;INTERFERENCIA EN LOS DATOS Y EN EL SISTEMA;2024;41
Cantabria;INTERFERENCIA EN LOS DATOS Y EN EL SISTEMA;2023;32
Cantabria;INTERFERENCIA EN LOS DATOS Y EN EL SISTEMA;2022;33
Cantabria;INTERFERENCIA EN LOS DATOS Y EN EL SISTEMA;2021;59
Cantabria;INTERFERENCIA EN LOS DATOS Y EN EL SISTEMA;2020;34
Cantabria;INTERFERENCIA EN LOS DATOS Y EN EL SISTEMA;2019;21
Cantabria;INTERFERENCIA EN LOS DATOS Y EN EL SISTEMA;2018;10
Cantabria;INTERFERENCIA EN LOS DATOS Y EN EL SISTEMA;2017;18
Cantabria;INTERFERENCIA EN LOS DATOS Y EN EL SISTEMA;2016;13
Cantabria;INTERFERENCIA EN LOS DATOS Y EN EL SISTEMA;2015;8
Cantabria;INTERFERENCIA EN LOS DATOS Y EN EL SISTEMA;2014;6
Cantabria;INTERFERENCIA EN LOS DATOS Y EN EL SISTEMA;2013;5
Cantabria;INTERFERENCIA EN LOS DATOS Y EN EL SISTEMA;2012;8
Cantabria;INTERFERENCIA EN LOS DATOS Y EN EL SISTEMA;2011;6
Cantabria;TOTAL grupo penal;2024;6.536
Cantabria;TOTAL grupo penal;2023;5.968
Cantabria;TOTAL grupo penal;2022;4.806
Cantabria;TOTAL grupo penal;2021;3.782
Cantabria;TOTAL grupo penal;2020;2.885
Cantabria;TOTAL grupo penal;2019;2.086
Cantabria;TOTAL grupo penal;2018;2.000
Cantabria;TOTAL grupo penal;2017;1.716
Cantabria;TOTAL grupo penal;2016;1.307
Cantabria;TOTAL grupo penal;2015;1.065
Cantabria;TOTAL grupo penal;2014;850
Cantabria;TOTAL grupo penal;2013;487
Cantabria;TOTAL grupo penal;2012;429
Cantabria;TOTAL grupo penal;2011;430
Segovia;ACCESO  E INTERCEPTACIÓN ILÍCITA;2024;19
Segovia;ACCESO  E INTERCEPTACIÓN ILÍCITA;2023;17
Segovia;ACCESO  E INTERCEPTACIÓN ILÍCITA;2022;14
Segovia;ACCESO  E INTERCEPTACIÓN ILÍCITA;2021;5
Segovia;ACCESO  E INTERCEPTACIÓN ILÍCITA;2020;12
Segovia;ACCESO  E INTERCEPTACIÓN ILÍCITA;2019;7
Segovia;ACCESO  E INTERCEPTACIÓN ILÍCITA;2018;7
Segovia;ACCESO  E INTERCEPTACIÓN ILÍCITA;2017;2
Segovia;ACCESO  E INTERCEPTACIÓN ILÍCITA;2016;7
Segovia;ACCESO  E INTERCEPTACIÓN ILÍCITA;2015;4
Segovia;ACCESO  E INTERCEPTACIÓN ILÍCITA;2014;4
Segovia;ACCESO  E INTERCEPTACIÓN ILÍCITA;2013;6
Segovia;ACCESO  E INTERCEPTACIÓN ILÍCITA;2012;3
Segovia;ACCESO  E INTERCEPTACIÓN ILÍCITA;2011;5
Segovia;AMENAZAS Y COACCIONES;2024;71
Segovia;AMENAZAS Y COACCIONES;2023;81
Segovia;AMENAZAS Y COACCIONES;2022;69
Segovia;AMENAZAS Y COACCIONES;2021;79
Segovia;AMENAZAS Y COACCIONES;2020;56
Segovia;AMENAZAS Y COACCIONES;2019;55
Segovia;AMENAZAS Y COACCIONES;2018;42
Segovia;AMENAZAS Y COACCIONES;2017;30
Segovia;AMENAZAS Y COACCIONES;2016;41
Segovia;AMENAZAS Y COACCIONES;2015;41
Segovia;AMENAZAS Y COACCIONES;2014;37
Segovia;AMENAZAS Y COACCIONES;2013;36
Segovia;AMENAZAS Y COACCIONES;2012;34
Segovia;AMENAZAS Y COACCIONES;2011;42
Segovia;CONTRA EL HONOR;2024;5
Segovia;CONTRA EL HONOR;2023;18
Segovia;CONTRA EL HONOR;2022;8
Segovia;CONTRA EL HONOR;2021;4
Segovia;CONTRA EL HONOR;2020;7
Segovia;CONTRA EL HONOR;2019;7
Segovia;CONTRA EL HONOR;2018;9
Segovia;CONTRA EL HONOR;2017;11
Segovia;CONTRA EL HONOR;2016;11
Segovia;CONTRA EL HONOR;2015;12
Segovia;CONTRA EL HONOR;2014;14
Segovia;CONTRA EL HONOR;2013;15
Segovia;CONTRA EL HONOR;2012;22
Segovia;CONTRA EL HONOR;2011;14
Segovia;CONTRA LA PROPIEDAD INDUSTRIAL/INTELECTUAL;2024;0
Segovia;CONTRA LA PROPIEDAD INDUSTRIAL/INTELECTUAL;2023;0
Segovia;CONTRA LA PROPIEDAD INDUSTRIAL/INTELECTUAL;2022;0
Segovia;CONTRA LA PROPIEDAD INDUSTRIAL/INTELECTUAL;2021;0
Segovia;CONTRA LA PROPIEDAD INDUSTRIAL/INTELECTUAL;2020;0
Segovia;CONTRA LA PROPIEDAD INDUSTRIAL/INTELECTUAL;2019;0
Segovia;CONTRA LA PROPIEDAD INDUSTRIAL/INTELECTUAL;2018;2
Segovia;CONTRA LA PROPIEDAD INDUSTRIAL/INTELECTUAL;2017;0
Segovia;CONTRA LA PROPIEDAD INDUSTRIAL/INTELECTUAL;2016;0
Segovia;CONTRA LA PROPIEDAD INDUSTRIAL/INTELECTUAL;2015;2
Segovia;CONTRA LA PROPIEDAD INDUSTRIAL/INTELECTUAL;2014;0
Segovia;CONTRA LA PROPIEDAD INDUSTRIAL/INTELECTUAL;2013;0
Segovia;CONTRA LA PROPIEDAD INDUSTRIAL/INTELECTUAL;2012;0
Segovia;CONTRA LA PROPIEDAD INDUSTRIAL/INTELECTUAL;2011;0
Segovia;DELITOS SEXUALES;2024;4
Segovia;DELITOS SEXUALES;2023;7
Segovia;DELITOS SEXUALES;2022;3
Segovia;DELITOS SEXUALES;2021;2
Segovia;DELITOS SEXUALES;2020;5
Segovia;DELITOS SEXUALES;2019;14
Segovia;DELITOS SEXUALES;2018;6
Segovia;DELITOS SEXUALES;2017;3
Segovia;DELITOS SEXUALES;2016;1
Segovia;DELITOS SEXUALES;2015;1
Segovia;DELITOS SEXUALES;2014;3
Segovia;DELITOS SEXUALES;2013;1
Segovia;DELITOS SEXUALES;2012;3
Segovia;DELITOS SEXUALES;2011;1
Segovia;FALSIFICACIÓN INFORMÁTICA;2024;73
Segovia;FALSIFICACIÓN INFORMÁTICA;2023;76
Segovia;FALSIFICACIÓN INFORMÁTICA;2022;95
Segovia;FALSIFICACIÓN INFORMÁTICA;2021;42
Segovia;FALSIFICACIÓN INFORMÁTICA;2020;19
Segovia;FALSIFICACIÓN INFORMÁTICA;2019;22
Segovia;FALSIFICACIÓN INFORMÁTICA;2018;15
Segovia;FALSIFICACIÓN INFORMÁTICA;2017;10
Segovia;FALSIFICACIÓN INFORMÁTICA;2016;9
Segovia;FALSIFICACIÓN INFORMÁTICA;2015;10
Segovia;FALSIFICACIÓN INFORMÁTICA;2014;5
Segovia;FALSIFICACIÓN INFORMÁTICA;2013;3
Segovia;FALSIFICACIÓN INFORMÁTICA;2012;2
Segovia;FALSIFICACIÓN INFORMÁTICA;2011;6
Segovia;FRAUDE INFORMÁTICO;2024;1.731
Segovia;FRAUDE INFORMÁTICO;2023;1.655
Segovia;FRAUDE INFORMÁTICO;2022;1.110
Segovia;FRAUDE INFORMÁTICO;2021;824
Segovia;FRAUDE INFORMÁTICO;2020;812
Segovia;FRAUDE INFORMÁTICO;2019;501
Segovia;FRAUDE INFORMÁTICO;2018;366
Segovia;FRAUDE INFORMÁTICO;2017;309
Segovia;FRAUDE INFORMÁTICO;2016;227
Segovia;FRAUDE INFORMÁTICO;2015;155
Segovia;FRAUDE INFORMÁTICO;2014;174
Segovia;FRAUDE INFORMÁTICO;2013;99
Segovia;FRAUDE INFORMÁTICO;2012;100
Segovia;FRAUDE INFORMÁTICO;2011;72
Segovia;INTERFERENCIA EN LOS DATOS Y EN EL SISTEMA;2024;2
Segovia;INTERFERENCIA EN LOS DATOS Y EN EL SISTEMA;2023;1
Segovia;INTERFERENCIA EN LOS DATOS Y EN EL SISTEMA;2022;1
Segovia;INTERFERENCIA EN LOS DATOS Y EN EL SISTEMA;2021;6
Segovia;INTERFERENCIA EN LOS DATOS Y EN EL SISTEMA;2020;2
Segovia;INTERFERENCIA EN LOS DATOS Y EN EL SISTEMA;2019;4
Segovia;INTERFERENCIA EN LOS DATOS Y EN EL SISTEMA;2018;1
Segovia;INTERFERENCIA EN LOS DATOS Y EN EL SISTEMA;2017;3
Segovia;INTERFERENCIA EN LOS DATOS Y EN EL SISTEMA;2016;10
Segovia;INTERFERENCIA EN LOS DATOS Y EN EL SISTEMA;2015;5
Segovia;INTERFERENCIA EN LOS DATOS Y EN EL SISTEMA;2014;1
Segovia;INTERFERENCIA EN LOS DATOS Y EN EL SISTEMA;2013;3
Segovia;INTERFERENCIA EN LOS DATOS Y EN EL SISTEMA;2012;0
Segovia;INTERFERENCIA EN LOS DATOS Y EN EL SISTEMA;2011;3
Segovia;TOTAL grupo penal;2024;1.905
Segovia;TOTAL grupo penal;2023;1.855
Segovia;TOTAL grupo penal;2022;1.300
Segovia;TOTAL grupo penal;2021;962
Segovia;TOTAL grupo penal;2020;913
Segovia;TOTAL grupo penal;2019;610
Segovia;TOTAL grupo penal;2018;448
Segovia;TOTAL grupo penal;2017;368
Segovia;TOTAL grupo penal;2016;306
Segovia;TOTAL grupo penal;2015;230
Segovia;TOTAL grupo penal;2014;238
Segovia;TOTAL grupo penal;2013;163
Segovia;TOTAL grupo penal;2012;164
Segovia;TOTAL grupo penal;2011;143
Sevilla;ACCESO  E INTERCEPTACIÓN ILÍCITA;2024;602
Sevilla;ACCESO  E INTERCEPTACIÓN ILÍCITA;2023;453
Sevilla;ACCESO  E INTERCEPTACIÓN ILÍCITA;2022;314
Sevilla;ACCESO  E INTERCEPTACIÓN ILÍCITA;2021;307
Sevilla;ACCESO  E INTERCEPTACIÓN ILÍCITA;2020;249
Sevilla;ACCESO  E INTERCEPTACIÓN ILÍCITA;2019;223
Sevilla;ACCESO  E INTERCEPTACIÓN ILÍCITA;2018;158
Sevilla;ACCESO  E INTERCEPTACIÓN ILÍCITA;2017;145
Sevilla;ACCESO  E INTERCEPTACIÓN ILÍCITA;2016;121
Sevilla;ACCESO  E INTERCEPTACIÓN ILÍCITA;2015;155
Sevilla;ACCESO  E INTERCEPTACIÓN ILÍCITA;2014;111
Sevilla;ACCESO  E INTERCEPTACIÓN ILÍCITA;2013;128
Sevilla;ACCESO  E INTERCEPTACIÓN ILÍCITA;2012;100
Sevilla;ACCESO  E INTERCEPTACIÓN ILÍCITA;2011;95
Sevilla;AMENAZAS Y COACCIONES;2024;1.071
Sevilla;AMENAZAS Y COACCIONES;2023;909
Sevilla;AMENAZAS Y COACCIONES;2022;879
Sevilla;AMENAZAS Y COACCIONES;2021;971
Sevilla;AMENAZAS Y COACCIONES;2020;953
Sevilla;AMENAZAS Y COACCIONES;2019;857
Sevilla;AMENAZAS Y COACCIONES;2018;751
Sevilla;AMENAZAS Y COACCIONES;2017;790
Sevilla;AMENAZAS Y COACCIONES;2016;726
Sevilla;AMENAZAS Y COACCIONES;2015;680
Sevilla;AMENAZAS Y COACCIONES;2014;652
Sevilla;AMENAZAS Y COACCIONES;2013;589
Sevilla;AMENAZAS Y COACCIONES;2012;430
Sevilla;AMENAZAS Y COACCIONES;2011;493
Sevilla;CONTRA EL HONOR;2024;89
Sevilla;CONTRA EL HONOR;2023;86
Sevilla;CONTRA EL HONOR;2022;95
Sevilla;CONTRA EL HONOR;2021;118
Sevilla;CONTRA EL HONOR;2020;117
Sevilla;CONTRA EL HONOR;2019;105
Sevilla;CONTRA EL HONOR;2018;103
Sevilla;CONTRA EL HONOR;2017;115
Sevilla;CONTRA EL HONOR;2016;100
Sevilla;CONTRA EL HONOR;2015;147
Sevilla;CONTRA EL HONOR;2014;115
Sevilla;CONTRA EL HONOR;2013;91
Sevilla;CONTRA EL HONOR;2012;98
Sevilla;CONTRA EL HONOR;2011;106
Sevilla;CONTRA LA PROPIEDAD INDUSTRIAL/INTELECTUAL;2024;4
Sevilla;CONTRA LA PROPIEDAD INDUSTRIAL/INTELECTUAL;2023;4
Sevilla;CONTRA LA PROPIEDAD INDUSTRIAL/INTELECTUAL;2022;8
Sevilla;CONTRA LA PROPIEDAD INDUSTRIAL/INTELECTUAL;2021;5
Sevilla;CONTRA LA PROPIEDAD INDUSTRIAL/INTELECTUAL;2020;4
Sevilla;CONTRA LA PROPIEDAD INDUSTRIAL/INTELECTUAL;2019;8
Sevilla;CONTRA LA PROPIEDAD INDUSTRIAL/INTELECTUAL;2018;9
Sevilla;CONTRA LA PROPIEDAD INDUSTRIAL/INTELECTUAL;2017;6
Sevilla;CONTRA LA PROPIEDAD INDUSTRIAL/INTELECTUAL;2016;1
Sevilla;CONTRA LA PROPIEDAD INDUSTRIAL/INTELECTUAL;2015;7
Sevilla;CONTRA LA PROPIEDAD INDUSTRIAL/INTELECTUAL;2014;10
Sevilla;CONTRA LA PROPIEDAD INDUSTRIAL/INTELECTUAL;2013;5
Sevilla;CONTRA LA PROPIEDAD INDUSTRIAL/INTELECTUAL;2012;6
Sevilla;CONTRA LA PROPIEDAD INDUSTRIAL/INTELECTUAL;2011;3
Sevilla;DELITOS SEXUALES;2024;81
Sevilla;DELITOS SEXUALES;2023;131
Sevilla;DELITOS SEXUALES;2022;136
Sevilla;DELITOS SEXUALES;2021;92
Sevilla;DELITOS SEXUALES;2020;109
Sevilla;DELITOS SEXUALES;2019;88
Sevilla;DELITOS SEXUALES;2018;87
Sevilla;DELITOS SEXUALES;2017;87
Sevilla;DELITOS SEXUALES;2016;70
Sevilla;DELITOS SEXUALES;2015;86
Sevilla;DELITOS SEXUALES;2014;51
Sevilla;DELITOS SEXUALES;2013;47
Sevilla;DELITOS SEXUALES;2012;41
Sevilla;DELITOS SEXUALES;2011;24
Sevilla;FALSIFICACIÓN INFORMÁTICA;2024;412
Sevilla;FALSIFICACIÓN INFORMÁTICA;2023;249
Sevilla;FALSIFICACIÓN INFORMÁTICA;2022;241
Sevilla;FALSIFICACIÓN INFORMÁTICA;2021;163
Sevilla;FALSIFICACIÓN INFORMÁTICA;2020;113
Sevilla;FALSIFICACIÓN INFORMÁTICA;2019;114
Sevilla;FALSIFICACIÓN INFORMÁTICA;2018;96
Sevilla;FALSIFICACIÓN INFORMÁTICA;2017;238
Sevilla;FALSIFICACIÓN INFORMÁTICA;2016;228
Sevilla;FALSIFICACIÓN INFORMÁTICA;2015;184
Sevilla;FALSIFICACIÓN INFORMÁTICA;2014;120
Sevilla;FALSIFICACIÓN INFORMÁTICA;2013;67
Sevilla;FALSIFICACIÓN INFORMÁTICA;2012;58
Sevilla;FALSIFICACIÓN INFORMÁTICA;2011;73
Sevilla;FRAUDE INFORMÁTICO;2024;16.998
Sevilla;FRAUDE INFORMÁTICO;2023;17.022
Sevilla;FRAUDE INFORMÁTICO;2022;12.850
Sevilla;FRAUDE INFORMÁTICO;2021;8.626
Sevilla;FRAUDE INFORMÁTICO;2020;8.040
Sevilla;FRAUDE INFORMÁTICO;2019;5.694
Sevilla;FRAUDE INFORMÁTICO;2018;3.194
Sevilla;FRAUDE INFORMÁTICO;2017;2.194
Sevilla;FRAUDE INFORMÁTICO;2016;1.648
Sevilla;FRAUDE INFORMÁTICO;2015;1.397
Sevilla;FRAUDE INFORMÁTICO;2014;1.362
Sevilla;FRAUDE INFORMÁTICO;2013;1.031
Sevilla;FRAUDE INFORMÁTICO;2012;1.060
Sevilla;FRAUDE INFORMÁTICO;2011;913
Sevilla;INTERFERENCIA EN LOS DATOS Y EN EL SISTEMA;2024;111
Sevilla;INTERFERENCIA EN LOS DATOS Y EN EL SISTEMA;2023;107
Sevilla;INTERFERENCIA EN LOS DATOS Y EN EL SISTEMA;2022;67
Sevilla;INTERFERENCIA EN LOS DATOS Y EN EL SISTEMA;2021;75
Sevilla;INTERFERENCIA EN LOS DATOS Y EN EL SISTEMA;2020;45
Sevilla;INTERFERENCIA EN LOS DATOS Y EN EL SISTEMA;2019;45
Sevilla;INTERFERENCIA EN LOS DATOS Y EN EL SISTEMA;2018;44
Sevilla;INTERFERENCIA EN LOS DATOS Y EN EL SISTEMA;2017;40
Sevilla;INTERFERENCIA EN LOS DATOS Y EN EL SISTEMA;2016;45
Sevilla;INTERFERENCIA EN LOS DATOS Y EN EL SISTEMA;2015;35
Sevilla;INTERFERENCIA EN LOS DATOS Y EN EL SISTEMA;2014;35
Sevilla;INTERFERENCIA EN LOS DATOS Y EN EL SISTEMA;2013;21
Sevilla;INTERFERENCIA EN LOS DATOS Y EN EL SISTEMA;2012;8
Sevilla;INTERFERENCIA EN LOS DATOS Y EN EL SISTEMA;2011;16
Sevilla;TOTAL grupo penal;2024;19.368
Sevilla;TOTAL grupo penal;2023;18.961
Sevilla;TOTAL grupo penal;2022;14.590
Sevilla;TOTAL grupo penal;2021;10.357
Sevilla;TOTAL grupo penal;2020;9.630
Sevilla;TOTAL grupo penal;2019;7.134
Sevilla;TOTAL grupo penal;2018;4.442
Sevilla;TOTAL grupo penal;2017;3.615
Sevilla;TOTAL grupo penal;2016;2.939
Sevilla;TOTAL grupo penal;2015;2.691
Sevilla;TOTAL grupo penal;2014;2.456
Sevilla;TOTAL grupo penal;2013;1.979
Sevilla;TOTAL grupo penal;2012;1.801
Sevilla;TOTAL grupo penal;2011;1.723
Soria;ACCESO  E INTERCEPTACIÓN ILÍCITA;2024;9
Soria;ACCESO  E INTERCEPTACIÓN ILÍCITA;2023;12
Soria;ACCESO  E INTERCEPTACIÓN ILÍCITA;2022;10
Soria;ACCESO  E INTERCEPTACIÓN ILÍCITA;2021;6
Soria;ACCESO  E INTERCEPTACIÓN ILÍCITA;2020;7
Soria;ACCESO  E INTERCEPTACIÓN ILÍCITA;2019;8
Soria;ACCESO  E INTERCEPTACIÓN ILÍCITA;2018;2
Soria;ACCESO  E INTERCEPTACIÓN ILÍCITA;2017;4
Soria;ACCESO  E INTERCEPTACIÓN ILÍCITA;2016;5
Soria;ACCESO  E INTERCEPTACIÓN ILÍCITA;2015;3
Soria;ACCESO  E INTERCEPTACIÓN ILÍCITA;2014;2
Soria;ACCESO  E INTERCEPTACIÓN ILÍCITA;2013;0
Soria;ACCESO  E INTERCEPTACIÓN ILÍCITA;2012;2
Soria;ACCESO  E INTERCEPTACIÓN ILÍCITA;2011;0
Soria;AMENAZAS Y COACCIONES;2024;39
Soria;AMENAZAS Y COACCIONES;2023;41
Soria;AMENAZAS Y COACCIONES;2022;44
Soria;AMENAZAS Y COACCIONES;2021;34
Soria;AMENAZAS Y COACCIONES;2020;26
Soria;AMENAZAS Y COACCIONES;2019;29
Soria;AMENAZAS Y COACCIONES;2018;26
Soria;AMENAZAS Y COACCIONES;2017;25
Soria;AMENAZAS Y COACCIONES;2016;17
Soria;AMENAZAS Y COACCIONES;2015;14
Soria;AMENAZAS Y COACCIONES;2014;18
Soria;AMENAZAS Y COACCIONES;2013;16
Soria;AMENAZAS Y COACCIONES;2012;17
Soria;AMENAZAS Y COACCIONES;2011;13
Soria;CONTRA EL HONOR;2024;6
Soria;CONTRA EL HONOR;2023;2
Soria;CONTRA EL HONOR;2022;1
Soria;CONTRA EL HONOR;2021;6
Soria;CONTRA EL HONOR;2020;2
Soria;CONTRA EL HONOR;2019;3
Soria;CONTRA EL HONOR;2018;2
Soria;CONTRA EL HONOR;2017;1
Soria;CONTRA EL HONOR;2016;5
Soria;CONTRA EL HONOR;2015;5
Soria;CONTRA EL HONOR;2014;6
Soria;CONTRA EL HONOR;2013;5
Soria;CONTRA EL HONOR;2012;10
Soria;CONTRA EL HONOR;2011;9
Soria;CONTRA LA PROPIEDAD INDUSTRIAL/INTELECTUAL;2024;0
Soria;CONTRA LA PROPIEDAD INDUSTRIAL/INTELECTUAL;2023;1
Soria;CONTRA LA PROPIEDAD INDUSTRIAL/INTELECTUAL;2022;0
Soria;CONTRA LA PROPIEDAD INDUSTRIAL/INTELECTUAL;2021;1
Soria;CONTRA LA PROPIEDAD INDUSTRIAL/INTELECTUAL;2020;0
Soria;CONTRA LA PROPIEDAD INDUSTRIAL/INTELECTUAL;2019;0
Soria;CONTRA LA PROPIEDAD INDUSTRIAL/INTELECTUAL;2018;0
Soria;CONTRA LA PROPIEDAD INDUSTRIAL/INTELECTUAL;2017;0
Soria;CONTRA LA PROPIEDAD INDUSTRIAL/INTELECTUAL;2016;0
Soria;CONTRA LA PROPIEDAD INDUSTRIAL/INTELECTUAL;2015;0
Soria;CONTRA LA PROPIEDAD INDUSTRIAL/INTELECTUAL;2014;0
Soria;CONTRA LA PROPIEDAD INDUSTRIAL/INTELECTUAL;2013;0
Soria;CONTRA LA PROPIEDAD INDUSTRIAL/INTELECTUAL;2012;0
Soria;CONTRA LA PROPIEDAD INDUSTRIAL/INTELECTUAL;2011;0
Soria;DELITOS SEXUALES;2024;1
Soria;DELITOS SEXUALES;2023;2
Soria;DELITOS SEXUALES;2022;3
Soria;DELITOS SEXUALES;2021;4
Soria;DELITOS SEXUALES;2020;6
Soria;DELITOS SEXUALES;2019;4
Soria;DELITOS SEXUALES;2018;4
Soria;DELITOS SEXUALES;2017;1
Soria;DELITOS SEXUALES;2016;4
Soria;DELITOS SEXUALES;2015;1
Soria;DELITOS SEXUALES;2014;2
Soria;DELITOS SEXUALES;2013;0
Soria;DELITOS SEXUALES;2012;0
Soria;DELITOS SEXUALES;2011;3
Soria;FALSIFICACIÓN INFORMÁTICA;2024;54
Soria;FALSIFICACIÓN INFORMÁTICA;2023;43
Soria;FALSIFICACIÓN INFORMÁTICA;2022;19
Soria;FALSIFICACIÓN INFORMÁTICA;2021;13
Soria;FALSIFICACIÓN INFORMÁTICA;2020;12
Soria;FALSIFICACIÓN INFORMÁTICA;2019;5
Soria;FALSIFICACIÓN INFORMÁTICA;2018;5
Soria;FALSIFICACIÓN INFORMÁTICA;2017;5
Soria;FALSIFICACIÓN INFORMÁTICA;2016;6
Soria;FALSIFICACIÓN INFORMÁTICA;2015;2
Soria;FALSIFICACIÓN INFORMÁTICA;2014;3
Soria;FALSIFICACIÓN INFORMÁTICA;2013;0
Soria;FALSIFICACIÓN INFORMÁTICA;2012;4
Soria;FALSIFICACIÓN INFORMÁTICA;2011;2
Soria;FRAUDE INFORMÁTICO;2024;893
Soria;FRAUDE INFORMÁTICO;2023;1.120
Soria;FRAUDE INFORMÁTICO;2022;961
Soria;FRAUDE INFORMÁTICO;2021;614
Soria;FRAUDE INFORMÁTICO;2020;653
Soria;FRAUDE INFORMÁTICO;2019;499
Soria;FRAUDE INFORMÁTICO;2018;299
Soria;FRAUDE INFORMÁTICO;2017;220
Soria;FRAUDE INFORMÁTICO;2016;183
Soria;FRAUDE INFORMÁTICO;2015;161
Soria;FRAUDE INFORMÁTICO;2014;113
Soria;FRAUDE INFORMÁTICO;2013;86
Soria;FRAUDE INFORMÁTICO;2012;55
Soria;FRAUDE INFORMÁTICO;2011;34
Soria;INTERFERENCIA EN LOS DATOS Y EN EL SISTEMA;2024;6
Soria;INTERFERENCIA EN LOS DATOS Y EN EL SISTEMA;2023;6
Soria;INTERFERENCIA EN LOS DATOS Y EN EL SISTEMA;2022;5
Soria;INTERFERENCIA EN LOS DATOS Y EN EL SISTEMA;2021;10
Soria;INTERFERENCIA EN LOS DATOS Y EN EL SISTEMA;2020;3
Soria;INTERFERENCIA EN LOS DATOS Y EN EL SISTEMA;2019;1
Soria;INTERFERENCIA EN LOS DATOS Y EN EL SISTEMA;2018;5
Soria;INTERFERENCIA EN LOS DATOS Y EN EL SISTEMA;2017;2
Soria;INTERFERENCIA EN LOS DATOS Y EN EL SISTEMA;2016;8
Soria;INTERFERENCIA EN LOS DATOS Y EN EL SISTEMA;2015;9
Soria;INTERFERENCIA EN LOS DATOS Y EN EL SISTEMA;2014;1
Soria;INTERFERENCIA EN LOS DATOS Y EN EL SISTEMA;2013;2
Soria;INTERFERENCIA EN LOS DATOS Y EN EL SISTEMA;2012;0
Soria;INTERFERENCIA EN LOS DATOS Y EN EL SISTEMA;2011;1
Soria;TOTAL grupo penal;2024;1.008
Soria;TOTAL grupo penal;2023;1.227
Soria;TOTAL grupo penal;2022;1.043
Soria;TOTAL grupo penal;2021;688
Soria;TOTAL grupo penal;2020;709
Soria;TOTAL grupo penal;2019;549
Soria;TOTAL grupo penal;2018;343
Soria;TOTAL grupo penal;2017;258
Soria;TOTAL grupo penal;2016;228
Soria;TOTAL grupo penal;2015;195
Soria;TOTAL grupo penal;2014;145
Soria;TOTAL grupo penal;2013;109
Soria;TOTAL grupo penal;2012;88
Soria;TOTAL grupo penal;2011;62
Tarragona;ACCESO  E INTERCEPTACIÓN ILÍCITA;2024;64
Tarragona;ACCESO  E INTERCEPTACIÓN ILÍCITA;2023;75
Tarragona;ACCESO  E INTERCEPTACIÓN ILÍCITA;2022;87
Tarragona;ACCESO  E INTERCEPTACIÓN ILÍCITA;2021;65
Tarragona;ACCESO  E INTERCEPTACIÓN ILÍCITA;2020;60
Tarragona;ACCESO  E INTERCEPTACIÓN ILÍCITA;2019;44
Tarragona;ACCESO  E INTERCEPTACIÓN ILÍCITA;2018;53
Tarragona;ACCESO  E INTERCEPTACIÓN ILÍCITA;2017;51
Tarragona;ACCESO  E INTERCEPTACIÓN ILÍCITA;2016;61
Tarragona;ACCESO  E INTERCEPTACIÓN ILÍCITA;2015;47
Tarragona;ACCESO  E INTERCEPTACIÓN ILÍCITA;2014;3
Tarragona;ACCESO  E INTERCEPTACIÓN ILÍCITA;2013;2
Tarragona;ACCESO  E INTERCEPTACIÓN ILÍCITA;2012;0
Tarragona;ACCESO  E INTERCEPTACIÓN ILÍCITA;2011;3
Tarragona;AMENAZAS Y COACCIONES;2024;88
Tarragona;AMENAZAS Y COACCIONES;2023;67
Tarragona;AMENAZAS Y COACCIONES;2022;76
Tarragona;AMENAZAS Y COACCIONES;2021;92
Tarragona;AMENAZAS Y COACCIONES;2020;66
Tarragona;AMENAZAS Y COACCIONES;2019;59
Tarragona;AMENAZAS Y COACCIONES;2018;66
Tarragona;AMENAZAS Y COACCIONES;2017;43
Tarragona;AMENAZAS Y COACCIONES;2016;61
Tarragona;AMENAZAS Y COACCIONES;2015;31
Tarragona;AMENAZAS Y COACCIONES;2014;5
Tarragona;AMENAZAS Y COACCIONES;2013;9
Tarragona;AMENAZAS Y COACCIONES;2012;3
Tarragona;AMENAZAS Y COACCIONES;2011;1
Tarragona;CONTRA EL HONOR;2024;1
Tarragona;CONTRA EL HONOR;2023;1
Tarragona;CONTRA EL HONOR;2022;0
Tarragona;CONTRA EL HONOR;2021;3
Tarragona;CONTRA EL HONOR;2020;4
Tarragona;CONTRA EL HONOR;2019;3
Tarragona;CONTRA EL HONOR;2018;2
Tarragona;CONTRA EL HONOR;2017;10
Tarragona;CONTRA EL HONOR;2016;7
Tarragona;CONTRA EL HONOR;2015;14
Tarragona;CONTRA EL HONOR;2014;1
Tarragona;CONTRA EL HONOR;2013;2
Tarragona;CONTRA EL HONOR;2012;1
Tarragona;CONTRA EL HONOR;2011;2
Tarragona;CONTRA LA PROPIEDAD INDUSTRIAL/INTELECTUAL;2024;1
Tarragona;CONTRA LA PROPIEDAD INDUSTRIAL/INTELECTUAL;2023;0
Tarragona;CONTRA LA PROPIEDAD INDUSTRIAL/INTELECTUAL;2022;4
Tarragona;CONTRA LA PROPIEDAD INDUSTRIAL/INTELECTUAL;2021;2
Tarragona;CONTRA LA PROPIEDAD INDUSTRIAL/INTELECTUAL;2020;0
Tarragona;CONTRA LA PROPIEDAD INDUSTRIAL/INTELECTUAL;2019;3
Tarragona;CONTRA LA PROPIEDAD INDUSTRIAL/INTELECTUAL;2018;15
Tarragona;CONTRA LA PROPIEDAD INDUSTRIAL/INTELECTUAL;2017;1
Tarragona;CONTRA LA PROPIEDAD INDUSTRIAL/INTELECTUAL;2016;3
Tarragona;CONTRA LA PROPIEDAD INDUSTRIAL/INTELECTUAL;2015;1
Tarragona;CONTRA LA PROPIEDAD INDUSTRIAL/INTELECTUAL;2014;3
Tarragona;CONTRA LA PROPIEDAD INDUSTRIAL/INTELECTUAL;2013;6
Tarragona;CONTRA LA PROPIEDAD INDUSTRIAL/INTELECTUAL;2012;3
Tarragona;CONTRA LA PROPIEDAD INDUSTRIAL/INTELECTUAL;2011;0
Tarragona;DELITOS SEXUALES;2024;17
Tarragona;DELITOS SEXUALES;2023;16
Tarragona;DELITOS SEXUALES;2022;16
Tarragona;DELITOS SEXUALES;2021;4
Tarragona;DELITOS SEXUALES;2020;13
Tarragona;DELITOS SEXUALES;2019;18
Tarragona;DELITOS SEXUALES;2018;20
Tarragona;DELITOS SEXUALES;2017;9
Tarragona;DELITOS SEXUALES;2016;9
Tarragona;DELITOS SEXUALES;2015;15
Tarragona;DELITOS SEXUALES;2014;10
Tarragona;DELITOS SEXUALES;2013;1
Tarragona;DELITOS SEXUALES;2012;8
Tarragona;DELITOS SEXUALES;2011;6
Tarragona;FALSIFICACIÓN INFORMÁTICA;2024;520
Tarragona;FALSIFICACIÓN INFORMÁTICA;2023;77
Tarragona;FALSIFICACIÓN INFORMÁTICA;2022;81
Tarragona;FALSIFICACIÓN INFORMÁTICA;2021;65
Tarragona;FALSIFICACIÓN INFORMÁTICA;2020;40
Tarragona;FALSIFICACIÓN INFORMÁTICA;2019;25
Tarragona;FALSIFICACIÓN INFORMÁTICA;2018;16
Tarragona;FALSIFICACIÓN INFORMÁTICA;2017;36
Tarragona;FALSIFICACIÓN INFORMÁTICA;2016;18
Tarragona;FALSIFICACIÓN INFORMÁTICA;2015;22
Tarragona;FALSIFICACIÓN INFORMÁTICA;2014;16
Tarragona;FALSIFICACIÓN INFORMÁTICA;2013;7
Tarragona;FALSIFICACIÓN INFORMÁTICA;2012;11
Tarragona;FALSIFICACIÓN INFORMÁTICA;2011;10
Tarragona;FRAUDE INFORMÁTICO;2024;7.152
Tarragona;FRAUDE INFORMÁTICO;2023;7.586
Tarragona;FRAUDE INFORMÁTICO;2022;5.906
Tarragona;FRAUDE INFORMÁTICO;2021;4.626
Tarragona;FRAUDE INFORMÁTICO;2020;4.486
Tarragona;FRAUDE INFORMÁTICO;2019;3.732
Tarragona;FRAUDE INFORMÁTICO;2018;3.803
Tarragona;FRAUDE INFORMÁTICO;2017;2.813
Tarragona;FRAUDE INFORMÁTICO;2016;1.685
Tarragona;FRAUDE INFORMÁTICO;2015;1.487
Tarragona;FRAUDE INFORMÁTICO;2014;73
Tarragona;FRAUDE INFORMÁTICO;2013;69
Tarragona;FRAUDE INFORMÁTICO;2012;81
Tarragona;FRAUDE INFORMÁTICO;2011;74
Tarragona;INTERFERENCIA EN LOS DATOS Y EN EL SISTEMA;2024;6
Tarragona;INTERFERENCIA EN LOS DATOS Y EN EL SISTEMA;2023;7
Tarragona;INTERFERENCIA EN LOS DATOS Y EN EL SISTEMA;2022;5
Tarragona;INTERFERENCIA EN LOS DATOS Y EN EL SISTEMA;2021;8
Tarragona;INTERFERENCIA EN LOS DATOS Y EN EL SISTEMA;2020;14
Tarragona;INTERFERENCIA EN LOS DATOS Y EN EL SISTEMA;2019;15
Tarragona;INTERFERENCIA EN LOS DATOS Y EN EL SISTEMA;2018;17
Tarragona;INTERFERENCIA EN LOS DATOS Y EN EL SISTEMA;2017;15
Tarragona;INTERFERENCIA EN LOS DATOS Y EN EL SISTEMA;2016;26
Tarragona;INTERFERENCIA EN LOS DATOS Y EN EL SISTEMA;2015;18
Tarragona;INTERFERENCIA EN LOS DATOS Y EN EL SISTEMA;2014;0
Tarragona;INTERFERENCIA EN LOS DATOS Y EN EL SISTEMA;2013;2
Tarragona;INTERFERENCIA EN LOS DATOS Y EN EL SISTEMA;2012;1
Tarragona;INTERFERENCIA EN LOS DATOS Y EN EL SISTEMA;2011;0
Tarragona;TOTAL grupo penal;2024;7.849
Tarragona;TOTAL grupo penal;2023;7.829
Tarragona;TOTAL grupo penal;2022;6.175
Tarragona;TOTAL grupo penal;2021;4.865
Tarragona;TOTAL grupo penal;2020;4.683
Tarragona;TOTAL grupo penal;2019;3.899
Tarragona;TOTAL grupo penal;2018;3.992
Tarragona;TOTAL grupo penal;2017;2.978
Tarragona;TOTAL grupo penal;2016;1.870
Tarragona;TOTAL grupo penal;2015;1.635
Tarragona;TOTAL grupo penal;2014;111
Tarragona;TOTAL grupo penal;2013;98
Tarragona;TOTAL grupo penal;2012;108
Tarragona;TOTAL grupo penal;2011;96
Teruel;ACCESO  E INTERCEPTACIÓN ILÍCITA;2024;10
Teruel;ACCESO  E INTERCEPTACIÓN ILÍCITA;2023;10
Teruel;ACCESO  E INTERCEPTACIÓN ILÍCITA;2022;4
Teruel;ACCESO  E INTERCEPTACIÓN ILÍCITA;2021;3
Teruel;ACCESO  E INTERCEPTACIÓN ILÍCITA;2020;3
Teruel;ACCESO  E INTERCEPTACIÓN ILÍCITA;2019;2
Teruel;ACCESO  E INTERCEPTACIÓN ILÍCITA;2018;3
Teruel;ACCESO  E INTERCEPTACIÓN ILÍCITA;2017;4
Teruel;ACCESO  E INTERCEPTACIÓN ILÍCITA;2016;6
Teruel;ACCESO  E INTERCEPTACIÓN ILÍCITA;2015;5
Teruel;ACCESO  E INTERCEPTACIÓN ILÍCITA;2014;4
Teruel;ACCESO  E INTERCEPTACIÓN ILÍCITA;2013;6
Teruel;ACCESO  E INTERCEPTACIÓN ILÍCITA;2012;1
Teruel;ACCESO  E INTERCEPTACIÓN ILÍCITA;2011;3
Teruel;AMENAZAS Y COACCIONES;2024;75
Teruel;AMENAZAS Y COACCIONES;2023;74
Teruel;AMENAZAS Y COACCIONES;2022;43
Teruel;AMENAZAS Y COACCIONES;2021;48
Teruel;AMENAZAS Y COACCIONES;2020;33
Teruel;AMENAZAS Y COACCIONES;2019;17
Teruel;AMENAZAS Y COACCIONES;2018;48
Teruel;AMENAZAS Y COACCIONES;2017;25
Teruel;AMENAZAS Y COACCIONES;2016;29
Teruel;AMENAZAS Y COACCIONES;2015;23
Teruel;AMENAZAS Y COACCIONES;2014;24
Teruel;AMENAZAS Y COACCIONES;2013;12
Teruel;AMENAZAS Y COACCIONES;2012;21
Teruel;AMENAZAS Y COACCIONES;2011;30
Teruel;CONTRA EL HONOR;2024;4
Teruel;CONTRA EL HONOR;2023;3
Teruel;CONTRA EL HONOR;2022;2
Teruel;CONTRA EL HONOR;2021;10
Teruel;CONTRA EL HONOR;2020;5
Teruel;CONTRA EL HONOR;2019;3
Teruel;CONTRA EL HONOR;2018;10
Teruel;CONTRA EL HONOR;2017;3
Teruel;CONTRA EL HONOR;2016;7
Teruel;CONTRA EL HONOR;2015;7
Teruel;CONTRA EL HONOR;2014;4
Teruel;CONTRA EL HONOR;2013;6
Teruel;CONTRA EL HONOR;2012;4
Teruel;CONTRA EL HONOR;2011;7
Teruel;CONTRA LA PROPIEDAD INDUSTRIAL/INTELECTUAL;2024;1
Teruel;CONTRA LA PROPIEDAD INDUSTRIAL/INTELECTUAL;2023;0
Teruel;CONTRA LA PROPIEDAD INDUSTRIAL/INTELECTUAL;2022;1
Teruel;CONTRA LA PROPIEDAD INDUSTRIAL/INTELECTUAL;2021;0
Teruel;CONTRA LA PROPIEDAD INDUSTRIAL/INTELECTUAL;2020;0
Teruel;CONTRA LA PROPIEDAD INDUSTRIAL/INTELECTUAL;2019;0
Teruel;CONTRA LA PROPIEDAD INDUSTRIAL/INTELECTUAL;2018;0
Teruel;CONTRA LA PROPIEDAD INDUSTRIAL/INTELECTUAL;2017;0
Teruel;CONTRA LA PROPIEDAD INDUSTRIAL/INTELECTUAL;2016;0
Teruel;CONTRA LA PROPIEDAD INDUSTRIAL/INTELECTUAL;2015;0
Teruel;CONTRA LA PROPIEDAD INDUSTRIAL/INTELECTUAL;2014;1
Teruel;CONTRA LA PROPIEDAD INDUSTRIAL/INTELECTUAL;2013;0
Teruel;CONTRA LA PROPIEDAD INDUSTRIAL/INTELECTUAL;2012;0
Teruel;CONTRA LA PROPIEDAD INDUSTRIAL/INTELECTUAL;2011;0
Teruel;DELITOS SEXUALES;2024;4
Teruel;DELITOS SEXUALES;2023;1
Teruel;DELITOS SEXUALES;2022;5
Teruel;DELITOS SEXUALES;2021;6
Teruel;DELITOS SEXUALES;2020;10
Teruel;DELITOS SEXUALES;2019;7
Teruel;DELITOS SEXUALES;2018;2
Teruel;DELITOS SEXUALES;2017;4
Teruel;DELITOS SEXUALES;2016;3
Teruel;DELITOS SEXUALES;2015;6
Teruel;DELITOS SEXUALES;2014;4
Teruel;DELITOS SEXUALES;2013;5
Teruel;DELITOS SEXUALES;2012;0
Teruel;DELITOS SEXUALES;2011;0
Teruel;FALSIFICACIÓN INFORMÁTICA;2024;66
Teruel;FALSIFICACIÓN INFORMÁTICA;2023;41
Teruel;FALSIFICACIÓN INFORMÁTICA;2022;22
Teruel;FALSIFICACIÓN INFORMÁTICA;2021;37
Teruel;FALSIFICACIÓN INFORMÁTICA;2020;6
Teruel;FALSIFICACIÓN INFORMÁTICA;2019;2
Teruel;FALSIFICACIÓN INFORMÁTICA;2018;11
Teruel;FALSIFICACIÓN INFORMÁTICA;2017;9
Teruel;FALSIFICACIÓN INFORMÁTICA;2016;5
Teruel;FALSIFICACIÓN INFORMÁTICA;2015;16
Teruel;FALSIFICACIÓN INFORMÁTICA;2014;7
Teruel;FALSIFICACIÓN INFORMÁTICA;2013;3
Teruel;FALSIFICACIÓN INFORMÁTICA;2012;4
Teruel;FALSIFICACIÓN INFORMÁTICA;2011;4
Teruel;FRAUDE INFORMÁTICO;2024;1.129
Teruel;FRAUDE INFORMÁTICO;2023;1.154
Teruel;FRAUDE INFORMÁTICO;2022;775
Teruel;FRAUDE INFORMÁTICO;2021;639
Teruel;FRAUDE INFORMÁTICO;2020;469
Teruel;FRAUDE INFORMÁTICO;2019;261
Teruel;FRAUDE INFORMÁTICO;2018;216
Teruel;FRAUDE INFORMÁTICO;2017;132
Teruel;FRAUDE INFORMÁTICO;2016;120
Teruel;FRAUDE INFORMÁTICO;2015;134
Teruel;FRAUDE INFORMÁTICO;2014;106
Teruel;FRAUDE INFORMÁTICO;2013;70
Teruel;FRAUDE INFORMÁTICO;2012;62
Teruel;FRAUDE INFORMÁTICO;2011;43
Teruel;INTERFERENCIA EN LOS DATOS Y EN EL SISTEMA;2024;6
Teruel;INTERFERENCIA EN LOS DATOS Y EN EL SISTEMA;2023;6
Teruel;INTERFERENCIA EN LOS DATOS Y EN EL SISTEMA;2022;2
Teruel;INTERFERENCIA EN LOS DATOS Y EN EL SISTEMA;2021;7
Teruel;INTERFERENCIA EN LOS DATOS Y EN EL SISTEMA;2020;3
Teruel;INTERFERENCIA EN LOS DATOS Y EN EL SISTEMA;2019;4
Teruel;INTERFERENCIA EN LOS DATOS Y EN EL SISTEMA;2018;0
Teruel;INTERFERENCIA EN LOS DATOS Y EN EL SISTEMA;2017;1
Teruel;INTERFERENCIA EN LOS DATOS Y EN EL SISTEMA;2016;3
Teruel;INTERFERENCIA EN LOS DATOS Y EN EL SISTEMA;2015;2
Teruel;INTERFERENCIA EN LOS DATOS Y EN EL SISTEMA;2014;0
Teruel;INTERFERENCIA EN LOS DATOS Y EN EL SISTEMA;2013;2
Teruel;INTERFERENCIA EN LOS DATOS Y EN EL SISTEMA;2012;1
Teruel;INTERFERENCIA EN LOS DATOS Y EN EL SISTEMA;2011;2
Teruel;TOTAL grupo penal;2024;1.295
Teruel;TOTAL grupo penal;2023;1.289
Teruel;TOTAL grupo penal;2022;854
Teruel;TOTAL grupo penal;2021;750
Teruel;TOTAL grupo penal;2020;529
Teruel;TOTAL grupo penal;2019;296
Teruel;TOTAL grupo penal;2018;290
Teruel;TOTAL grupo penal;2017;178
Teruel;TOTAL grupo penal;2016;173
Teruel;TOTAL grupo penal;2015;193
Teruel;TOTAL grupo penal;2014;150
Teruel;TOTAL grupo penal;2013;104
Teruel;TOTAL grupo penal;2012;93
Teruel;TOTAL grupo penal;2011;89
Toledo;ACCESO  E INTERCEPTACIÓN ILÍCITA;2024;123
Toledo;ACCESO  E INTERCEPTACIÓN ILÍCITA;2023;48
Toledo;ACCESO  E INTERCEPTACIÓN ILÍCITA;2022;36
Toledo;ACCESO  E INTERCEPTACIÓN ILÍCITA;2021;29
Toledo;ACCESO  E INTERCEPTACIÓN ILÍCITA;2020;56
Toledo;ACCESO  E INTERCEPTACIÓN ILÍCITA;2019;41
Toledo;ACCESO  E INTERCEPTACIÓN ILÍCITA;2018;33
Toledo;ACCESO  E INTERCEPTACIÓN ILÍCITA;2017;27
Toledo;ACCESO  E INTERCEPTACIÓN ILÍCITA;2016;21
Toledo;ACCESO  E INTERCEPTACIÓN ILÍCITA;2015;30
Toledo;ACCESO  E INTERCEPTACIÓN ILÍCITA;2014;29
Toledo;ACCESO  E INTERCEPTACIÓN ILÍCITA;2013;27
Toledo;ACCESO  E INTERCEPTACIÓN ILÍCITA;2012;18
Toledo;ACCESO  E INTERCEPTACIÓN ILÍCITA;2011;18
Toledo;AMENAZAS Y COACCIONES;2024;333
Toledo;AMENAZAS Y COACCIONES;2023;406
Toledo;AMENAZAS Y COACCIONES;2022;430
Toledo;AMENAZAS Y COACCIONES;2021;418
Toledo;AMENAZAS Y COACCIONES;2020;409
Toledo;AMENAZAS Y COACCIONES;2019;273
Toledo;AMENAZAS Y COACCIONES;2018;298
Toledo;AMENAZAS Y COACCIONES;2017;263
Toledo;AMENAZAS Y COACCIONES;2016;252
Toledo;AMENAZAS Y COACCIONES;2015;248
Toledo;AMENAZAS Y COACCIONES;2014;276
Toledo;AMENAZAS Y COACCIONES;2013;250
Toledo;AMENAZAS Y COACCIONES;2012;241
Toledo;AMENAZAS Y COACCIONES;2011;287
Toledo;CONTRA EL HONOR;2024;27
Toledo;CONTRA EL HONOR;2023;39
Toledo;CONTRA EL HONOR;2022;20
Toledo;CONTRA EL HONOR;2021;31
Toledo;CONTRA EL HONOR;2020;46
Toledo;CONTRA EL HONOR;2019;40
Toledo;CONTRA EL HONOR;2018;34
Toledo;CONTRA EL HONOR;2017;35
Toledo;CONTRA EL HONOR;2016;44
Toledo;CONTRA EL HONOR;2015;53
Toledo;CONTRA EL HONOR;2014;62
Toledo;CONTRA EL HONOR;2013;66
Toledo;CONTRA EL HONOR;2012;69
Toledo;CONTRA EL HONOR;2011;63
Toledo;CONTRA LA PROPIEDAD INDUSTRIAL/INTELECTUAL;2024;2
Toledo;CONTRA LA PROPIEDAD INDUSTRIAL/INTELECTUAL;2023;0
Toledo;CONTRA LA PROPIEDAD INDUSTRIAL/INTELECTUAL;2022;0
Toledo;CONTRA LA PROPIEDAD INDUSTRIAL/INTELECTUAL;2021;0
Toledo;CONTRA LA PROPIEDAD INDUSTRIAL/INTELECTUAL;2020;0
Toledo;CONTRA LA PROPIEDAD INDUSTRIAL/INTELECTUAL;2019;1
Toledo;CONTRA LA PROPIEDAD INDUSTRIAL/INTELECTUAL;2018;3
Toledo;CONTRA LA PROPIEDAD INDUSTRIAL/INTELECTUAL;2017;1
Toledo;CONTRA LA PROPIEDAD INDUSTRIAL/INTELECTUAL;2016;2
Toledo;CONTRA LA PROPIEDAD INDUSTRIAL/INTELECTUAL;2015;3
Toledo;CONTRA LA PROPIEDAD INDUSTRIAL/INTELECTUAL;2014;1
Toledo;CONTRA LA PROPIEDAD INDUSTRIAL/INTELECTUAL;2013;1
Toledo;CONTRA LA PROPIEDAD INDUSTRIAL/INTELECTUAL;2012;3
Toledo;CONTRA LA PROPIEDAD INDUSTRIAL/INTELECTUAL;2011;2
Toledo;DELITOS SEXUALES;2024;25
Toledo;DELITOS SEXUALES;2023;20
Toledo;DELITOS SEXUALES;2022;31
Toledo;DELITOS SEXUALES;2021;19
Toledo;DELITOS SEXUALES;2020;17
Toledo;DELITOS SEXUALES;2019;27
Toledo;DELITOS SEXUALES;2018;31
Toledo;DELITOS SEXUALES;2017;22
Toledo;DELITOS SEXUALES;2016;10
Toledo;DELITOS SEXUALES;2015;17
Toledo;DELITOS SEXUALES;2014;10
Toledo;DELITOS SEXUALES;2013;6
Toledo;DELITOS SEXUALES;2012;3
Toledo;DELITOS SEXUALES;2011;14
Toledo;FALSIFICACIÓN INFORMÁTICA;2024;387
Toledo;FALSIFICACIÓN INFORMÁTICA;2023;378
Toledo;FALSIFICACIÓN INFORMÁTICA;2022;390
Toledo;FALSIFICACIÓN INFORMÁTICA;2021;301
Toledo;FALSIFICACIÓN INFORMÁTICA;2020;205
Toledo;FALSIFICACIÓN INFORMÁTICA;2019;129
Toledo;FALSIFICACIÓN INFORMÁTICA;2018;150
Toledo;FALSIFICACIÓN INFORMÁTICA;2017;112
Toledo;FALSIFICACIÓN INFORMÁTICA;2016;78
Toledo;FALSIFICACIÓN INFORMÁTICA;2015;55
Toledo;FALSIFICACIÓN INFORMÁTICA;2014;60
Toledo;FALSIFICACIÓN INFORMÁTICA;2013;46
Toledo;FALSIFICACIÓN INFORMÁTICA;2012;44
Toledo;FALSIFICACIÓN INFORMÁTICA;2011;28
Toledo;FRAUDE INFORMÁTICO;2024;5.848
Toledo;FRAUDE INFORMÁTICO;2023;6.284
Toledo;FRAUDE INFORMÁTICO;2022;4.800
Toledo;FRAUDE INFORMÁTICO;2021;3.766
Toledo;FRAUDE INFORMÁTICO;2020;2.976
Toledo;FRAUDE INFORMÁTICO;2019;2.192
Toledo;FRAUDE INFORMÁTICO;2018;1.794
Toledo;FRAUDE INFORMÁTICO;2017;1.192
Toledo;FRAUDE INFORMÁTICO;2016;929
Toledo;FRAUDE INFORMÁTICO;2015;857
Toledo;FRAUDE INFORMÁTICO;2014;600
Toledo;FRAUDE INFORMÁTICO;2013;542
Toledo;FRAUDE INFORMÁTICO;2012;454
Toledo;FRAUDE INFORMÁTICO;2011;344
Toledo;INTERFERENCIA EN LOS DATOS Y EN EL SISTEMA;2024;18
Toledo;INTERFERENCIA EN LOS DATOS Y EN EL SISTEMA;2023;17
Toledo;INTERFERENCIA EN LOS DATOS Y EN EL SISTEMA;2022;10
Toledo;INTERFERENCIA EN LOS DATOS Y EN EL SISTEMA;2021;8
Toledo;INTERFERENCIA EN LOS DATOS Y EN EL SISTEMA;2020;12
Toledo;INTERFERENCIA EN LOS DATOS Y EN EL SISTEMA;2019;5
Toledo;INTERFERENCIA EN LOS DATOS Y EN EL SISTEMA;2018;9
Toledo;INTERFERENCIA EN LOS DATOS Y EN EL SISTEMA;2017;12
Toledo;INTERFERENCIA EN LOS DATOS Y EN EL SISTEMA;2016;19
Toledo;INTERFERENCIA EN LOS DATOS Y EN EL SISTEMA;2015;11
Toledo;INTERFERENCIA EN LOS DATOS Y EN EL SISTEMA;2014;5
Toledo;INTERFERENCIA EN LOS DATOS Y EN EL SISTEMA;2013;4
Toledo;INTERFERENCIA EN LOS DATOS Y EN EL SISTEMA;2012;3
Toledo;INTERFERENCIA EN LOS DATOS Y EN EL SISTEMA;2011;3
Toledo;TOTAL grupo penal;2024;6.763
Toledo;TOTAL grupo penal;2023;7.192
Toledo;TOTAL grupo penal;2022;5.717
Toledo;TOTAL grupo penal;2021;4.572
Toledo;TOTAL grupo penal;2020;3.721
Toledo;TOTAL grupo penal;2019;2.708
Toledo;TOTAL grupo penal;2018;2.352
Toledo;TOTAL grupo penal;2017;1.664
Toledo;TOTAL grupo penal;2016;1.355
Toledo;TOTAL grupo penal;2015;1.274
Toledo;TOTAL grupo penal;2014;1.043
Toledo;TOTAL grupo penal;2013;942
Toledo;TOTAL grupo penal;2012;835
Toledo;TOTAL grupo penal;2011;759
Valencia/València;ACCESO  E INTERCEPTACIÓN ILÍCITA;2024;485
Valencia/València;ACCESO  E INTERCEPTACIÓN ILÍCITA;2023;401
Valencia/València;ACCESO  E INTERCEPTACIÓN ILÍCITA;2022;277
Valencia/València;ACCESO  E INTERCEPTACIÓN ILÍCITA;2021;251
Valencia/València;ACCESO  E INTERCEPTACIÓN ILÍCITA;2020;226
Valencia/València;ACCESO  E INTERCEPTACIÓN ILÍCITA;2019;162
Valencia/València;ACCESO  E INTERCEPTACIÓN ILÍCITA;2018;136
Valencia/València;ACCESO  E INTERCEPTACIÓN ILÍCITA;2017;159
Valencia/València;ACCESO  E INTERCEPTACIÓN ILÍCITA;2016;172
Valencia/València;ACCESO  E INTERCEPTACIÓN ILÍCITA;2015;106
Valencia/València;ACCESO  E INTERCEPTACIÓN ILÍCITA;2014;94
Valencia/València;ACCESO  E INTERCEPTACIÓN ILÍCITA;2013;84
Valencia/València;ACCESO  E INTERCEPTACIÓN ILÍCITA;2012;91
Valencia/València;ACCESO  E INTERCEPTACIÓN ILÍCITA;2011;63
Valencia/València;AMENAZAS Y COACCIONES;2024;929
Valencia/València;AMENAZAS Y COACCIONES;2023;1.030
Valencia/València;AMENAZAS Y COACCIONES;2022;1.053
Valencia/València;AMENAZAS Y COACCIONES;2021;1.171
Valencia/València;AMENAZAS Y COACCIONES;2020;965
Valencia/València;AMENAZAS Y COACCIONES;2019;839
Valencia/València;AMENAZAS Y COACCIONES;2018;803
Valencia/València;AMENAZAS Y COACCIONES;2017;743
Valencia/València;AMENAZAS Y COACCIONES;2016;733
Valencia/València;AMENAZAS Y COACCIONES;2015;615
Valencia/València;AMENAZAS Y COACCIONES;2014;635
Valencia/València;AMENAZAS Y COACCIONES;2013;574
Valencia/València;AMENAZAS Y COACCIONES;2012;563
Valencia/València;AMENAZAS Y COACCIONES;2011;596
Valencia/València;CONTRA EL HONOR;2024;60
Valencia/València;CONTRA EL HONOR;2023;73
Valencia/València;CONTRA EL HONOR;2022;84
Valencia/València;CONTRA EL HONOR;2021;125
Valencia/València;CONTRA EL HONOR;2020;135
Valencia/València;CONTRA EL HONOR;2019;134
Valencia/València;CONTRA EL HONOR;2018;106
Valencia/València;CONTRA EL HONOR;2017;124
Valencia/València;CONTRA EL HONOR;2016;105
Valencia/València;CONTRA EL HONOR;2015;154
Valencia/València;CONTRA EL HONOR;2014;164
Valencia/València;CONTRA EL HONOR;2013;168
Valencia/València;CONTRA EL HONOR;2012;146
Valencia/València;CONTRA EL HONOR;2011;115
Valencia/València;CONTRA LA PROPIEDAD INDUSTRIAL/INTELECTUAL;2024;20
Valencia/València;CONTRA LA PROPIEDAD INDUSTRIAL/INTELECTUAL;2023;7
Valencia/València;CONTRA LA PROPIEDAD INDUSTRIAL/INTELECTUAL;2022;4
Valencia/València;CONTRA LA PROPIEDAD INDUSTRIAL/INTELECTUAL;2021;7
Valencia/València;CONTRA LA PROPIEDAD INDUSTRIAL/INTELECTUAL;2020;9
Valencia/València;CONTRA LA PROPIEDAD INDUSTRIAL/INTELECTUAL;2019;10
Valencia/València;CONTRA LA PROPIEDAD INDUSTRIAL/INTELECTUAL;2018;30
Valencia/València;CONTRA LA PROPIEDAD INDUSTRIAL/INTELECTUAL;2017;11
Valencia/València;CONTRA LA PROPIEDAD INDUSTRIAL/INTELECTUAL;2016;5
Valencia/València;CONTRA LA PROPIEDAD INDUSTRIAL/INTELECTUAL;2015;11
Valencia/València;CONTRA LA PROPIEDAD INDUSTRIAL/INTELECTUAL;2014;11
Valencia/València;CONTRA LA PROPIEDAD INDUSTRIAL/INTELECTUAL;2013;13
Valencia/València;CONTRA LA PROPIEDAD INDUSTRIAL/INTELECTUAL;2012;16
Valencia/València;CONTRA LA PROPIEDAD INDUSTRIAL/INTELECTUAL;2011;12
Valencia/València;DELITOS SEXUALES;2024;102
Valencia/València;DELITOS SEXUALES;2023;81
Valencia/València;DELITOS SEXUALES;2022;72
Valencia/València;DELITOS SEXUALES;2021;106
Valencia/València;DELITOS SEXUALES;2020;92
Valencia/València;DELITOS SEXUALES;2019;132
Valencia/València;DELITOS SEXUALES;2018;70
Valencia/València;DELITOS SEXUALES;2017;101
Valencia/València;DELITOS SEXUALES;2016;99
Valencia/València;DELITOS SEXUALES;2015;133
Valencia/València;DELITOS SEXUALES;2014;68
Valencia/València;DELITOS SEXUALES;2013;67
Valencia/València;DELITOS SEXUALES;2012;55
Valencia/València;DELITOS SEXUALES;2011;71
Valencia/València;FALSIFICACIÓN INFORMÁTICA;2024;1.229
Valencia/València;FALSIFICACIÓN INFORMÁTICA;2023;1.482
Valencia/València;FALSIFICACIÓN INFORMÁTICA;2022;1.105
Valencia/València;FALSIFICACIÓN INFORMÁTICA;2021;1.000
Valencia/València;FALSIFICACIÓN INFORMÁTICA;2020;490
Valencia/València;FALSIFICACIÓN INFORMÁTICA;2019;402
Valencia/València;FALSIFICACIÓN INFORMÁTICA;2018;283
Valencia/València;FALSIFICACIÓN INFORMÁTICA;2017;258
Valencia/València;FALSIFICACIÓN INFORMÁTICA;2016;286
Valencia/València;FALSIFICACIÓN INFORMÁTICA;2015;198
Valencia/València;FALSIFICACIÓN INFORMÁTICA;2014;142
Valencia/València;FALSIFICACIÓN INFORMÁTICA;2013;126
Valencia/València;FALSIFICACIÓN INFORMÁTICA;2012;131
Valencia/València;FALSIFICACIÓN INFORMÁTICA;2011;164
Valencia/València;FRAUDE INFORMÁTICO;2024;21.457
Valencia/València;FRAUDE INFORMÁTICO;2023;21.967
Valencia/València;FRAUDE INFORMÁTICO;2022;15.623
Valencia/València;FRAUDE INFORMÁTICO;2021;13.846
Valencia/València;FRAUDE INFORMÁTICO;2020;12.486
Valencia/València;FRAUDE INFORMÁTICO;2019;9.288
Valencia/València;FRAUDE INFORMÁTICO;2018;6.485
Valencia/València;FRAUDE INFORMÁTICO;2017;4.596
Valencia/València;FRAUDE INFORMÁTICO;2016;3.440
Valencia/València;FRAUDE INFORMÁTICO;2015;2.688
Valencia/València;FRAUDE INFORMÁTICO;2014;1.952
Valencia/València;FRAUDE INFORMÁTICO;2013;1.696
Valencia/València;FRAUDE INFORMÁTICO;2012;1.615
Valencia/València;FRAUDE INFORMÁTICO;2011;1.165
Valencia/València;INTERFERENCIA EN LOS DATOS Y EN EL SISTEMA;2024;179
Valencia/València;INTERFERENCIA EN LOS DATOS Y EN EL SISTEMA;2023;151
Valencia/València;INTERFERENCIA EN LOS DATOS Y EN EL SISTEMA;2022;136
Valencia/València;INTERFERENCIA EN LOS DATOS Y EN EL SISTEMA;2021;173
Valencia/València;INTERFERENCIA EN LOS DATOS Y EN EL SISTEMA;2020;122
Valencia/València;INTERFERENCIA EN LOS DATOS Y EN EL SISTEMA;2019;105
Valencia/València;INTERFERENCIA EN LOS DATOS Y EN EL SISTEMA;2018;80
Valencia/València;INTERFERENCIA EN LOS DATOS Y EN EL SISTEMA;2017;88
Valencia/València;INTERFERENCIA EN LOS DATOS Y EN EL SISTEMA;2016;93
Valencia/València;INTERFERENCIA EN LOS DATOS Y EN EL SISTEMA;2015;112
Valencia/València;INTERFERENCIA EN LOS DATOS Y EN EL SISTEMA;2014;46
Valencia/València;INTERFERENCIA EN LOS DATOS Y EN EL SISTEMA;2013;18
Valencia/València;INTERFERENCIA EN LOS DATOS Y EN EL SISTEMA;2012;26
Valencia/València;INTERFERENCIA EN LOS DATOS Y EN EL SISTEMA;2011;22
Valencia/València;TOTAL grupo penal;2024;24.461
Valencia/València;TOTAL grupo penal;2023;25.192
Valencia/València;TOTAL grupo penal;2022;18.354
Valencia/València;TOTAL grupo penal;2021;16.679
Valencia/València;TOTAL grupo penal;2020;14.525
Valencia/València;TOTAL grupo penal;2019;11.072
Valencia/València;TOTAL grupo penal;2018;7.993
Valencia/València;TOTAL grupo penal;2017;6.080
Valencia/València;TOTAL grupo penal;2016;4.933
Valencia/València;TOTAL grupo penal;2015;4.017
Valencia/València;TOTAL grupo penal;2014;3.112
Valencia/València;TOTAL grupo penal;2013;2.746
Valencia/València;TOTAL grupo penal;2012;2.643
Valencia/València;TOTAL grupo penal;2011;2.208
Valladolid;ACCESO  E INTERCEPTACIÓN ILÍCITA;2024;142
Valladolid;ACCESO  E INTERCEPTACIÓN ILÍCITA;2023;91
Valladolid;ACCESO  E INTERCEPTACIÓN ILÍCITA;2022;119
Valladolid;ACCESO  E INTERCEPTACIÓN ILÍCITA;2021;105
Valladolid;ACCESO  E INTERCEPTACIÓN ILÍCITA;2020;50
Valladolid;ACCESO  E INTERCEPTACIÓN ILÍCITA;2019;31
Valladolid;ACCESO  E INTERCEPTACIÓN ILÍCITA;2018;46
Valladolid;ACCESO  E INTERCEPTACIÓN ILÍCITA;2017;34
Valladolid;ACCESO  E INTERCEPTACIÓN ILÍCITA;2016;42
Valladolid;ACCESO  E INTERCEPTACIÓN ILÍCITA;2015;35
Valladolid;ACCESO  E INTERCEPTACIÓN ILÍCITA;2014;21
Valladolid;ACCESO  E INTERCEPTACIÓN ILÍCITA;2013;23
Valladolid;ACCESO  E INTERCEPTACIÓN ILÍCITA;2012;20
Valladolid;ACCESO  E INTERCEPTACIÓN ILÍCITA;2011;30
Valladolid;AMENAZAS Y COACCIONES;2024;226
Valladolid;AMENAZAS Y COACCIONES;2023;224
Valladolid;AMENAZAS Y COACCIONES;2022;180
Valladolid;AMENAZAS Y COACCIONES;2021;191
Valladolid;AMENAZAS Y COACCIONES;2020;144
Valladolid;AMENAZAS Y COACCIONES;2019;138
Valladolid;AMENAZAS Y COACCIONES;2018;143
Valladolid;AMENAZAS Y COACCIONES;2017;138
Valladolid;AMENAZAS Y COACCIONES;2016;152
Valladolid;AMENAZAS Y COACCIONES;2015;115
Valladolid;AMENAZAS Y COACCIONES;2014;134
Valladolid;AMENAZAS Y COACCIONES;2013;115
Valladolid;AMENAZAS Y COACCIONES;2012;125
Valladolid;AMENAZAS Y COACCIONES;2011;152
Valladolid;CONTRA EL HONOR;2024;14
Valladolid;CONTRA EL HONOR;2023;16
Valladolid;CONTRA EL HONOR;2022;12
Valladolid;CONTRA EL HONOR;2021;23
Valladolid;CONTRA EL HONOR;2020;17
Valladolid;CONTRA EL HONOR;2019;19
Valladolid;CONTRA EL HONOR;2018;12
Valladolid;CONTRA EL HONOR;2017;17
Valladolid;CONTRA EL HONOR;2016;19
Valladolid;CONTRA EL HONOR;2015;30
Valladolid;CONTRA EL HONOR;2014;32
Valladolid;CONTRA EL HONOR;2013;35
Valladolid;CONTRA EL HONOR;2012;19
Valladolid;CONTRA EL HONOR;2011;22
Valladolid;CONTRA LA PROPIEDAD INDUSTRIAL/INTELECTUAL;2024;1
Valladolid;CONTRA LA PROPIEDAD INDUSTRIAL/INTELECTUAL;2023;3
Valladolid;CONTRA LA PROPIEDAD INDUSTRIAL/INTELECTUAL;2022;1
Valladolid;CONTRA LA PROPIEDAD INDUSTRIAL/INTELECTUAL;2021;1
Valladolid;CONTRA LA PROPIEDAD INDUSTRIAL/INTELECTUAL;2020;1
Valladolid;CONTRA LA PROPIEDAD INDUSTRIAL/INTELECTUAL;2019;1
Valladolid;CONTRA LA PROPIEDAD INDUSTRIAL/INTELECTUAL;2018;9
Valladolid;CONTRA LA PROPIEDAD INDUSTRIAL/INTELECTUAL;2017;0
Valladolid;CONTRA LA PROPIEDAD INDUSTRIAL/INTELECTUAL;2016;1
Valladolid;CONTRA LA PROPIEDAD INDUSTRIAL/INTELECTUAL;2015;3
Valladolid;CONTRA LA PROPIEDAD INDUSTRIAL/INTELECTUAL;2014;1
Valladolid;CONTRA LA PROPIEDAD INDUSTRIAL/INTELECTUAL;2013;1
Valladolid;CONTRA LA PROPIEDAD INDUSTRIAL/INTELECTUAL;2012;5
Valladolid;CONTRA LA PROPIEDAD INDUSTRIAL/INTELECTUAL;2011;3
Valladolid;DELITOS SEXUALES;2024;13
Valladolid;DELITOS SEXUALES;2023;17
Valladolid;DELITOS SEXUALES;2022;23
Valladolid;DELITOS SEXUALES;2021;17
Valladolid;DELITOS SEXUALES;2020;17
Valladolid;DELITOS SEXUALES;2019;11
Valladolid;DELITOS SEXUALES;2018;7
Valladolid;DELITOS SEXUALES;2017;9
Valladolid;DELITOS SEXUALES;2016;17
Valladolid;DELITOS SEXUALES;2015;7
Valladolid;DELITOS SEXUALES;2014;3
Valladolid;DELITOS SEXUALES;2013;7
Valladolid;DELITOS SEXUALES;2012;7
Valladolid;DELITOS SEXUALES;2011;6
Valladolid;FALSIFICACIÓN INFORMÁTICA;2024;271
Valladolid;FALSIFICACIÓN INFORMÁTICA;2023;239
Valladolid;FALSIFICACIÓN INFORMÁTICA;2022;126
Valladolid;FALSIFICACIÓN INFORMÁTICA;2021;106
Valladolid;FALSIFICACIÓN INFORMÁTICA;2020;68
Valladolid;FALSIFICACIÓN INFORMÁTICA;2019;42
Valladolid;FALSIFICACIÓN INFORMÁTICA;2018;36
Valladolid;FALSIFICACIÓN INFORMÁTICA;2017;32
Valladolid;FALSIFICACIÓN INFORMÁTICA;2016;22
Valladolid;FALSIFICACIÓN INFORMÁTICA;2015;18
Valladolid;FALSIFICACIÓN INFORMÁTICA;2014;11
Valladolid;FALSIFICACIÓN INFORMÁTICA;2013;11
Valladolid;FALSIFICACIÓN INFORMÁTICA;2012;3
Valladolid;FALSIFICACIÓN INFORMÁTICA;2011;6
Valladolid;FRAUDE INFORMÁTICO;2024;5.339
Valladolid;FRAUDE INFORMÁTICO;2023;5.393
Valladolid;FRAUDE INFORMÁTICO;2022;4.775
Valladolid;FRAUDE INFORMÁTICO;2021;3.872
Valladolid;FRAUDE INFORMÁTICO;2020;3.641
Valladolid;FRAUDE INFORMÁTICO;2019;2.029
Valladolid;FRAUDE INFORMÁTICO;2018;913
Valladolid;FRAUDE INFORMÁTICO;2017;730
Valladolid;FRAUDE INFORMÁTICO;2016;584
Valladolid;FRAUDE INFORMÁTICO;2015;420
Valladolid;FRAUDE INFORMÁTICO;2014;500
Valladolid;FRAUDE INFORMÁTICO;2013;381
Valladolid;FRAUDE INFORMÁTICO;2012;347
Valladolid;FRAUDE INFORMÁTICO;2011;254
Valladolid;INTERFERENCIA EN LOS DATOS Y EN EL SISTEMA;2024;67
Valladolid;INTERFERENCIA EN LOS DATOS Y EN EL SISTEMA;2023;76
Valladolid;INTERFERENCIA EN LOS DATOS Y EN EL SISTEMA;2022;48
Valladolid;INTERFERENCIA EN LOS DATOS Y EN EL SISTEMA;2021;38
Valladolid;INTERFERENCIA EN LOS DATOS Y EN EL SISTEMA;2020;33
Valladolid;INTERFERENCIA EN LOS DATOS Y EN EL SISTEMA;2019;31
Valladolid;INTERFERENCIA EN LOS DATOS Y EN EL SISTEMA;2018;35
Valladolid;INTERFERENCIA EN LOS DATOS Y EN EL SISTEMA;2017;16
Valladolid;INTERFERENCIA EN LOS DATOS Y EN EL SISTEMA;2016;31
Valladolid;INTERFERENCIA EN LOS DATOS Y EN EL SISTEMA;2015;22
Valladolid;INTERFERENCIA EN LOS DATOS Y EN EL SISTEMA;2014;10
Valladolid;INTERFERENCIA EN LOS DATOS Y EN EL SISTEMA;2013;3
Valladolid;INTERFERENCIA EN LOS DATOS Y EN EL SISTEMA;2012;4
Valladolid;INTERFERENCIA EN LOS DATOS Y EN EL SISTEMA;2011;6
Valladolid;TOTAL grupo penal;2024;6.073
Valladolid;TOTAL grupo penal;2023;6.059
Valladolid;TOTAL grupo penal;2022;5.284
Valladolid;TOTAL grupo penal;2021;4.353
Valladolid;TOTAL grupo penal;2020;3.971
Valladolid;TOTAL grupo penal;2019;2.302
Valladolid;TOTAL grupo penal;2018;1.201
Valladolid;TOTAL grupo penal;2017;976
Valladolid;TOTAL grupo penal;2016;868
Valladolid;TOTAL grupo penal;2015;650
Valladolid;TOTAL grupo penal;2014;712
Valladolid;TOTAL grupo penal;2013;576
Valladolid;TOTAL grupo penal;2012;530
Valladolid;TOTAL grupo penal;2011;479
Bizkaia;ACCESO  E INTERCEPTACIÓN ILÍCITA;2024;162
Bizkaia;ACCESO  E INTERCEPTACIÓN ILÍCITA;2023;153
Bizkaia;ACCESO  E INTERCEPTACIÓN ILÍCITA;2022;138
Bizkaia;ACCESO  E INTERCEPTACIÓN ILÍCITA;2021;182
Bizkaia;ACCESO  E INTERCEPTACIÓN ILÍCITA;2020;173
Bizkaia;ACCESO  E INTERCEPTACIÓN ILÍCITA;2019;147
Bizkaia;ACCESO  E INTERCEPTACIÓN ILÍCITA;2018;120
Bizkaia;ACCESO  E INTERCEPTACIÓN ILÍCITA;2017;90
Bizkaia;ACCESO  E INTERCEPTACIÓN ILÍCITA;2016;111
Bizkaia;ACCESO  E INTERCEPTACIÓN ILÍCITA;2015;77
Bizkaia;ACCESO  E INTERCEPTACIÓN ILÍCITA;2014;1
Bizkaia;ACCESO  E INTERCEPTACIÓN ILÍCITA;2013;3
Bizkaia;ACCESO  E INTERCEPTACIÓN ILÍCITA;2012;9
Bizkaia;ACCESO  E INTERCEPTACIÓN ILÍCITA;2011;1
Bizkaia;AMENAZAS Y COACCIONES;2024;646
Bizkaia;AMENAZAS Y COACCIONES;2023;648
Bizkaia;AMENAZAS Y COACCIONES;2022;447
Bizkaia;AMENAZAS Y COACCIONES;2021;350
Bizkaia;AMENAZAS Y COACCIONES;2020;214
Bizkaia;AMENAZAS Y COACCIONES;2019;184
Bizkaia;AMENAZAS Y COACCIONES;2018;210
Bizkaia;AMENAZAS Y COACCIONES;2017;142
Bizkaia;AMENAZAS Y COACCIONES;2016;144
Bizkaia;AMENAZAS Y COACCIONES;2015;128
Bizkaia;AMENAZAS Y COACCIONES;2014;9
Bizkaia;AMENAZAS Y COACCIONES;2013;9
Bizkaia;AMENAZAS Y COACCIONES;2012;7
Bizkaia;AMENAZAS Y COACCIONES;2011;6
Bizkaia;CONTRA EL HONOR;2024;4
Bizkaia;CONTRA EL HONOR;2023;1
Bizkaia;CONTRA EL HONOR;2022;3
Bizkaia;CONTRA EL HONOR;2021;1
Bizkaia;CONTRA EL HONOR;2020;1
Bizkaia;CONTRA EL HONOR;2019;1
Bizkaia;CONTRA EL HONOR;2018;3
Bizkaia;CONTRA EL HONOR;2017;2
Bizkaia;CONTRA EL HONOR;2016;2
Bizkaia;CONTRA EL HONOR;2015;1
Bizkaia;CONTRA EL HONOR;2014;2
Bizkaia;CONTRA EL HONOR;2013;3
Bizkaia;CONTRA EL HONOR;2012;4
Bizkaia;CONTRA EL HONOR;2011;2
Bizkaia;CONTRA LA PROPIEDAD INDUSTRIAL/INTELECTUAL;2024;8
Bizkaia;CONTRA LA PROPIEDAD INDUSTRIAL/INTELECTUAL;2023;4
Bizkaia;CONTRA LA PROPIEDAD INDUSTRIAL/INTELECTUAL;2022;3
Bizkaia;CONTRA LA PROPIEDAD INDUSTRIAL/INTELECTUAL;2021;1
Bizkaia;CONTRA LA PROPIEDAD INDUSTRIAL/INTELECTUAL;2020;5
Bizkaia;CONTRA LA PROPIEDAD INDUSTRIAL/INTELECTUAL;2019;2
Bizkaia;CONTRA LA PROPIEDAD INDUSTRIAL/INTELECTUAL;2018;3
Bizkaia;CONTRA LA PROPIEDAD INDUSTRIAL/INTELECTUAL;2017;2
Bizkaia;CONTRA LA PROPIEDAD INDUSTRIAL/INTELECTUAL;2016;0
Bizkaia;CONTRA LA PROPIEDAD INDUSTRIAL/INTELECTUAL;2015;7
Bizkaia;CONTRA LA PROPIEDAD INDUSTRIAL/INTELECTUAL;2014;2
Bizkaia;CONTRA LA PROPIEDAD INDUSTRIAL/INTELECTUAL;2013;0
Bizkaia;CONTRA LA PROPIEDAD INDUSTRIAL/INTELECTUAL;2012;3
Bizkaia;CONTRA LA PROPIEDAD INDUSTRIAL/INTELECTUAL;2011;2
Bizkaia;DELITOS SEXUALES;2024;35
Bizkaia;DELITOS SEXUALES;2023;34
Bizkaia;DELITOS SEXUALES;2022;37
Bizkaia;DELITOS SEXUALES;2021;36
Bizkaia;DELITOS SEXUALES;2020;73
Bizkaia;DELITOS SEXUALES;2019;46
Bizkaia;DELITOS SEXUALES;2018;49
Bizkaia;DELITOS SEXUALES;2017;46
Bizkaia;DELITOS SEXUALES;2016;30
Bizkaia;DELITOS SEXUALES;2015;32
Bizkaia;DELITOS SEXUALES;2014;4
Bizkaia;DELITOS SEXUALES;2013;6
Bizkaia;DELITOS SEXUALES;2012;11
Bizkaia;DELITOS SEXUALES;2011;10
Bizkaia;FALSIFICACIÓN INFORMÁTICA;2024;573
Bizkaia;FALSIFICACIÓN INFORMÁTICA;2023;578
Bizkaia;FALSIFICACIÓN INFORMÁTICA;2022;521
Bizkaia;FALSIFICACIÓN INFORMÁTICA;2021;418
Bizkaia;FALSIFICACIÓN INFORMÁTICA;2020;248
Bizkaia;FALSIFICACIÓN INFORMÁTICA;2019;168
Bizkaia;FALSIFICACIÓN INFORMÁTICA;2018;173
Bizkaia;FALSIFICACIÓN INFORMÁTICA;2017;157
Bizkaia;FALSIFICACIÓN INFORMÁTICA;2016;160
Bizkaia;FALSIFICACIÓN INFORMÁTICA;2015;146
Bizkaia;FALSIFICACIÓN INFORMÁTICA;2014;6
Bizkaia;FALSIFICACIÓN INFORMÁTICA;2013;11
Bizkaia;FALSIFICACIÓN INFORMÁTICA;2012;10
Bizkaia;FALSIFICACIÓN INFORMÁTICA;2011;6
Bizkaia;FRAUDE INFORMÁTICO;2024;12.056
Bizkaia;FRAUDE INFORMÁTICO;2023;13.061
Bizkaia;FRAUDE INFORMÁTICO;2022;10.103
Bizkaia;FRAUDE INFORMÁTICO;2021;8.345
Bizkaia;FRAUDE INFORMÁTICO;2020;9.251
Bizkaia;FRAUDE INFORMÁTICO;2019;7.580
Bizkaia;FRAUDE INFORMÁTICO;2018;6.520
Bizkaia;FRAUDE INFORMÁTICO;2017;4.397
Bizkaia;FRAUDE INFORMÁTICO;2016;3.628
Bizkaia;FRAUDE INFORMÁTICO;2015;3.256
Bizkaia;FRAUDE INFORMÁTICO;2014;76
Bizkaia;FRAUDE INFORMÁTICO;2013;89
Bizkaia;FRAUDE INFORMÁTICO;2012;111
Bizkaia;FRAUDE INFORMÁTICO;2011;82
Bizkaia;INTERFERENCIA EN LOS DATOS Y EN EL SISTEMA;2024;10
Bizkaia;INTERFERENCIA EN LOS DATOS Y EN EL SISTEMA;2023;11
Bizkaia;INTERFERENCIA EN LOS DATOS Y EN EL SISTEMA;2022;25
Bizkaia;INTERFERENCIA EN LOS DATOS Y EN EL SISTEMA;2021;49
Bizkaia;INTERFERENCIA EN LOS DATOS Y EN EL SISTEMA;2020;20
Bizkaia;INTERFERENCIA EN LOS DATOS Y EN EL SISTEMA;2019;43
Bizkaia;INTERFERENCIA EN LOS DATOS Y EN EL SISTEMA;2018;29
Bizkaia;INTERFERENCIA EN LOS DATOS Y EN EL SISTEMA;2017;33
Bizkaia;INTERFERENCIA EN LOS DATOS Y EN EL SISTEMA;2016;40
Bizkaia;INTERFERENCIA EN LOS DATOS Y EN EL SISTEMA;2015;67
Bizkaia;INTERFERENCIA EN LOS DATOS Y EN EL SISTEMA;2014;0
Bizkaia;INTERFERENCIA EN LOS DATOS Y EN EL SISTEMA;2013;2
Bizkaia;INTERFERENCIA EN LOS DATOS Y EN EL SISTEMA;2012;1
Bizkaia;INTERFERENCIA EN LOS DATOS Y EN EL SISTEMA;2011;1
Bizkaia;TOTAL grupo penal;2024;13.494
Bizkaia;TOTAL grupo penal;2023;14.490
Bizkaia;TOTAL grupo penal;2022;11.277
Bizkaia;TOTAL grupo penal;2021;9.382
Bizkaia;TOTAL grupo penal;2020;9.985
Bizkaia;TOTAL grupo penal;2019;8.171
Bizkaia;TOTAL grupo penal;2018;7.107
Bizkaia;TOTAL grupo penal;2017;4.869
Bizkaia;TOTAL grupo penal;2016;4.115
Bizkaia;TOTAL grupo penal;2015;3.714
Bizkaia;TOTAL grupo penal;2014;100
Bizkaia;TOTAL grupo penal;2013;123
Bizkaia;TOTAL grupo penal;2012;156
Bizkaia;TOTAL grupo penal;2011;110
Zamora;ACCESO  E INTERCEPTACIÓN ILÍCITA;2024;23
Zamora;ACCESO  E INTERCEPTACIÓN ILÍCITA;2023;14
Zamora;ACCESO  E INTERCEPTACIÓN ILÍCITA;2022;22
Zamora;ACCESO  E INTERCEPTACIÓN ILÍCITA;2021;15
Zamora;ACCESO  E INTERCEPTACIÓN ILÍCITA;2020;9
Zamora;ACCESO  E INTERCEPTACIÓN ILÍCITA;2019;8
Zamora;ACCESO  E INTERCEPTACIÓN ILÍCITA;2018;9
Zamora;ACCESO  E INTERCEPTACIÓN ILÍCITA;2017;7
Zamora;ACCESO  E INTERCEPTACIÓN ILÍCITA;2016;4
Zamora;ACCESO  E INTERCEPTACIÓN ILÍCITA;2015;4
Zamora;ACCESO  E INTERCEPTACIÓN ILÍCITA;2014;2
Zamora;ACCESO  E INTERCEPTACIÓN ILÍCITA;2013;2
Zamora;ACCESO  E INTERCEPTACIÓN ILÍCITA;2012;0
Zamora;ACCESO  E INTERCEPTACIÓN ILÍCITA;2011;1
Zamora;AMENAZAS Y COACCIONES;2024;66
Zamora;AMENAZAS Y COACCIONES;2023;67
Zamora;AMENAZAS Y COACCIONES;2022;45
Zamora;AMENAZAS Y COACCIONES;2021;63
Zamora;AMENAZAS Y COACCIONES;2020;54
Zamora;AMENAZAS Y COACCIONES;2019;49
Zamora;AMENAZAS Y COACCIONES;2018;52
Zamora;AMENAZAS Y COACCIONES;2017;40
Zamora;AMENAZAS Y COACCIONES;2016;38
Zamora;AMENAZAS Y COACCIONES;2015;53
Zamora;AMENAZAS Y COACCIONES;2014;40
Zamora;AMENAZAS Y COACCIONES;2013;37
Zamora;AMENAZAS Y COACCIONES;2012;43
Zamora;AMENAZAS Y COACCIONES;2011;36
Zamora;CONTRA EL HONOR;2024;5
Zamora;CONTRA EL HONOR;2023;4
Zamora;CONTRA EL HONOR;2022;4
Zamora;CONTRA EL HONOR;2021;5
Zamora;CONTRA EL HONOR;2020;8
Zamora;CONTRA EL HONOR;2019;5
Zamora;CONTRA EL HONOR;2018;1
Zamora;CONTRA EL HONOR;2017;5
Zamora;CONTRA EL HONOR;2016;5
Zamora;CONTRA EL HONOR;2015;8
Zamora;CONTRA EL HONOR;2014;5
Zamora;CONTRA EL HONOR;2013;2
Zamora;CONTRA EL HONOR;2012;9
Zamora;CONTRA EL HONOR;2011;9
Zamora;CONTRA LA PROPIEDAD INDUSTRIAL/INTELECTUAL;2024;0
Zamora;CONTRA LA PROPIEDAD INDUSTRIAL/INTELECTUAL;2023;0
Zamora;CONTRA LA PROPIEDAD INDUSTRIAL/INTELECTUAL;2022;0
Zamora;CONTRA LA PROPIEDAD INDUSTRIAL/INTELECTUAL;2021;0
Zamora;CONTRA LA PROPIEDAD INDUSTRIAL/INTELECTUAL;2020;2
Zamora;CONTRA LA PROPIEDAD INDUSTRIAL/INTELECTUAL;2019;2
Zamora;CONTRA LA PROPIEDAD INDUSTRIAL/INTELECTUAL;2018;3
Zamora;CONTRA LA PROPIEDAD INDUSTRIAL/INTELECTUAL;2017;0
Zamora;CONTRA LA PROPIEDAD INDUSTRIAL/INTELECTUAL;2016;0
Zamora;CONTRA LA PROPIEDAD INDUSTRIAL/INTELECTUAL;2015;0
Zamora;CONTRA LA PROPIEDAD INDUSTRIAL/INTELECTUAL;2014;0
Zamora;CONTRA LA PROPIEDAD INDUSTRIAL/INTELECTUAL;2013;0
Zamora;CONTRA LA PROPIEDAD INDUSTRIAL/INTELECTUAL;2012;0
Zamora;CONTRA LA PROPIEDAD INDUSTRIAL/INTELECTUAL;2011;0
Zamora;DELITOS SEXUALES;2024;4
Zamora;DELITOS SEXUALES;2023;3
Zamora;DELITOS SEXUALES;2022;9
Zamora;DELITOS SEXUALES;2021;1
Zamora;DELITOS SEXUALES;2020;6
Zamora;DELITOS SEXUALES;2019;10
Zamora;DELITOS SEXUALES;2018;5
Zamora;DELITOS SEXUALES;2017;3
Zamora;DELITOS SEXUALES;2016;3
Zamora;DELITOS SEXUALES;2015;3
Zamora;DELITOS SEXUALES;2014;3
Zamora;DELITOS SEXUALES;2013;0
Zamora;DELITOS SEXUALES;2012;0
Zamora;DELITOS SEXUALES;2011;2
Zamora;FALSIFICACIÓN INFORMÁTICA;2024;57
Zamora;FALSIFICACIÓN INFORMÁTICA;2023;61
Zamora;FALSIFICACIÓN INFORMÁTICA;2022;16
Zamora;FALSIFICACIÓN INFORMÁTICA;2021;45
Zamora;FALSIFICACIÓN INFORMÁTICA;2020;17
Zamora;FALSIFICACIÓN INFORMÁTICA;2019;12
Zamora;FALSIFICACIÓN INFORMÁTICA;2018;16
Zamora;FALSIFICACIÓN INFORMÁTICA;2017;16
Zamora;FALSIFICACIÓN INFORMÁTICA;2016;7
Zamora;FALSIFICACIÓN INFORMÁTICA;2015;9
Zamora;FALSIFICACIÓN INFORMÁTICA;2014;4
Zamora;FALSIFICACIÓN INFORMÁTICA;2013;5
Zamora;FALSIFICACIÓN INFORMÁTICA;2012;2
Zamora;FALSIFICACIÓN INFORMÁTICA;2011;1
Zamora;FRAUDE INFORMÁTICO;2024;1.212
Zamora;FRAUDE INFORMÁTICO;2023;1.262
Zamora;FRAUDE INFORMÁTICO;2022;874
Zamora;FRAUDE INFORMÁTICO;2021;678
Zamora;FRAUDE INFORMÁTICO;2020;702
Zamora;FRAUDE INFORMÁTICO;2019;521
Zamora;FRAUDE INFORMÁTICO;2018;283
Zamora;FRAUDE INFORMÁTICO;2017;188
Zamora;FRAUDE INFORMÁTICO;2016;132
Zamora;FRAUDE INFORMÁTICO;2015;121
Zamora;FRAUDE INFORMÁTICO;2014;91
Zamora;FRAUDE INFORMÁTICO;2013;66
Zamora;FRAUDE INFORMÁTICO;2012;52
Zamora;FRAUDE INFORMÁTICO;2011;33
Zamora;INTERFERENCIA EN LOS DATOS Y EN EL SISTEMA;2024;5
Zamora;INTERFERENCIA EN LOS DATOS Y EN EL SISTEMA;2023;2
Zamora;INTERFERENCIA EN LOS DATOS Y EN EL SISTEMA;2022;8
Zamora;INTERFERENCIA EN LOS DATOS Y EN EL SISTEMA;2021;15
Zamora;INTERFERENCIA EN LOS DATOS Y EN EL SISTEMA;2020;7
Zamora;INTERFERENCIA EN LOS DATOS Y EN EL SISTEMA;2019;5
Zamora;INTERFERENCIA EN LOS DATOS Y EN EL SISTEMA;2018;8
Zamora;INTERFERENCIA EN LOS DATOS Y EN EL SISTEMA;2017;4
Zamora;INTERFERENCIA EN LOS DATOS Y EN EL SISTEMA;2016;7
Zamora;INTERFERENCIA EN LOS DATOS Y EN EL SISTEMA;2015;0
Zamora;INTERFERENCIA EN LOS DATOS Y EN EL SISTEMA;2014;1
Zamora;INTERFERENCIA EN LOS DATOS Y EN EL SISTEMA;2013;1
Zamora;INTERFERENCIA EN LOS DATOS Y EN EL SISTEMA;2012;0
Zamora;INTERFERENCIA EN LOS DATOS Y EN EL SISTEMA;2011;0
Zamora;TOTAL grupo penal;2024;1.372
Zamora;TOTAL grupo penal;2023;1.413
Zamora;TOTAL grupo penal;2022;978
Zamora;TOTAL grupo penal;2021;822
Zamora;TOTAL grupo penal;2020;805
Zamora;TOTAL grupo penal;2019;612
Zamora;TOTAL grupo penal;2018;377
Zamora;TOTAL grupo penal;2017;263
Zamora;TOTAL grupo penal;2016;196
Zamora;TOTAL grupo penal;2015;198
Zamora;TOTAL grupo penal;2014;146
Zamora;TOTAL grupo penal;2013;113
Zamora;TOTAL grupo penal;2012;106
Zamora;TOTAL grupo penal;2011;82
Zaragoza;ACCESO  E INTERCEPTACIÓN ILÍCITA;2024;198
Zaragoza;ACCESO  E INTERCEPTACIÓN ILÍCITA;2023;115
Zaragoza;ACCESO  E INTERCEPTACIÓN ILÍCITA;2022;69
Zaragoza;ACCESO  E INTERCEPTACIÓN ILÍCITA;2021;67
Zaragoza;ACCESO  E INTERCEPTACIÓN ILÍCITA;2020;106
Zaragoza;ACCESO  E INTERCEPTACIÓN ILÍCITA;2019;65
Zaragoza;ACCESO  E INTERCEPTACIÓN ILÍCITA;2018;66
Zaragoza;ACCESO  E INTERCEPTACIÓN ILÍCITA;2017;59
Zaragoza;ACCESO  E INTERCEPTACIÓN ILÍCITA;2016;90
Zaragoza;ACCESO  E INTERCEPTACIÓN ILÍCITA;2015;62
Zaragoza;ACCESO  E INTERCEPTACIÓN ILÍCITA;2014;57
Zaragoza;ACCESO  E INTERCEPTACIÓN ILÍCITA;2013;67
Zaragoza;ACCESO  E INTERCEPTACIÓN ILÍCITA;2012;58
Zaragoza;ACCESO  E INTERCEPTACIÓN ILÍCITA;2011;63
Zaragoza;AMENAZAS Y COACCIONES;2024;381
Zaragoza;AMENAZAS Y COACCIONES;2023;435
Zaragoza;AMENAZAS Y COACCIONES;2022;366
Zaragoza;AMENAZAS Y COACCIONES;2021;451
Zaragoza;AMENAZAS Y COACCIONES;2020;264
Zaragoza;AMENAZAS Y COACCIONES;2019;236
Zaragoza;AMENAZAS Y COACCIONES;2018;232
Zaragoza;AMENAZAS Y COACCIONES;2017;215
Zaragoza;AMENAZAS Y COACCIONES;2016;270
Zaragoza;AMENAZAS Y COACCIONES;2015;203
Zaragoza;AMENAZAS Y COACCIONES;2014;219
Zaragoza;AMENAZAS Y COACCIONES;2013;230
Zaragoza;AMENAZAS Y COACCIONES;2012;177
Zaragoza;AMENAZAS Y COACCIONES;2011;246
Zaragoza;CONTRA EL HONOR;2024;17
Zaragoza;CONTRA EL HONOR;2023;27
Zaragoza;CONTRA EL HONOR;2022;20
Zaragoza;CONTRA EL HONOR;2021;35
Zaragoza;CONTRA EL HONOR;2020;44
Zaragoza;CONTRA EL HONOR;2019;17
Zaragoza;CONTRA EL HONOR;2018;26
Zaragoza;CONTRA EL HONOR;2017;34
Zaragoza;CONTRA EL HONOR;2016;40
Zaragoza;CONTRA EL HONOR;2015;63
Zaragoza;CONTRA EL HONOR;2014;65
Zaragoza;CONTRA EL HONOR;2013;73
Zaragoza;CONTRA EL HONOR;2012;68
Zaragoza;CONTRA EL HONOR;2011;65
Zaragoza;CONTRA LA PROPIEDAD INDUSTRIAL/INTELECTUAL;2024;8
Zaragoza;CONTRA LA PROPIEDAD INDUSTRIAL/INTELECTUAL;2023;2
Zaragoza;CONTRA LA PROPIEDAD INDUSTRIAL/INTELECTUAL;2022;1
Zaragoza;CONTRA LA PROPIEDAD INDUSTRIAL/INTELECTUAL;2021;5
Zaragoza;CONTRA LA PROPIEDAD INDUSTRIAL/INTELECTUAL;2020;1
Zaragoza;CONTRA LA PROPIEDAD INDUSTRIAL/INTELECTUAL;2019;3
Zaragoza;CONTRA LA PROPIEDAD INDUSTRIAL/INTELECTUAL;2018;0
Zaragoza;CONTRA LA PROPIEDAD INDUSTRIAL/INTELECTUAL;2017;2
Zaragoza;CONTRA LA PROPIEDAD INDUSTRIAL/INTELECTUAL;2016;3
Zaragoza;CONTRA LA PROPIEDAD INDUSTRIAL/INTELECTUAL;2015;2
Zaragoza;CONTRA LA PROPIEDAD INDUSTRIAL/INTELECTUAL;2014;2
Zaragoza;CONTRA LA PROPIEDAD INDUSTRIAL/INTELECTUAL;2013;4
Zaragoza;CONTRA LA PROPIEDAD INDUSTRIAL/INTELECTUAL;2012;4
Zaragoza;CONTRA LA PROPIEDAD INDUSTRIAL/INTELECTUAL;2011;2
Zaragoza;DELITOS SEXUALES;2024;24
Zaragoza;DELITOS SEXUALES;2023;39
Zaragoza;DELITOS SEXUALES;2022;36
Zaragoza;DELITOS SEXUALES;2021;38
Zaragoza;DELITOS SEXUALES;2020;22
Zaragoza;DELITOS SEXUALES;2019;28
Zaragoza;DELITOS SEXUALES;2018;22
Zaragoza;DELITOS SEXUALES;2017;25
Zaragoza;DELITOS SEXUALES;2016;23
Zaragoza;DELITOS SEXUALES;2015;24
Zaragoza;DELITOS SEXUALES;2014;24
Zaragoza;DELITOS SEXUALES;2013;16
Zaragoza;DELITOS SEXUALES;2012;19
Zaragoza;DELITOS SEXUALES;2011;29
Zaragoza;FALSIFICACIÓN INFORMÁTICA;2024;311
Zaragoza;FALSIFICACIÓN INFORMÁTICA;2023;261
Zaragoza;FALSIFICACIÓN INFORMÁTICA;2022;141
Zaragoza;FALSIFICACIÓN INFORMÁTICA;2021;201
Zaragoza;FALSIFICACIÓN INFORMÁTICA;2020;173
Zaragoza;FALSIFICACIÓN INFORMÁTICA;2019;70
Zaragoza;FALSIFICACIÓN INFORMÁTICA;2018;66
Zaragoza;FALSIFICACIÓN INFORMÁTICA;2017;36
Zaragoza;FALSIFICACIÓN INFORMÁTICA;2016;33
Zaragoza;FALSIFICACIÓN INFORMÁTICA;2015;36
Zaragoza;FALSIFICACIÓN INFORMÁTICA;2014;23
Zaragoza;FALSIFICACIÓN INFORMÁTICA;2013;33
Zaragoza;FALSIFICACIÓN INFORMÁTICA;2012;22
Zaragoza;FALSIFICACIÓN INFORMÁTICA;2011;39
Zaragoza;FRAUDE INFORMÁTICO;2024;7.946
Zaragoza;FRAUDE INFORMÁTICO;2023;7.861
Zaragoza;FRAUDE INFORMÁTICO;2022;6.568
Zaragoza;FRAUDE INFORMÁTICO;2021;5.621
Zaragoza;FRAUDE INFORMÁTICO;2020;5.407
Zaragoza;FRAUDE INFORMÁTICO;2019;3.618
Zaragoza;FRAUDE INFORMÁTICO;2018;2.511
Zaragoza;FRAUDE INFORMÁTICO;2017;1.466
Zaragoza;FRAUDE INFORMÁTICO;2016;1.114
Zaragoza;FRAUDE INFORMÁTICO;2015;1.120
Zaragoza;FRAUDE INFORMÁTICO;2014;1.169
Zaragoza;FRAUDE INFORMÁTICO;2013;754
Zaragoza;FRAUDE INFORMÁTICO;2012;827
Zaragoza;FRAUDE INFORMÁTICO;2011;509
Zaragoza;INTERFERENCIA EN LOS DATOS Y EN EL SISTEMA;2024;22
Zaragoza;INTERFERENCIA EN LOS DATOS Y EN EL SISTEMA;2023;43
Zaragoza;INTERFERENCIA EN LOS DATOS Y EN EL SISTEMA;2022;26
Zaragoza;INTERFERENCIA EN LOS DATOS Y EN EL SISTEMA;2021;45
Zaragoza;INTERFERENCIA EN LOS DATOS Y EN EL SISTEMA;2020;40
Zaragoza;INTERFERENCIA EN LOS DATOS Y EN EL SISTEMA;2019;62
Zaragoza;INTERFERENCIA EN LOS DATOS Y EN EL SISTEMA;2018;40
Zaragoza;INTERFERENCIA EN LOS DATOS Y EN EL SISTEMA;2017;57
Zaragoza;INTERFERENCIA EN LOS DATOS Y EN EL SISTEMA;2016;35
Zaragoza;INTERFERENCIA EN LOS DATOS Y EN EL SISTEMA;2015;36
Zaragoza;INTERFERENCIA EN LOS DATOS Y EN EL SISTEMA;2014;9
Zaragoza;INTERFERENCIA EN LOS DATOS Y EN EL SISTEMA;2013;10
Zaragoza;INTERFERENCIA EN LOS DATOS Y EN EL SISTEMA;2012;7
Zaragoza;INTERFERENCIA EN LOS DATOS Y EN EL SISTEMA;2011;3
Zaragoza;TOTAL grupo penal;2024;8.907
Zaragoza;TOTAL grupo penal;2023;8.783
Zaragoza;TOTAL grupo penal;2022;7.227
Zaragoza;TOTAL grupo penal;2021;6.463
Zaragoza;TOTAL grupo penal;2020;6.057
Zaragoza;TOTAL grupo penal;2019;4.099
Zaragoza;TOTAL grupo penal;2018;2.963
Zaragoza;TOTAL grupo penal;2017;1.894
Zaragoza;TOTAL grupo penal;2016;1.608
Zaragoza;TOTAL grupo penal;2015;1.546
Zaragoza;TOTAL grupo penal;2014;1.568
Zaragoza;TOTAL grupo penal;2013;1.187
Zaragoza;TOTAL grupo penal;2012;1.182
Zaragoza;TOTAL grupo penal;2011;956
Ceuta;ACCESO  E INTERCEPTACIÓN ILÍCITA;2024;21
Ceuta;ACCESO  E INTERCEPTACIÓN ILÍCITA;2023;12
Ceuta;ACCESO  E INTERCEPTACIÓN ILÍCITA;2022;19
Ceuta;ACCESO  E INTERCEPTACIÓN ILÍCITA;2021;17
Ceuta;ACCESO  E INTERCEPTACIÓN ILÍCITA;2020;15
Ceuta;ACCESO  E INTERCEPTACIÓN ILÍCITA;2019;12
Ceuta;ACCESO  E INTERCEPTACIÓN ILÍCITA;2018;4
Ceuta;ACCESO  E INTERCEPTACIÓN ILÍCITA;2017;16
Ceuta;ACCESO  E INTERCEPTACIÓN ILÍCITA;2016;20
Ceuta;ACCESO  E INTERCEPTACIÓN ILÍCITA;2015;11
Ceuta;ACCESO  E INTERCEPTACIÓN ILÍCITA;2014;9
Ceuta;ACCESO  E INTERCEPTACIÓN ILÍCITA;2013;10
Ceuta;ACCESO  E INTERCEPTACIÓN ILÍCITA;2012;10
Ceuta;ACCESO  E INTERCEPTACIÓN ILÍCITA;2011;0
Ceuta;AMENAZAS Y COACCIONES;2024;43
Ceuta;AMENAZAS Y COACCIONES;2023;33
Ceuta;AMENAZAS Y COACCIONES;2022;54
Ceuta;AMENAZAS Y COACCIONES;2021;57
Ceuta;AMENAZAS Y COACCIONES;2020;41
Ceuta;AMENAZAS Y COACCIONES;2019;37
Ceuta;AMENAZAS Y COACCIONES;2018;18
Ceuta;AMENAZAS Y COACCIONES;2017;22
Ceuta;AMENAZAS Y COACCIONES;2016;35
Ceuta;AMENAZAS Y COACCIONES;2015;19
Ceuta;AMENAZAS Y COACCIONES;2014;20
Ceuta;AMENAZAS Y COACCIONES;2013;24
Ceuta;AMENAZAS Y COACCIONES;2012;29
Ceuta;AMENAZAS Y COACCIONES;2011;23
Ceuta;CONTRA EL HONOR;2024;1
Ceuta;CONTRA EL HONOR;2023;8
Ceuta;CONTRA EL HONOR;2022;0
Ceuta;CONTRA EL HONOR;2021;7
Ceuta;CONTRA EL HONOR;2020;7
Ceuta;CONTRA EL HONOR;2019;6
Ceuta;CONTRA EL HONOR;2018;3
Ceuta;CONTRA EL HONOR;2017;6
Ceuta;CONTRA EL HONOR;2016;6
Ceuta;CONTRA EL HONOR;2015;7
Ceuta;CONTRA EL HONOR;2014;13
Ceuta;CONTRA EL HONOR;2013;4
Ceuta;CONTRA EL HONOR;2012;11
Ceuta;CONTRA EL HONOR;2011;15
Ceuta;CONTRA LA PROPIEDAD INDUSTRIAL/INTELECTUAL;2024;0
Ceuta;CONTRA LA PROPIEDAD INDUSTRIAL/INTELECTUAL;2023;0
Ceuta;CONTRA LA PROPIEDAD INDUSTRIAL/INTELECTUAL;2022;1
Ceuta;CONTRA LA PROPIEDAD INDUSTRIAL/INTELECTUAL;2021;1
Ceuta;CONTRA LA PROPIEDAD INDUSTRIAL/INTELECTUAL;2020;0
Ceuta;CONTRA LA PROPIEDAD INDUSTRIAL/INTELECTUAL;2019;0
Ceuta;CONTRA LA PROPIEDAD INDUSTRIAL/INTELECTUAL;2018;0
Ceuta;CONTRA LA PROPIEDAD INDUSTRIAL/INTELECTUAL;2017;0
Ceuta;CONTRA LA PROPIEDAD INDUSTRIAL/INTELECTUAL;2016;0
Ceuta;CONTRA LA PROPIEDAD INDUSTRIAL/INTELECTUAL;2015;0
Ceuta;CONTRA LA PROPIEDAD INDUSTRIAL/INTELECTUAL;2014;0
Ceuta;CONTRA LA PROPIEDAD INDUSTRIAL/INTELECTUAL;2013;0
Ceuta;CONTRA LA PROPIEDAD INDUSTRIAL/INTELECTUAL;2012;0
Ceuta;CONTRA LA PROPIEDAD INDUSTRIAL/INTELECTUAL;2011;0
Ceuta;DELITOS SEXUALES;2024;5
Ceuta;DELITOS SEXUALES;2023;4
Ceuta;DELITOS SEXUALES;2022;4
Ceuta;DELITOS SEXUALES;2021;2
Ceuta;DELITOS SEXUALES;2020;2
Ceuta;DELITOS SEXUALES;2019;2
Ceuta;DELITOS SEXUALES;2018;3
Ceuta;DELITOS SEXUALES;2017;1
Ceuta;DELITOS SEXUALES;2016;3
Ceuta;DELITOS SEXUALES;2015;0
Ceuta;DELITOS SEXUALES;2014;1
Ceuta;DELITOS SEXUALES;2013;3
Ceuta;DELITOS SEXUALES;2012;0
Ceuta;DELITOS SEXUALES;2011;0
Ceuta;FALSIFICACIÓN INFORMÁTICA;2024;22
Ceuta;FALSIFICACIÓN INFORMÁTICA;2023;19
Ceuta;FALSIFICACIÓN INFORMÁTICA;2022;20
Ceuta;FALSIFICACIÓN INFORMÁTICA;2021;20
Ceuta;FALSIFICACIÓN INFORMÁTICA;2020;10
Ceuta;FALSIFICACIÓN INFORMÁTICA;2019;5
Ceuta;FALSIFICACIÓN INFORMÁTICA;2018;3
Ceuta;FALSIFICACIÓN INFORMÁTICA;2017;1
Ceuta;FALSIFICACIÓN INFORMÁTICA;2016;10
Ceuta;FALSIFICACIÓN INFORMÁTICA;2015;2
Ceuta;FALSIFICACIÓN INFORMÁTICA;2014;8
Ceuta;FALSIFICACIÓN INFORMÁTICA;2013;9
Ceuta;FALSIFICACIÓN INFORMÁTICA;2012;6
Ceuta;FALSIFICACIÓN INFORMÁTICA;2011;3
Ceuta;FRAUDE INFORMÁTICO;2024;497
Ceuta;FRAUDE INFORMÁTICO;2023;514
Ceuta;FRAUDE INFORMÁTICO;2022;469
Ceuta;FRAUDE INFORMÁTICO;2021;402
Ceuta;FRAUDE INFORMÁTICO;2020;359
Ceuta;FRAUDE INFORMÁTICO;2019;324
Ceuta;FRAUDE INFORMÁTICO;2018;182
Ceuta;FRAUDE INFORMÁTICO;2017;72
Ceuta;FRAUDE INFORMÁTICO;2016;64
Ceuta;FRAUDE INFORMÁTICO;2015;62
Ceuta;FRAUDE INFORMÁTICO;2014;64
Ceuta;FRAUDE INFORMÁTICO;2013;32
Ceuta;FRAUDE INFORMÁTICO;2012;66
Ceuta;FRAUDE INFORMÁTICO;2011;63
Ceuta;INTERFERENCIA EN LOS DATOS Y EN EL SISTEMA;2024;3
Ceuta;INTERFERENCIA EN LOS DATOS Y EN EL SISTEMA;2023;2
Ceuta;INTERFERENCIA EN LOS DATOS Y EN EL SISTEMA;2022;0
Ceuta;INTERFERENCIA EN LOS DATOS Y EN EL SISTEMA;2021;10
Ceuta;INTERFERENCIA EN LOS DATOS Y EN EL SISTEMA;2020;2
Ceuta;INTERFERENCIA EN LOS DATOS Y EN EL SISTEMA;2019;3
Ceuta;INTERFERENCIA EN LOS DATOS Y EN EL SISTEMA;2018;0
Ceuta;INTERFERENCIA EN LOS DATOS Y EN EL SISTEMA;2017;0
Ceuta;INTERFERENCIA EN LOS DATOS Y EN EL SISTEMA;2016;1
Ceuta;INTERFERENCIA EN LOS DATOS Y EN EL SISTEMA;2015;0
Ceuta;INTERFERENCIA EN LOS DATOS Y EN EL SISTEMA;2014;0
Ceuta;INTERFERENCIA EN LOS DATOS Y EN EL SISTEMA;2013;1
Ceuta;INTERFERENCIA EN LOS DATOS Y EN EL SISTEMA;2012;1
Ceuta;INTERFERENCIA EN LOS DATOS Y EN EL SISTEMA;2011;0
Ceuta;TOTAL grupo penal;2024;592
Ceuta;TOTAL grupo penal;2023;592
Ceuta;TOTAL grupo penal;2022;567
Ceuta;TOTAL grupo penal;2021;516
Ceuta;TOTAL grupo penal;2020;436
Ceuta;TOTAL grupo penal;2019;389
Ceuta;TOTAL grupo penal;2018;213
Ceuta;TOTAL grupo penal;2017;118
Ceuta;TOTAL grupo penal;2016;139
Ceuta;TOTAL grupo penal;2015;101
Ceuta;TOTAL grupo penal;2014;115
Ceuta;TOTAL grupo penal;2013;83
Ceuta;TOTAL grupo penal;2012;123
Ceuta;TOTAL grupo penal;2011;104
Melilla;ACCESO  E INTERCEPTACIÓN ILÍCITA;2024;35
Melilla;ACCESO  E INTERCEPTACIÓN ILÍCITA;2023;12
Melilla;ACCESO  E INTERCEPTACIÓN ILÍCITA;2022;14
Melilla;ACCESO  E INTERCEPTACIÓN ILÍCITA;2021;12
Melilla;ACCESO  E INTERCEPTACIÓN ILÍCITA;2020;7
Melilla;ACCESO  E INTERCEPTACIÓN ILÍCITA;2019;7
Melilla;ACCESO  E INTERCEPTACIÓN ILÍCITA;2018;4
Melilla;ACCESO  E INTERCEPTACIÓN ILÍCITA;2017;0
Melilla;ACCESO  E INTERCEPTACIÓN ILÍCITA;2016;2
Melilla;ACCESO  E INTERCEPTACIÓN ILÍCITA;2015;4
Melilla;ACCESO  E INTERCEPTACIÓN ILÍCITA;2014;1
Melilla;ACCESO  E INTERCEPTACIÓN ILÍCITA;2013;1
Melilla;ACCESO  E INTERCEPTACIÓN ILÍCITA;2012;2
Melilla;ACCESO  E INTERCEPTACIÓN ILÍCITA;2011;0
Melilla;AMENAZAS Y COACCIONES;2024;38
Melilla;AMENAZAS Y COACCIONES;2023;34
Melilla;AMENAZAS Y COACCIONES;2022;41
Melilla;AMENAZAS Y COACCIONES;2021;45
Melilla;AMENAZAS Y COACCIONES;2020;39
Melilla;AMENAZAS Y COACCIONES;2019;26
Melilla;AMENAZAS Y COACCIONES;2018;33
Melilla;AMENAZAS Y COACCIONES;2017;24
Melilla;AMENAZAS Y COACCIONES;2016;28
Melilla;AMENAZAS Y COACCIONES;2015;28
Melilla;AMENAZAS Y COACCIONES;2014;15
Melilla;AMENAZAS Y COACCIONES;2013;12
Melilla;AMENAZAS Y COACCIONES;2012;12
Melilla;AMENAZAS Y COACCIONES;2011;13
Melilla;CONTRA EL HONOR;2024;10
Melilla;CONTRA EL HONOR;2023;16
Melilla;CONTRA EL HONOR;2022;12
Melilla;CONTRA EL HONOR;2021;11
Melilla;CONTRA EL HONOR;2020;8
Melilla;CONTRA EL HONOR;2019;8
Melilla;CONTRA EL HONOR;2018;11
Melilla;CONTRA EL HONOR;2017;4
Melilla;CONTRA EL HONOR;2016;7
Melilla;CONTRA EL HONOR;2015;3
Melilla;CONTRA EL HONOR;2014;14
Melilla;CONTRA EL HONOR;2013;3
Melilla;CONTRA EL HONOR;2012;0
Melilla;CONTRA EL HONOR;2011;2
Melilla;CONTRA LA PROPIEDAD INDUSTRIAL/INTELECTUAL;2024;0
Melilla;CONTRA LA PROPIEDAD INDUSTRIAL/INTELECTUAL;2023;0
Melilla;CONTRA LA PROPIEDAD INDUSTRIAL/INTELECTUAL;2022;0
Melilla;CONTRA LA PROPIEDAD INDUSTRIAL/INTELECTUAL;2021;0
Melilla;CONTRA LA PROPIEDAD INDUSTRIAL/INTELECTUAL;2020;0
Melilla;CONTRA LA PROPIEDAD INDUSTRIAL/INTELECTUAL;2019;1
Melilla;CONTRA LA PROPIEDAD INDUSTRIAL/INTELECTUAL;2018;0
Melilla;CONTRA LA PROPIEDAD INDUSTRIAL/INTELECTUAL;2017;0
Melilla;CONTRA LA PROPIEDAD INDUSTRIAL/INTELECTUAL;2016;0
Melilla;CONTRA LA PROPIEDAD INDUSTRIAL/INTELECTUAL;2015;0
Melilla;CONTRA LA PROPIEDAD INDUSTRIAL/INTELECTUAL;2014;1
Melilla;CONTRA LA PROPIEDAD INDUSTRIAL/INTELECTUAL;2013;0
Melilla;CONTRA LA PROPIEDAD INDUSTRIAL/INTELECTUAL;2012;0
Melilla;CONTRA LA PROPIEDAD INDUSTRIAL/INTELECTUAL;2011;0
Melilla;DELITOS SEXUALES;2024;4
Melilla;DELITOS SEXUALES;2023;2
Melilla;DELITOS SEXUALES;2022;0
Melilla;DELITOS SEXUALES;2021;1
Melilla;DELITOS SEXUALES;2020;3
Melilla;DELITOS SEXUALES;2019;1
Melilla;DELITOS SEXUALES;2018;1
Melilla;DELITOS SEXUALES;2017;3
Melilla;DELITOS SEXUALES;2016;2
Melilla;DELITOS SEXUALES;2015;2
Melilla;DELITOS SEXUALES;2014;1
Melilla;DELITOS SEXUALES;2013;1
Melilla;DELITOS SEXUALES;2012;0
Melilla;DELITOS SEXUALES;2011;2
Melilla;FALSIFICACIÓN INFORMÁTICA;2024;5
Melilla;FALSIFICACIÓN INFORMÁTICA;2023;7
Melilla;FALSIFICACIÓN INFORMÁTICA;2022;5
Melilla;FALSIFICACIÓN INFORMÁTICA;2021;15
Melilla;FALSIFICACIÓN INFORMÁTICA;2020;5
Melilla;FALSIFICACIÓN INFORMÁTICA;2019;2
Melilla;FALSIFICACIÓN INFORMÁTICA;2018;3
Melilla;FALSIFICACIÓN INFORMÁTICA;2017;5
Melilla;FALSIFICACIÓN INFORMÁTICA;2016;1
Melilla;FALSIFICACIÓN INFORMÁTICA;2015;2
Melilla;FALSIFICACIÓN INFORMÁTICA;2014;0
Melilla;FALSIFICACIÓN INFORMÁTICA;2013;3
Melilla;FALSIFICACIÓN INFORMÁTICA;2012;0
Melilla;FALSIFICACIÓN INFORMÁTICA;2011;0
Melilla;FRAUDE INFORMÁTICO;2024;458
Melilla;FRAUDE INFORMÁTICO;2023;409
Melilla;FRAUDE INFORMÁTICO;2022;329
Melilla;FRAUDE INFORMÁTICO;2021;348
Melilla;FRAUDE INFORMÁTICO;2020;351
Melilla;FRAUDE INFORMÁTICO;2019;241
Melilla;FRAUDE INFORMÁTICO;2018;176
Melilla;FRAUDE INFORMÁTICO;2017;32
Melilla;FRAUDE INFORMÁTICO;2016;29
Melilla;FRAUDE INFORMÁTICO;2015;30
Melilla;FRAUDE INFORMÁTICO;2014;37
Melilla;FRAUDE INFORMÁTICO;2013;20
Melilla;FRAUDE INFORMÁTICO;2012;12
Melilla;FRAUDE INFORMÁTICO;2011;22
Melilla;INTERFERENCIA EN LOS DATOS Y EN EL SISTEMA;2024;1
Melilla;INTERFERENCIA EN LOS DATOS Y EN EL SISTEMA;2023;1
Melilla;INTERFERENCIA EN LOS DATOS Y EN EL SISTEMA;2022;4
Melilla;INTERFERENCIA EN LOS DATOS Y EN EL SISTEMA;2021;3
Melilla;INTERFERENCIA EN LOS DATOS Y EN EL SISTEMA;2020;1
Melilla;INTERFERENCIA EN LOS DATOS Y EN EL SISTEMA;2019;1
Melilla;INTERFERENCIA EN LOS DATOS Y EN EL SISTEMA;2018;1
Melilla;INTERFERENCIA EN LOS DATOS Y EN EL SISTEMA;2017;0
Melilla;INTERFERENCIA EN LOS DATOS Y EN EL SISTEMA;2016;0
Melilla;INTERFERENCIA EN LOS DATOS Y EN EL SISTEMA;2015;2
Melilla;INTERFERENCIA EN LOS DATOS Y EN EL SISTEMA;2014;2
Melilla;INTERFERENCIA EN LOS DATOS Y EN EL SISTEMA;2013;0
Melilla;INTERFERENCIA EN LOS DATOS Y EN EL SISTEMA;2012;1
Melilla;INTERFERENCIA EN LOS DATOS Y EN EL SISTEMA;2011;0
Melilla;TOTAL grupo penal;2024;551
Melilla;TOTAL grupo penal;2023;481
Melilla;TOTAL grupo penal;2022;405
Melilla;TOTAL grupo penal;2021;435
Melilla;TOTAL grupo penal;2020;414
Melilla;TOTAL grupo penal;2019;287
Melilla;TOTAL grupo penal;2018;229
Melilla;TOTAL grupo penal;2017;68
Melilla;TOTAL grupo penal;2016;69
Melilla;TOTAL grupo penal;2015;71
Melilla;TOTAL grupo penal;2014;71
Melilla;TOTAL grupo penal;2013;40
Melilla;TOTAL grupo penal;2012;27
Melilla;TOTAL grupo penal;2011;39
En el extranjero;ACCESO  E INTERCEPTACIÓN ILÍCITA;2024;54
En el extranjero;ACCESO  E INTERCEPTACIÓN ILÍCITA;2023;82
En el extranjero;ACCESO  E INTERCEPTACIÓN ILÍCITA;2022;46
En el extranjero;ACCESO  E INTERCEPTACIÓN ILÍCITA;2021;38
En el extranjero;ACCESO  E INTERCEPTACIÓN ILÍCITA;2020;47
En el extranjero;ACCESO  E INTERCEPTACIÓN ILÍCITA;2019;62
En el extranjero;ACCESO  E INTERCEPTACIÓN ILÍCITA;2018;51
En el extranjero;ACCESO  E INTERCEPTACIÓN ILÍCITA;2017;59
En el extranjero;ACCESO  E INTERCEPTACIÓN ILÍCITA;2016;78
En el extranjero;ACCESO  E INTERCEPTACIÓN ILÍCITA;2015;90
En el extranjero;ACCESO  E INTERCEPTACIÓN ILÍCITA;2014;79
En el extranjero;ACCESO  E INTERCEPTACIÓN ILÍCITA;2013;67
En el extranjero;ACCESO  E INTERCEPTACIÓN ILÍCITA;2012;33
En el extranjero;ACCESO  E INTERCEPTACIÓN ILÍCITA;2011;28
En el extranjero;AMENAZAS Y COACCIONES;2024;80
En el extranjero;AMENAZAS Y COACCIONES;2023;150
En el extranjero;AMENAZAS Y COACCIONES;2022;73
En el extranjero;AMENAZAS Y COACCIONES;2021;123
En el extranjero;AMENAZAS Y COACCIONES;2020;115
En el extranjero;AMENAZAS Y COACCIONES;2019;142
En el extranjero;AMENAZAS Y COACCIONES;2018;128
En el extranjero;AMENAZAS Y COACCIONES;2017;117
En el extranjero;AMENAZAS Y COACCIONES;2016;170
En el extranjero;AMENAZAS Y COACCIONES;2015;152
En el extranjero;AMENAZAS Y COACCIONES;2014;92
En el extranjero;AMENAZAS Y COACCIONES;2013;61
En el extranjero;AMENAZAS Y COACCIONES;2012;49
En el extranjero;AMENAZAS Y COACCIONES;2011;51
En el extranjero;CONTRA EL HONOR;2024;2
En el extranjero;CONTRA EL HONOR;2023;3
En el extranjero;CONTRA EL HONOR;2022;1
En el extranjero;CONTRA EL HONOR;2021;4
En el extranjero;CONTRA EL HONOR;2020;4
En el extranjero;CONTRA EL HONOR;2019;6
En el extranjero;CONTRA EL HONOR;2018;8
En el extranjero;CONTRA EL HONOR;2017;3
En el extranjero;CONTRA EL HONOR;2016;6
En el extranjero;CONTRA EL HONOR;2015;8
En el extranjero;CONTRA EL HONOR;2014;12
En el extranjero;CONTRA EL HONOR;2013;9
En el extranjero;CONTRA EL HONOR;2012;5
En el extranjero;CONTRA EL HONOR;2011;6
En el extranjero;CONTRA LA PROPIEDAD INDUSTRIAL/INTELECTUAL;2024;0
En el extranjero;CONTRA LA PROPIEDAD INDUSTRIAL/INTELECTUAL;2023;0
En el extranjero;CONTRA LA PROPIEDAD INDUSTRIAL/INTELECTUAL;2022;0
En el extranjero;CONTRA LA PROPIEDAD INDUSTRIAL/INTELECTUAL;2021;1
En el extranjero;CONTRA LA PROPIEDAD INDUSTRIAL/INTELECTUAL;2020;1
En el extranjero;CONTRA LA PROPIEDAD INDUSTRIAL/INTELECTUAL;2019;3
En el extranjero;CONTRA LA PROPIEDAD INDUSTRIAL/INTELECTUAL;2018;2
En el extranjero;CONTRA LA PROPIEDAD INDUSTRIAL/INTELECTUAL;2017;2
En el extranjero;CONTRA LA PROPIEDAD INDUSTRIAL/INTELECTUAL;2016;2
En el extranjero;CONTRA LA PROPIEDAD INDUSTRIAL/INTELECTUAL;2015;4
En el extranjero;CONTRA LA PROPIEDAD INDUSTRIAL/INTELECTUAL;2014;3
En el extranjero;CONTRA LA PROPIEDAD INDUSTRIAL/INTELECTUAL;2013;2
En el extranjero;CONTRA LA PROPIEDAD INDUSTRIAL/INTELECTUAL;2012;1
En el extranjero;CONTRA LA PROPIEDAD INDUSTRIAL/INTELECTUAL;2011;3
En el extranjero;DELITOS SEXUALES;2024;11
En el extranjero;DELITOS SEXUALES;2023;12
En el extranjero;DELITOS SEXUALES;2022;7
En el extranjero;DELITOS SEXUALES;2021;11
En el extranjero;DELITOS SEXUALES;2020;12
En el extranjero;DELITOS SEXUALES;2019;17
En el extranjero;DELITOS SEXUALES;2018;13
En el extranjero;DELITOS SEXUALES;2017;17
En el extranjero;DELITOS SEXUALES;2016;7
En el extranjero;DELITOS SEXUALES;2015;6
En el extranjero;DELITOS SEXUALES;2014;17
En el extranjero;DELITOS SEXUALES;2013;6
En el extranjero;DELITOS SEXUALES;2012;6
En el extranjero;DELITOS SEXUALES;2011;13
En el extranjero;FALSIFICACIÓN INFORMÁTICA;2024;33
En el extranjero;FALSIFICACIÓN INFORMÁTICA;2023;52
En el extranjero;FALSIFICACIÓN INFORMÁTICA;2022;46
En el extranjero;FALSIFICACIÓN INFORMÁTICA;2021;44
En el extranjero;FALSIFICACIÓN INFORMÁTICA;2020;56
En el extranjero;FALSIFICACIÓN INFORMÁTICA;2019;36
En el extranjero;FALSIFICACIÓN INFORMÁTICA;2018;25
En el extranjero;FALSIFICACIÓN INFORMÁTICA;2017;22
En el extranjero;FALSIFICACIÓN INFORMÁTICA;2016;27
En el extranjero;FALSIFICACIÓN INFORMÁTICA;2015;21
En el extranjero;FALSIFICACIÓN INFORMÁTICA;2014;29
En el extranjero;FALSIFICACIÓN INFORMÁTICA;2013;16
En el extranjero;FALSIFICACIÓN INFORMÁTICA;2012;21
En el extranjero;FALSIFICACIÓN INFORMÁTICA;2011;13
En el extranjero;FRAUDE INFORMÁTICO;2024;3.300
En el extranjero;FRAUDE INFORMÁTICO;2023;4.393
En el extranjero;FRAUDE INFORMÁTICO;2022;5.451
En el extranjero;FRAUDE INFORMÁTICO;2021;4.011
En el extranjero;FRAUDE INFORMÁTICO;2020;5.469
En el extranjero;FRAUDE INFORMÁTICO;2019;5.812
En el extranjero;FRAUDE INFORMÁTICO;2018;3.822
En el extranjero;FRAUDE INFORMÁTICO;2017;6.102
En el extranjero;FRAUDE INFORMÁTICO;2016;4.064
En el extranjero;FRAUDE INFORMÁTICO;2015;4.316
En el extranjero;FRAUDE INFORMÁTICO;2014;4.625
En el extranjero;FRAUDE INFORMÁTICO;2013;3.922
En el extranjero;FRAUDE INFORMÁTICO;2012;3.963
En el extranjero;FRAUDE INFORMÁTICO;2011;3.502
En el extranjero;INTERFERENCIA EN LOS DATOS Y EN EL SISTEMA;2024;15
En el extranjero;INTERFERENCIA EN LOS DATOS Y EN EL SISTEMA;2023;12
En el extranjero;INTERFERENCIA EN LOS DATOS Y EN EL SISTEMA;2022;19
En el extranjero;INTERFERENCIA EN LOS DATOS Y EN EL SISTEMA;2021;23
En el extranjero;INTERFERENCIA EN LOS DATOS Y EN EL SISTEMA;2020;22
En el extranjero;INTERFERENCIA EN LOS DATOS Y EN EL SISTEMA;2019;27
En el extranjero;INTERFERENCIA EN LOS DATOS Y EN EL SISTEMA;2018;28
En el extranjero;INTERFERENCIA EN LOS DATOS Y EN EL SISTEMA;2017;34
En el extranjero;INTERFERENCIA EN LOS DATOS Y EN EL SISTEMA;2016;27
En el extranjero;INTERFERENCIA EN LOS DATOS Y EN EL SISTEMA;2015;21
En el extranjero;INTERFERENCIA EN LOS DATOS Y EN EL SISTEMA;2014;25
En el extranjero;INTERFERENCIA EN LOS DATOS Y EN EL SISTEMA;2013;17
En el extranjero;INTERFERENCIA EN LOS DATOS Y EN EL SISTEMA;2012;8
En el extranjero;INTERFERENCIA EN LOS DATOS Y EN EL SISTEMA;2011;7
En el extranjero;TOTAL grupo penal;2024;3.495
En el extranjero;TOTAL grupo penal;2023;4.704
En el extranjero;TOTAL grupo penal;2022;5.643
En el extranjero;TOTAL grupo penal;2021;4.255
En el extranjero;TOTAL grupo penal;2020;5.726
En el extranjero;TOTAL grupo penal;2019;6.105
En el extranjero;TOTAL grupo penal;2018;4.077
En el extranjero;TOTAL grupo penal;2017;6.356
En el extranjero;TOTAL grupo penal;2016;4.381
En el extranjero;TOTAL grupo penal;2015;4.618
En el extranjero;TOTAL grupo penal;2014;4.882
En el extranjero;TOTAL grupo penal;2013;4.100
En el extranjero;TOTAL grupo penal;2012;4.086
En el extranjero;TOTAL grupo penal;2011;3.623
Desconocida;ACCESO  E INTERCEPTACIÓN ILÍCITA;2024;0
Desconocida;ACCESO  E INTERCEPTACIÓN ILÍCITA;2023;0
Desconocida;ACCESO  E INTERCEPTACIÓN ILÍCITA;2022;0
Desconocida;ACCESO  E INTERCEPTACIÓN ILÍCITA;2021;0
Desconocida;ACCESO  E INTERCEPTACIÓN ILÍCITA;2020;0
Desconocida;ACCESO  E INTERCEPTACIÓN ILÍCITA;2019;0
Desconocida;ACCESO  E INTERCEPTACIÓN ILÍCITA;2018;0
Desconocida;ACCESO  E INTERCEPTACIÓN ILÍCITA;2017;0
Desconocida;ACCESO  E INTERCEPTACIÓN ILÍCITA;2016;0
Desconocida;ACCESO  E INTERCEPTACIÓN ILÍCITA;2015;0
Desconocida;ACCESO  E INTERCEPTACIÓN ILÍCITA;2014;0
Desconocida;ACCESO  E INTERCEPTACIÓN ILÍCITA;2013;0
Desconocida;ACCESO  E INTERCEPTACIÓN ILÍCITA;2012;0
Desconocida;ACCESO  E INTERCEPTACIÓN ILÍCITA;2011;0
Desconocida;AMENAZAS Y COACCIONES;2024;0
Desconocida;AMENAZAS Y COACCIONES;2023;0
Desconocida;AMENAZAS Y COACCIONES;2022;0
Desconocida;AMENAZAS Y COACCIONES;2021;0
Desconocida;AMENAZAS Y COACCIONES;2020;0
Desconocida;AMENAZAS Y COACCIONES;2019;0
Desconocida;AMENAZAS Y COACCIONES;2018;0
Desconocida;AMENAZAS Y COACCIONES;2017;0
Desconocida;AMENAZAS Y COACCIONES;2016;0
Desconocida;AMENAZAS Y COACCIONES;2015;0
Desconocida;AMENAZAS Y COACCIONES;2014;0
Desconocida;AMENAZAS Y COACCIONES;2013;0
Desconocida;AMENAZAS Y COACCIONES;2012;0
Desconocida;AMENAZAS Y COACCIONES;2011;1
Desconocida;CONTRA EL HONOR;2024;0
Desconocida;CONTRA EL HONOR;2023;0
Desconocida;CONTRA EL HONOR;2022;0
Desconocida;CONTRA EL HONOR;2021;0
Desconocida;CONTRA EL HONOR;2020;0
Desconocida;CONTRA EL HONOR;2019;0
Desconocida;CONTRA EL HONOR;2018;0
Desconocida;CONTRA EL HONOR;2017;0
Desconocida;CONTRA EL HONOR;2016;0
Desconocida;CONTRA EL HONOR;2015;0
Desconocida;CONTRA EL HONOR;2014;0
Desconocida;CONTRA EL HONOR;2013;0
Desconocida;CONTRA EL HONOR;2012;0
Desconocida;CONTRA EL HONOR;2011;2
Desconocida;CONTRA LA PROPIEDAD INDUSTRIAL/INTELECTUAL;2024;0
Desconocida;CONTRA LA PROPIEDAD INDUSTRIAL/INTELECTUAL;2023;0
Desconocida;CONTRA LA PROPIEDAD INDUSTRIAL/INTELECTUAL;2022;0
Desconocida;CONTRA LA PROPIEDAD INDUSTRIAL/INTELECTUAL;2021;0
Desconocida;CONTRA LA PROPIEDAD INDUSTRIAL/INTELECTUAL;2020;0
Desconocida;CONTRA LA PROPIEDAD INDUSTRIAL/INTELECTUAL;2019;0
Desconocida;CONTRA LA PROPIEDAD INDUSTRIAL/INTELECTUAL;2018;0
Desconocida;CONTRA LA PROPIEDAD INDUSTRIAL/INTELECTUAL;2017;0
Desconocida;CONTRA LA PROPIEDAD INDUSTRIAL/INTELECTUAL;2016;0
Desconocida;CONTRA LA PROPIEDAD INDUSTRIAL/INTELECTUAL;2015;0
Desconocida;CONTRA LA PROPIEDAD INDUSTRIAL/INTELECTUAL;2014;0
Desconocida;CONTRA LA PROPIEDAD INDUSTRIAL/INTELECTUAL;2013;0
Desconocida;CONTRA LA PROPIEDAD INDUSTRIAL/INTELECTUAL;2012;0
Desconocida;CONTRA LA PROPIEDAD INDUSTRIAL/INTELECTUAL;2011;0
Desconocida;DELITOS SEXUALES;2024;0
Desconocida;DELITOS SEXUALES;2023;0
Desconocida;DELITOS SEXUALES;2022;0
Desconocida;DELITOS SEXUALES;2021;0
Desconocida;DELITOS SEXUALES;2020;0
Desconocida;DELITOS SEXUALES;2019;0
Desconocida;DELITOS SEXUALES;2018;0
Desconocida;DELITOS SEXUALES;2017;0
Desconocida;DELITOS SEXUALES;2016;0
Desconocida;DELITOS SEXUALES;2015;0
Desconocida;DELITOS SEXUALES;2014;0
Desconocida;DELITOS SEXUALES;2013;0
Desconocida;DELITOS SEXUALES;2012;0
Desconocida;DELITOS SEXUALES;2011;1
Desconocida;FALSIFICACIÓN INFORMÁTICA;2024;0
Desconocida;FALSIFICACIÓN INFORMÁTICA;2023;0
Desconocida;FALSIFICACIÓN INFORMÁTICA;2022;0
Desconocida;FALSIFICACIÓN INFORMÁTICA;2021;0
Desconocida;FALSIFICACIÓN INFORMÁTICA;2020;0
Desconocida;FALSIFICACIÓN INFORMÁTICA;2019;0
Desconocida;FALSIFICACIÓN INFORMÁTICA;2018;0
Desconocida;FALSIFICACIÓN INFORMÁTICA;2017;0
Desconocida;FALSIFICACIÓN INFORMÁTICA;2016;0
Desconocida;FALSIFICACIÓN INFORMÁTICA;2015;0
Desconocida;FALSIFICACIÓN INFORMÁTICA;2014;0
Desconocida;FALSIFICACIÓN INFORMÁTICA;2013;0
Desconocida;FALSIFICACIÓN INFORMÁTICA;2012;0
Desconocida;FALSIFICACIÓN INFORMÁTICA;2011;1
Desconocida;FRAUDE INFORMÁTICO;2024;0
Desconocida;FRAUDE INFORMÁTICO;2023;0
Desconocida;FRAUDE INFORMÁTICO;2022;0
Desconocida;FRAUDE INFORMÁTICO;2021;0
Desconocida;FRAUDE INFORMÁTICO;2020;0
Desconocida;FRAUDE INFORMÁTICO;2019;0
Desconocida;FRAUDE INFORMÁTICO;2018;0
Desconocida;FRAUDE INFORMÁTICO;2017;0
Desconocida;FRAUDE INFORMÁTICO;2016;0
Desconocida;FRAUDE INFORMÁTICO;2015;0
Desconocida;FRAUDE INFORMÁTICO;2014;0
Desconocida;FRAUDE INFORMÁTICO;2013;0
Desconocida;FRAUDE INFORMÁTICO;2012;0
Desconocida;FRAUDE INFORMÁTICO;2011;13
Desconocida;INTERFERENCIA EN LOS DATOS Y EN EL SISTEMA;2024;0
Desconocida;INTERFERENCIA EN LOS DATOS Y EN EL SISTEMA;2023;0
Desconocida;INTERFERENCIA EN LOS DATOS Y EN EL SISTEMA;2022;0
Desconocida;INTERFERENCIA EN LOS DATOS Y EN EL SISTEMA;2021;0
Desconocida;INTERFERENCIA EN LOS DATOS Y EN EL SISTEMA;2020;0
Desconocida;INTERFERENCIA EN LOS DATOS Y EN EL SISTEMA;2019;0
Desconocida;INTERFERENCIA EN LOS DATOS Y EN EL SISTEMA;2018;0
Desconocida;INTERFERENCIA EN LOS DATOS Y EN EL SISTEMA;2017;0
Desconocida;INTERFERENCIA EN LOS DATOS Y EN EL SISTEMA;2016;0
Desconocida;INTERFERENCIA EN LOS DATOS Y EN EL SISTEMA;2015;0
Desconocida;INTERFERENCIA EN LOS DATOS Y EN EL SISTEMA;2014;0
Desconocida;INTERFERENCIA EN LOS DATOS Y EN EL SISTEMA;2013;0
Desconocida;INTERFERENCIA EN LOS DATOS Y EN EL SISTEMA;2012;0
Desconocida;INTERFERENCIA EN LOS DATOS Y EN EL SISTEMA;2011;1
Desconocida;TOTAL grupo penal;2024;0
Desconocida;TOTAL grupo penal;2023;0
Desconocida;TOTAL grupo penal;2022;0
Desconocida;TOTAL grupo penal;2021;0
Desconocida;TOTAL grupo penal;2020;0
Desconocida;TOTAL grupo penal;2019;0
Desconocida;TOTAL grupo penal;2018;0
Desconocida;TOTAL grupo penal;2017;0
Desconocida;TOTAL grupo penal;2016;0
Desconocida;TOTAL grupo penal;2015;0
Desconocida;TOTAL grupo penal;2014;0
Desconocida;TOTAL grupo penal;2013;0
Desconocida;TOTAL grupo penal;2012;0
Desconocida;TOTAL grupo penal;2011;19
